cur_n,cur_mean,cur_std,cur_S,next_n,next_mean,next_std,next_S
20201000.0,-0.02330138403977292,0.07352116100221141,109193.69988639958,20201000.0,-0.023256713990266593,0.07010076909037928,99270.09422449308
20201000.0,-0.023816382083198688,0.08165724684530712,134698.36834554185,20201000.0,-0.023783135528558343,0.07669867823756774,118836.16500372032
20201000.0,-0.033093031999454514,0.12220511376045458,301683.5486397832,20201000.0,-0.03301374050941641,0.11550685449379441,269518.3772214571
20201000.0,0.032356744900573,0.13518999381099808,369200.2317521041,20201000.0,0.03257513040637363,0.12447304248524962,312984.9673101076
20201000.0,0.03224444276703985,0.14164454396775897,405296.23526069074,20201000.0,0.03247105244471364,0.12833153480712395,332689.92206705763
20201000.0,0.04881746005324832,0.20781041228744335,872383.5677600141,20201000.0,0.04915602863715,0.18841745561060833,717158.480228845
