cur_n,cur_mean,cur_std,cur_S,next_n,next_mean,next_std,next_S
8351000.0,-0.023642232018735103,0.07482018418491067,46749.3987381855,8351000.0,-0.023600338565895638,0.07122366172463757,42363.036222027244
8351000.0,-0.02488658153930685,0.08480994188828246,60066.45685607672,8351000.0,-0.024854244507960796,0.07944270413421263,52704.357198543126
8351000.0,-0.033942487333034045,0.12551053341816065,131552.41778490765,8351000.0,-0.03386306582226082,0.1183370749057736,116944.59219537376
8351000.0,0.032599317906789854,0.13874348420377822,160754.69906959284,8351000.0,0.03282000750743056,0.12793098123211413,136675.27159370534
8351000.0,0.032243022390237304,0.14682415926486433,180025.29409475983,8351000.0,0.032482651662604826,0.1330471695414251,147825.63839624534
8351000.0,0.04860355413566799,0.21387763728998477,382005.16881216416,8351000.0,0.0489501115050861,0.1938870718360938,313932.434016833
