cur_n,cur_mean,cur_std,cur_S,next_n,next_mean,next_std,next_S
6101000.0,-0.017690062191212514,0.06509094610577637,25848.90754742996,6101000.0,-0.017642901193790323,0.06144259836928025,23032.451848543322
6101000.0,-0.018630076533515536,0.08012918094199489,39172.60308009167,6101000.0,-0.018589041767490478,0.07397766845975484,33388.91482295332
6101000.0,-0.023985668594768358,0.10433548970259404,66414.84180444015,6101000.0,-0.02391967160800885,0.09832342036262771,58981.38694500837
6101000.0,0.03248858399768509,0.15108487384739283,139265.3251825494,6101000.0,0.03270233757487702,0.1418901916972551,122830.37447579109
6101000.0,0.03207030203157558,0.15629966859192793,149044.90663827563,6101000.0,0.03229912874231592,0.14267745158999523,124197.17352770636
6101000.0,0.04899346025617297,0.22407363599595215,306325.0745198719,6101000.0,0.04932286834657519,0.2087676668340541,265905.61010225647
