cur_n,cur_mean,cur_std,cur_S,next_n,next_mean,next_std,next_S
32451000.0,-0.02349974140217129,0.07352537541732533,175429.48392272275,32451000.0,-0.02345618021966447,0.07017295682275157,159796.63780095894
32451000.0,-0.023772541635129537,0.08033919163667563,209451.27076719207,32451000.0,-0.02373496719471481,0.07568112166674787,185867.39176729546
32451000.0,-0.03299460201082404,0.12124083416078443,477008.27805655997,32451000.0,-0.03291114939345114,0.11485375875223727,428073.6638252301
32451000.0,0.03220436135101789,0.13332185544176933,576807.3458593878,32451000.0,0.03242286065453004,0.12256414144990516,487477.9085342534
32451000.0,0.03228185365534779,0.13885604373969668,625687.759655549,32451000.0,0.0325032632932199,0.12585052218056464,513970.4234837029
32451000.0,0.04883617252773958,0.2046641137380279,1359287.9996224472,32451000.0,0.04918413543452746,0.18552046965294403,1116893.4770697379
