cur_n,cur_mean,cur_std,cur_S,next_n,next_mean,next_std,next_S
1551000.0,-0.006812972216139651,0.09904541810612548,15215.302008964492,1551000.0,-0.011335578560478333,0.1030140351880948,16459.043632333483
1551000.0,-0.01773711151645795,0.17226980608384992,46028.85032274742,1551000.0,-0.0203457107212192,0.16771973984791835,43629.49216984744
1551000.0,3.796112411318235e-05,0.02347983920482661,855.0707189300792,1551000.0,4.5739941542679716e-05,0.02231323675984587,772.2127093211534
1551000.0,-0.0011729598449967836,0.2695991283140739,112732.40317093588,1551000.0,0.0016215998664227073,0.2715454497457766,114365.98041161356
1551000.0,-0.002101871051821226,0.4543131981047511,320127.14753883076,1551000.0,-0.003661216112364986,0.4470460205729028,309967.57413511584
1551000.0,0.00019997023819931268,0.08667083334673,11650.853530528815,1551000.0,0.0005769806126693112,0.0862745425409309,11544.553167193339
