cur_n,cur_mean,cur_std,cur_S,next_n,next_mean,next_std,next_S
32801000.0,-0.023494974478012163,0.07349785769282659,177188.8727373531,32801000.0,-0.023451657931190396,0.07014603712017205,161396.22244272105
32801000.0,-0.0237770379896098,0.08033370857741054,211681.4087733844,32801000.0,-0.023739301828122575,0.07567927590064215,187862.89922053379
32801000.0,-0.03296696025868737,0.12118327811362486,481695.3755220385,32801000.0,-0.032884211227470615,0.1148063192110905,432333.2830211317
32801000.0,0.03220213979941051,0.1332885571303059,582737.3001890872,32801000.0,0.032420269830360594,0.12253424714360156,492495.2631577377
32801000.0,0.032296272562224435,0.13887656946373195,632623.0974108303,32801000.0,0.03251786241392469,0.12587471834759595,519713.6312307597
32801000.0,0.048831714754083815,0.20462165945886218,1373378.6414696325,32801000.0,0.0491796537817993,0.1854976404768805,1128661.896992295
