cur_n,cur_mean,cur_std,cur_S,next_n,next_mean,next_std,next_S
2651000.0,-0.015922645667193067,0.1184816310472024,37214.4646702499,2651000.0,-0.015292112745742523,0.11983800110605566,38071.39939561084
2651000.0,0.0028041472763979734,0.11695187618662878,36259.69230181082,2651000.0,0.003387453428288855,0.11672312352242498,36117.98633436772
2651000.0,0.00474079359163238,0.04851247405885091,6239.022829312618,2651000.0,0.005011070182870715,0.046964106414212094,5847.117949197695
2651000.0,0.004767116800059326,0.18469605302847786,90432.58744339482,2651000.0,0.004772870834128412,0.1806681278354656,86531.21787368174
2651000.0,0.002091924749150906,0.20665389848958438,113213.16530026107,2651000.0,0.0021302555482914766,0.20288821438279783,109124.7765964518
2651000.0,0.0001924462766582292,0.06590649121539939,11515.057464046948,2651000.0,0.0002026701986282089,0.06261357902848233,10393.140198982162
