cur_n,cur_mean,cur_std,cur_S,next_n,next_mean,next_std,next_S
951000.0,-0.028782026276398375,0.09061157092583182,7808.144403150343,951000.0,-0.02875344177028464,0.08639052169882351,7097.619449664545
951000.0,-0.033745361484045264,0.1039088661687068,10267.996897511377,951000.0,-0.03374708462782172,0.09770678356355242,9078.831392172468
951000.0,-0.0451994037143658,0.15146389593592952,21817.187495257673,951000.0,-0.04512497022275271,0.14315406176765247,19488.924215948595
951000.0,0.03261404791369498,0.15259759457300467,22145.010601863218,951000.0,0.03282203975696516,0.14108407573652307,18929.385321533955
951000.0,0.03212725866883721,0.16926672559787478,27247.314399289557,951000.0,0.03234107238786785,0.15436273594360253,22660.289389842637
951000.0,0.04804906012302657,0.24147320955990845,55452.15469934045,951000.0,0.04841333749605311,0.2196307428906033,45874.017724767065
