cur_n,cur_mean,cur_std,cur_S,next_n,next_mean,next_std,next_S
30551000.0,-0.023475365242422486,0.07350364257031934,165060.49892773683,30551000.0,-0.023431998309038356,0.07014799501863613,150333.56455806716
30551000.0,-0.023768573342200276,0.08047110136870049,197835.99924842597,30551000.0,-0.023730709331478594,0.07578897552502992,175483.99114894212
30551000.0,-0.03310874024335047,0.12151663678566524,451125.017922629,30551000.0,-0.03302436332596929,0.11508852558666702,404659.2598170511
30551000.0,0.03218164294608005,0.13332861942219384,543090.4856479688,30551000.0,0.03240087690784431,0.12256377525462676,458933.4254715711
30551000.0,0.03227417721105938,0.13902562494529647,590493.5282825852,30551000.0,0.032497923674047725,0.12598906218218386,484943.47101442574
30551000.0,0.04885198323348731,0.20496428930466848,1283458.5050045175,30551000.0,0.049199953755677595,0.18576198455513993,1054239.0878890522
