cur_n,cur_mean,cur_std,cur_S,next_n,next_mean,next_std,next_S
10251000.0,-0.02343660916191659,0.07424611952288661,56508.49669438354,10251000.0,-0.023392349042699573,0.07068577785727284,51218.90818989045
10251000.0,-0.0245351389311299,0.0838432552394407,72061.36704519563,10251000.0,-0.02450056556250855,0.07855692323025579,63260.87061108148
10251000.0,-0.033700653691541384,0.12482439707410845,159722.1647054805,10251000.0,-0.03361912707644242,0.11767799251276458,141956.97480872314
10251000.0,0.03247475812645991,0.1379509634904685,195081.33082980086,10251000.0,0.032694093476094685,0.12719621757202154,165849.6759652123
10251000.0,0.03224119957051123,0.14563523177023344,217419.82213162124,10251000.0,0.032473797244708696,0.13197687301388544,178550.84175287373
10251000.0,0.04869959568693139,0.21305036480143022,465297.58436367265,10251000.0,0.04904146470040217,0.19304178769640137,382004.8660512776
