cur_n,cur_mean,cur_std,cur_S,next_n,next_mean,next_std,next_S
27351000.0,-0.023379201330036375,0.07347297249372205,147648.2930188666,27351000.0,-0.02333557821111728,0.07010407006044744,134418.6950583864
27351000.0,-0.0236916676082167,0.08067027237606327,177991.90700983748,27351000.0,-0.023655156787493747,0.07591853167991724,157640.8650475387
27351000.0,-0.03302941269590645,0.12157660233124545,404271.5817813424,27351000.0,-0.03294667982050436,0.11506885525231682,362150.2544737499
27351000.0,0.032228777723902105,0.13384756063107403,489997.8006359021,27351000.0,0.032446846571208006,0.12310478237336334,414498.59135877586
27351000.0,0.032252009130183903,0.13963140976404903,533260.5486408218,27351000.0,0.032476244732323266,0.12652980020086396,437883.7755584486
27351000.0,0.04875036224534985,0.20553877429469997,1155475.480837563,27351000.0,0.049089753031225966,0.18629603926784227,949249.6658665636
