cur_n,cur_mean,cur_std,cur_S,next_n,next_mean,next_std,next_S
33051000.0,-0.02349224048912828,0.07348722240672594,178487.69024754473,33051000.0,-0.023449164369783546,0.07013584750677737,162579.09537367985
33051000.0,-0.02378477418064115,0.08034230456777734,213340.4339886957,33051000.0,-0.023746362139776628,0.07569081143477163,189352.44892230554
33051000.0,-0.03294170081169518,0.12112633958239248,484910.7257379311,33051000.0,-0.03285855696611212,0.11475608579249236,435247.27139220474
33051000.0,0.032201470882867164,0.1332866781907528,587162.2055108743,33051000.0,0.03242003007895548,0.122535347544801,496257.83661282476
33051000.0,0.03231477875930064,0.13891126523532893,637763.32042631,33051000.0,0.03253704952642416,0.12591816991208635,524036.34662351315
33051000.0,0.04882239252513624,0.20457973274244076,1383279.1088354574,33051000.0,0.0491699785834033,0.18546635991331828,1136880.7180670192
