cur_n,cur_mean,cur_std,cur_S,next_n,next_mean,next_std,next_S
2101000.0,-0.02597214712040395,0.08146343617358248,13942.848301168637,2101000.0,-0.0259540129963395,0.07751452598159722,12623.862151856743
2101000.0,-0.028920069662186427,0.09411897203175511,18611.458263156343,2101000.0,-0.02891021437567191,0.0882072103332448,16346.855616978679
2101000.0,-0.038662982642748166,0.13742764189549764,39680.23554636695,2101000.0,-0.038594688751040586,0.12953911038840213,35255.58073357934
2101000.0,0.03245038680451764,0.1444717548005449,43852.25675174756,2101000.0,0.032664201522074686,0.13328805145733286,37325.745493375776
2101000.0,0.032264495009155986,0.15784186432648292,52344.42773565973,2101000.0,0.03249533486708782,0.14341234845415723,43211.48064887603
2101000.0,0.04863989156585369,0.2279649479080703,109184.80471440604,2101000.0,0.04897245427187411,0.20679521465611933,89847.71195061265
