cur_n,cur_mean,cur_std,cur_S,next_n,next_mean,next_std,next_S
29501000.0,-0.023460247962200656,0.07352464845028489,159478.68680120018,29501000.0,-0.02341645358619423,0.0701638737405333,145232.5137283645
29501000.0,-0.02375567040549032,0.08054511352113339,191388.18922321397,29501000.0,-0.023718986285841306,0.07584140665557189,169687.36134209027
29501000.0,-0.033126837164730666,0.12161253221860133,436308.2253902928,29501000.0,-0.033040597420185426,0.11515978412455004,391235.65022446215
29501000.0,0.032196079600273216,0.13348578754487983,525662.255011542,29501000.0,0.03241528243630375,0.12271748978309627,444272.7373928966
29501000.0,0.032265042663139114,0.13918165341511654,571479.5846299331,29501000.0,0.03248900034442045,0.1261223122029352,469267.6170823678
29501000.0,0.0488456806911117,0.20518240601325394,1241986.782072677,29501000.0,0.04919113196876924,0.18595055804279015,1020074.073684576
