cur_n,cur_mean,cur_std,cur_S,next_n,next_mean,next_std,next_S
8701000.0,-0.0035641840944384525,0.08243410322808889,59126.6133440422,8701000.0,-0.008091455371297742,0.08647555820392029,65066.27087227925
8701000.0,-0.022960999035960758,0.156771822378513,213847.99474364816,8701000.0,-0.02557136179499445,0.1521906026116297,201532.38383215488
8701000.0,-2.3100411547432762e-05,0.022041280525010233,4227.102828532283,8701000.0,-2.104879976850072e-05,0.020808312733138056,3767.4101314394557
8701000.0,-0.0014044212880067876,0.22916489456852446,456946.49200154806,8701000.0,0.0013866513554512743,0.2310526490423362,464505.727003114
8701000.0,-0.00218946007445687,0.4400812010239039,1685135.4038668775,8701000.0,-0.0037498936693978434,0.4327786933557288,1629674.6549748427
8701000.0,-8.641008812092708e-05,0.0860909456172741,64488.77463122235,8701000.0,0.0002905872486721389,0.08569310622146273,63894.12685723507
