cur_n,cur_mean,cur_std,cur_S,next_n,next_mean,next_std,next_S
14351000.0,-0.0235026497626148,0.07402619600965228,78641.72481040891,14351000.0,-0.02345908901149318,0.07052630013651721,71381.2857660876
14351000.0,-0.024289791210286293,0.08287698287212811,98571.19665560365,14351000.0,-0.02425627397361161,0.07770396830664902,86649.99891681087
14351000.0,-0.03347102734664499,0.12376437776501283,219823.18189230107,14351000.0,-0.033397173732500694,0.11675290638963151,195621.94174976437
14351000.0,0.03242313832214291,0.13644544972975287,267177.74415129924,14351000.0,0.032645145590896756,0.12565533656656888,226591.7220334957
14351000.0,0.03215644176127909,0.14349479626124048,295497.947307242,14351000.0,0.03239273558898557,0.12987942751892895,242082.2213551444
14351000.0,0.04855816056681317,0.21003867382252164,633112.2248356254,14351000.0,0.04891125776233699,0.19017734461327646,519038.67892205575
