cur_n,cur_mean,cur_std,cur_S,next_n,next_mean,next_std,next_S
1101000.0,-0.008191936149654494,0.10578797670215555,12321.396712224121,1101000.0,-0.012708503995208271,0.10983224028405877,13281.49622740256
1101000.0,-0.015384132983311937,0.17878528286993686,35192.559285342555,1101000.0,-0.01799614299705978,0.1742907244110496,33445.359533917006
1101000.0,5.7034011476782676e-05,0.02348901973196087,607.4591868132602,1101000.0,6.722159445743209e-05,0.022328984082449863,548.9404666998837
1101000.0,-0.000871933336295094,0.28800579625911715,91325.01988541173,1101000.0,0.0019242979458613642,0.28997941199011495,92580.95337532426
1101000.0,-0.0022728121603736513,0.461383027151139,234374.60181520667,1101000.0,-0.0038313589502570566,0.4541641569696246,227097.8547049987
1101000.0,0.00032041995599133287,0.08666796043485138,8269.980237896598,1101000.0,0.0006974380040214633,0.08627118320867698,8194.431474499845
