cur_n,cur_mean,cur_std,cur_S,next_n,next_mean,next_std,next_S
4051000.0,-0.004388728557627213,0.08699915341389448,30661.422266368845,4051000.0,-0.008913344616937692,0.09102318813376864,33563.42937182156
4051000.0,-0.02151723676299896,0.16055127993418425,104421.46634193292,4051000.0,-0.024128236148405126,0.15598902573264586,98571.26597968025
4051000.0,-3.645449479934878e-05,0.02258074899014854,2065.5653012971384,4051000.0,-2.8757938341811498e-05,0.021363732405534932,1848.913111358274
4051000.0,-0.0012721059273484703,0.24014190727571538,233613.61743720408,4051000.0,0.0015199164537998374,0.2420375368095188,237316.36752974248
4051000.0,-0.0022214464223453694,0.4436451912022467,797322.0965470329,4051000.0,-0.0037816095043094787,0.4363554160344873,771334.9049147562
4051000.0,0.00019584511900672184,0.08632958428422029,30191.28114400218,4051000.0,0.000572845365529765,0.08593110433142337,29913.21065574439
