cur_n,cur_mean,cur_std,cur_S,next_n,next_mean,next_std,next_S
4551000.0,-0.017552307984724114,0.065056909024428,19261.658825159604,4551000.0,-0.017506161305740533,0.06139683142089726,17155.317204702176
4551000.0,-0.018420460604787012,0.08019594887025171,29269.25686937532,4551000.0,-0.01837578455349964,0.07398907719830822,24913.919511734974
4551000.0,-0.024348521994046246,0.10549378895242513,50647.80369880915,4551000.0,-0.024294701011359915,0.09935904534299222,44928.47272608354
4551000.0,0.0324233261714689,0.1512832754001861,104157.05047134473,4551000.0,0.03262873740930982,0.14206313206231463,91847.97931915501
4551000.0,0.031919159708573744,0.15652270038597013,111496.56795506472,4551000.0,0.03214340089176116,0.1427554893904487,92745.41949728572
4551000.0,0.04931554225231475,0.2257795701532439,231993.6614728539,4551000.0,0.04965307849762845,0.2103319470402292,201334.09168103442
