cur_n,cur_mean,cur_std,cur_S,next_n,next_mean,next_std,next_S
18351000.0,-0.023413416671276503,0.07373633181110564,99775.24268799853,18351000.0,-0.023370463443848584,0.07029425303134448,90677.46615146566
18351000.0,-0.023962222596246033,0.08201180973533426,123427.66871372271,18351000.0,-0.023931068823726774,0.07698150969389161,108750.83067051061
18351000.0,-0.033212965262993964,0.12265017050969354,276055.27344747016,18351000.0,-0.03313219004848851,0.1158640068196429,246352.4136682227
18351000.0,0.03237863097018854,0.13543452166765033,336603.3947586446,18351000.0,0.03259766852986492,0.12469871786445332,285353.833619894
18351000.0,0.03216968629445859,0.1419641974292738,369842.99583774083,18351000.0,0.03239809607824853,0.12853468375040364,303179.8975720055
18351000.0,0.04872126692196468,0.20823474617540574,795730.7313049141,18351000.0,0.04906104581379324,0.18866434361592951,653189.7982642939
