cur_n,cur_mean,cur_std,cur_S,next_n,next_mean,next_std,next_S
9051000.0,-0.023481325192206543,0.07440571565943098,50108.24144179122,9051000.0,-0.023437583621901566,0.0708271527926124,45404.21091858068
9051000.0,-0.024746301469830694,0.08442236757410213,64507.709264838944,9051000.0,-0.024711835325349596,0.07908255543743473,56605.4117499347
9051000.0,-0.03373589137538084,0.12494448985713916,141296.29731377546,9051000.0,-0.03365326963675376,0.11778725986316396,125572.11304254233
9051000.0,0.032444997741977746,0.1381990222033318,172864.77509824876,9051000.0,0.0326686019784549,0.12744317987453563,147004.2068377224
9051000.0,0.03226339529245558,0.14646240770590507,194155.14491951838,9051000.0,0.032498860994515495,0.13272366854104986,159438.54390069094
9051000.0,0.04854966064983993,0.2132943913227026,411770.6956933555,9051000.0,0.04889296539300291,0.19332324512088103,338270.96166892175
