cur_n,cur_mean,cur_std,cur_S,next_n,next_mean,next_std,next_S
2251000.0,-0.017703294238454625,0.065528627804812,9665.796390520538,2251000.0,-0.017654908194796082,0.061809408354654136,8599.727065554027
2251000.0,-0.018709262107115827,0.08170454141590976,15026.847830052238,2251000.0,-0.018666640700887676,0.07531762902152415,12769.349538445285
2251000.0,-0.024887866728414983,0.10669667005031232,25625.787829006553,2251000.0,-0.024851670302919453,0.10032486023973818,22656.489637358867
2251000.0,0.03237354323017508,0.15088057449099418,51243.897404906726,2251000.0,0.0325791488090782,0.14160766467732175,45138.69679526616
2251000.0,0.031999466283076816,0.15792486477760476,56140.5318217207,2251000.0,0.0322510908394509,0.1437766732993013,46532.068248066564
2251000.0,0.04895621751735313,0.2250255722659749,113982.77989883999,2251000.0,0.049284244167695807,0.2090555001834423,98378.15905529275
