cur_n,cur_mean,cur_std,cur_S,next_n,next_mean,next_std,next_S
25851000.0,-0.023301855621093857,0.07341098495644016,139315.50378501284,25851000.0,-0.023258040057283418,0.07003818753260564,126808.14372494831
25851000.0,-0.02367472743926698,0.08084712388062454,168968.7910754697,25851000.0,-0.02363876428799166,0.07605576372660687,149534.57169676412
25851000.0,-0.0329812834068243,0.12157651186793059,382099.70779984177,25851000.0,-0.03290079261806333,0.11503128680463313,342065.5231975283
25851000.0,0.03225621619596612,0.13416118740075542,465297.94491778367,25851000.0,0.03247568006859977,0.12345668136171323,394009.36522028304
25851000.0,0.0322907790661107,0.14015531942452955,507804.4691169038,25851000.0,0.03251610766868553,0.12702615335451975,417122.5236354243
25851000.0,0.04873590451379659,0.20600004100284675,1097013.472705455,25851000.0,0.0490772760998327,0.18676408709794523,901704.1871575508
