cur_n,cur_mean,cur_std,cur_S,next_n,next_mean,next_std,next_S
3251000.0,-0.017509686632637605,0.06503815016444488,13751.603135618676,3251000.0,-0.01746209303759389,0.061348385546162544,12235.542954051087
3251000.0,-0.018360858323799117,0.08035895229549972,20993.53150681283,3251000.0,-0.018312755558683325,0.07412069710643485,17860.596531257084
3251000.0,-0.024565009081204316,0.10597225448993067,36509.115964177225,3251000.0,-0.02452308066460053,0.09970669968085795,32319.575800019844
3251000.0,0.03222648696374029,0.15082877706669837,73958.03929215777,3251000.0,0.032436609615684536,0.1415916635845969,65176.69558832107
3251000.0,0.03179022093308753,0.15639510280515828,79517.60101784853,3251000.0,0.03202151681677101,0.14259427440491454,66102.99617955126
3251000.0,0.04915372217308755,0.2257498051954548,165680.6302483496,3251000.0,0.04949357928315026,0.20997124940998907,143329.84605665226
