cur_n,cur_mean,cur_std,cur_S,next_n,next_mean,next_std,next_S
1551000.0,-0.01800368645319091,0.06642972867051768,6844.421628271066,1551000.0,-0.01793627658251357,0.06270308506307598,6098.030835338806
1551000.0,-0.01936702457995152,0.08306915491104593,10702.65145583242,1551000.0,-0.01932470081607617,0.07663280387393093,9108.381862479142
1551000.0,-0.024797887868217617,0.10637105693656317,17549.257520146224,1551000.0,-0.0247662682580879,0.0999371564735582,15490.512063475728
1551000.0,0.03271963215782473,0.15193090764603465,35801.7340828274,1551000.0,0.032921669574214135,0.1425985161436526,31538.556386682274
1551000.0,0.032486894211051984,0.15973114841087951,39572.2756873932,1551000.0,0.03273554043368983,0.14547251724487464,32822.654827292106
1551000.0,0.048172540965063404,0.22275797970159406,76962.35327466122,1551000.0,0.048465838708945726,0.20661935767330689,66214.6079552267
