cur_n,cur_mean,cur_std,cur_S,next_n,next_mean,next_std,next_S
1201000.0,-0.0029898708401266986,0.10721576890663358,13805.760543791026,1201000.0,-0.0024183803209106,0.10785644151167081,13971.247382648122
1201000.0,0.0005963776440571985,0.10675995710941948,13688.623818848107,1201000.0,0.0011441609715088126,0.10646609231501336,13613.369604207564
1201000.0,0.004183698401810497,0.04872230533453226,2851.00950757078,1201000.0,0.004476456903111825,0.04715984964423299,2671.085753578462
1201000.0,0.0034789443915368176,0.1944087140709296,45391.492476161664,1201000.0,0.0035350830009685686,0.19045852561768217,43565.61442653402
1201000.0,-0.000620040643936352,0.21788259404954993,57014.86257250292,1201000.0,-0.0005537069725859862,0.2143713446896679,55192.04318229174
1201000.0,0.0005501695422739011,0.06735852479680524,5449.142206224994,1201000.0,0.0005936274793525018,0.06391444568564005,4906.15269713046
