cur_n,cur_mean,cur_std,cur_S,next_n,next_mean,next_std,next_S
5351000.0,-0.025506879370765033,0.13022188502703363,90740.86320830772,5351000.0,-0.02485994149892969,0.13162410529953447,92705.56716817663
5351000.0,-0.0027063977288841207,0.09744474561567923,50810.30517580684,5351000.0,-0.002211065499893788,0.09779029274576329,51171.29919222144
5351000.0,0.0033572657107161347,0.05259730451595975,14803.415442985955,5351000.0,0.003608668742963379,0.05179100950246688,14353.033667937974
5351000.0,0.006803963165083333,0.1884343156959979,190000.58611656347,5351000.0,0.006855196020296839,0.1844173792580206,181986.27805209425
5351000.0,-0.0009521419432714233,0.22334811183438819,266931.3123499871,5351000.0,-0.0009132313614518103,0.22012635141460055,259285.97225159462
5351000.0,-2.893812429784668e-05,0.06510623099652321,22681.93285427819,5351000.0,-1.271155662794906e-05,0.06211191713468226,20643.5707285293
