cur_n,cur_mean,cur_std,cur_S,next_n,next_mean,next_std,next_S
8601000.0,-0.0035599847845006263,0.08238045305029941,58371.022324089,8601000.0,-0.008087259883904041,0.08642179325245292,64238.51532748852
8601000.0,-0.02297289007990778,0.15684526707402374,211588.36554809133,8601000.0,-0.02558292158240748,0.15226177026543752,199402.54513222227
8601000.0,-1.9883414926871086e-05,0.022048562886581073,4181.282617251638,8601000.0,-1.8217713833603784e-05,0.020816079624914018,3726.8921793474915
8601000.0,-0.0014046168204177604,0.229096116201279,451423.746973644,8601000.0,0.0013864589627442176,0.2309832366906973,458891.3516917841
8601000.0,-0.0021728974609620103,0.44013373316437593,1666165.9640982759,8601000.0,-0.0037333281956501946,0.432830520473066,1611330.773555126
8601000.0,-0.00010570603205974561,0.08610264847716773,63764.94190920612,8601000.0,0.00027129127840129264,0.08570500070877356,63177.33080696802
