cur_n,cur_mean,cur_std,cur_S,next_n,next_mean,next_std,next_S
5051000.0,-0.02519759065451368,0.13005059561505247,85428.35812756086,5051000.0,-0.02455288236735009,0.13144368554694805,87268.36191680322
5051000.0,-0.0027004199247888023,0.09837283361109674,48879.60989740912,5051000.0,-0.002203694326557628,0.09873435392108745,49239.53532592773
5051000.0,0.0033181525527644796,0.05273075438823324,14044.469447136858,5051000.0,0.003567124802193512,0.05194450597386467,13628.768321088626
5051000.0,0.006793771102096696,0.1885712303088535,179609.0590548833,5051000.0,0.00684434254933405,0.18457638693076514,172079.70363531084
5051000.0,-0.0009254870865798752,0.22452690741577316,254632.68970829408,5051000.0,-0.000882445746825368,0.22131427125263678,247398.01364009283
5051000.0,-3.696729613525935e-05,0.06522541216534594,21488.74403469539,5051000.0,-2.1934816000648125e-05,0.06224487010821626,19569.714890537798
