cur_n,cur_mean,cur_std,cur_S,next_n,next_mean,next_std,next_S
15401000.0,-0.023467868569933388,0.073875804284282,84053.02829766154,15401000.0,-0.023423178805280928,0.07039065309222202,76309.55310238575
15401000.0,-0.024234717836405507,0.08269061353259925,105307.99626009077,15401000.0,-0.024202321531882693,0.07755757356323358,92639.74431926939
15401000.0,-0.03343815047597799,0.12354630822549681,235076.09394297784,15401000.0,-0.03336430667362058,0.116591087324006,209353.2107899109
15401000.0,0.03234971669233779,0.13598474750007747,284793.005762514,15401000.0,0.03257076391644155,0.12519661148855432,241398.22372605477
15401000.0,0.032197303945632784,0.14308104497527901,315292.1278261856,15401000.0,0.03243003752539487,0.12952578916682972,258381.4998431256
15401000.0,0.04861788182216671,0.2095442472913098,676239.2990139495,15401000.0,0.04896892581486587,0.18975761873553135,554558.4975238291
