cur_n,cur_mean,cur_std,cur_S,next_n,next_mean,next_std,next_S
7201000.0,-0.003729625355260895,0.08317622986049149,49818.57182461209,7201000.0,-0.008256863879796496,0.0872032090491027,54759.28201259131
7201000.0,-0.022725176094144667,0.1573749658565865,178346.30200408312,7201000.0,-0.025335844930279388,0.15279859937802442,168124.71360955114
7201000.0,-8.77008779352226e-06,0.022110105832751956,3520.2576723154784,7201000.0,-8.058081508010354e-06,0.020885037023387773,3140.96653934307
7201000.0,-0.001402864280559022,0.2309326994137574,384028.6938530373,7201000.0,0.0013883836485936195,0.23282073892028954,390333.7800904767
7201000.0,-0.002204789817325246,0.440502266096387,1397298.2165860112,7201000.0,-0.003765182991300325,0.43320005003021006,1351356.102375817
7201000.0,-0.00015339180739673978,0.08601110893336901,53272.35610248462,7201000.0,0.00022360636206896829,0.08561340120528511,52780.84180921316
