cur_n,cur_mean,cur_std,cur_S,next_n,next_mean,next_std,next_S
24701000.0,-0.023264502165059008,0.07336578918568823,132954.09640314238,24701000.0,-0.023219673393739548,0.06998839460021855,120994.77022966147
24701000.0,-0.023696227464498745,0.08100582600769304,162086.57496940656,24701000.0,-0.02365894728963619,0.07618629129041077,143373.27357148737
24701000.0,-0.03302409336998502,0.12172014352549225,365964.9112880408,24701000.0,-0.032945050310252154,0.11514636911698498,327502.81081069715
24701000.0,0.03223260778599026,0.13426233648264585,445269.4888201445,24701000.0,0.0324529677972946,0.12355644653841895,377090.29458115035
24701000.0,0.03229322018674472,0.14045363201120054,487282.12902764726,24701000.0,0.03251749958617384,0.12729225041677433,400238.1336163358
24701000.0,0.04879346917575642,0.20639437663854288,1052228.9747266215,24701000.0,0.04913377119006244,0.18713499988014273,865016.8715576634
