cur_n,cur_mean,cur_std,cur_S,next_n,next_mean,next_std,next_S
10751000.0,-0.023412587219789407,0.07413331850973501,59084.796566520825,10751000.0,-0.023369468579839278,0.07058357136820721,53561.91792177321
10751000.0,-0.024521907777261022,0.08378868120432154,75477.85884616178,10751000.0,-0.024486847903179555,0.07852154585560321,66286.72214136472
10751000.0,-0.03368872740582533,0.12470697617137866,167197.72331735046,10751000.0,-0.03360885827495521,0.11758913051767281,148656.26607456553
10751000.0,0.03244117784274255,0.13768840655028855,203818.50405464196,10751000.0,0.032660708998988076,0.12692429427513666,173196.2069068232
10751000.0,0.032288268033629094,0.1455210306034954,227667.15761030992,10751000.0,0.03252111951838624,0.13187161636126832,186961.21454183717
10751000.0,0.04868869973368405,0.21263399268461958,486087.2727986257,10751000.0,0.049033028930130514,0.1926744311399935,399114.0648989561
