cur_n,cur_mean,cur_std,cur_S,next_n,next_mean,next_std,next_S
31451000.0,-0.023500203740249116,0.07353934203093337,170088.10332330124,31451000.0,-0.023456682990005178,0.07018473809879217,154924.40107723774
31451000.0,-0.023785393126817926,0.08044142878543366,203513.86879903576,31451000.0,-0.02374760002993919,0.0757728180554425,180576.5441381435
31451000.0,-0.033068196203008965,0.12142185003636143,463690.4484693119,31451000.0,-0.0329845188548096,0.11501237890203231,416029.0254544618
31451000.0,0.03219876744577826,0.13332329881744762,559044.7332399718,31451000.0,0.03241704641003276,0.12255615717196669,472394.3867425565
31451000.0,0.03228849657397645,0.13895921512615234,607308.2257470476,31451000.0,0.0325115079220072,0.125937095918786,498817.6445921169
31451000.0,0.04884936304911096,0.20480998309919793,1319279.1597487752,31451000.0,0.04919498719901514,0.18562603814740025,1083707.9259305762
