cur_n,cur_mean,cur_std,cur_S,next_n,next_mean,next_std,next_S
2601000.0,-0.01759639396730524,0.06525895638442679,11076.960341188129,2601000.0,-0.01754615053231372,0.06155669053067492,9855.777213781224
2601000.0,-0.018620295093356408,0.08136268817058746,17218.326155521405,2601000.0,-0.018568393205113422,0.07500646903992701,14633.149004775412
2601000.0,-0.02468647127900737,0.10628105906704105,29380.020806187273,2601000.0,-0.024660529595478257,0.09996416359730737,25991.361243647705
2601000.0,0.03231343717605324,0.15087941449530698,59210.71866567974,2601000.0,0.032521473611109034,0.14166627830437778,52200.338796803495
2601000.0,0.032041493703747495,0.15777077879205822,64743.10008433734,2601000.0,0.032281881106113554,0.14369301441564475,53704.62190121405
2601000.0,0.048947195288342245,0.22520030967417679,131910.18182057465,2601000.0,0.04928561316622563,0.2093911429350896,114039.93657386376
