cur_n,cur_mean,cur_std,cur_S,next_n,next_mean,next_std,next_S
901000.0,-0.0021030113377163337,0.10725317283474115,10364.422017890089,901000.0,-0.0015531492937662435,0.10800329337154528,10509.90495256917
901000.0,0.0013229183274554616,0.10527542957522257,9985.707381095128,901000.0,0.0018454002864256463,0.10523765491942776,9978.542575659443
901000.0,0.004354820106327389,0.04939864199172888,2198.643473394927,901000.0,0.004645993283070401,0.04786238984571458,2064.0183339305895
901000.0,0.00293129760739319,0.19712873103859305,35012.62267739825,901000.0,0.0029723385820797097,0.19330481661656712,33667.443666575346
901000.0,-0.0010006957224745537,0.21992392734424968,43578.246970485445,901000.0,-0.0009559564615716745,0.21661447707168893,42276.57034101417
901000.0,0.000676637194087771,0.06729739522325932,4080.5744028558465,901000.0,0.000713520857344633,0.06389148446809446,3677.991730570617
