cur_n,cur_mean,cur_std,cur_S,next_n,next_mean,next_std,next_S
15001000.0,-0.023469253539420896,0.07389683886509149,81916.60265659368,15001000.0,-0.02342508733886155,0.07040418300968626,74356.19152790621
15001000.0,-0.0242752545874456,0.08281780036150609,102888.67963883089,15001000.0,-0.024242152590770026,0.07766737348647756,90489.34578522426
15001000.0,-0.03344393678356594,0.12361546643963398,229227.0339298672,15001000.0,-0.03337012758529117,0.11663657147197952,204074.95116087754
15001000.0,0.03236385452265844,0.13611714544342923,277936.68713229866,15001000.0,0.03258465182373966,0.12532666950728819,235617.31812092537
15001000.0,0.032220325549691294,0.14333581756830602,308197.8941262185,15001000.0,0.03245444656052423,0.1297567004462045,252568.85646160136
15001000.0,0.04859257928941339,0.20975106397606336,659976.6280951984,15001000.0,0.048945481034070745,0.18992805678026048,541126.0739516399
