cur_n,cur_mean,cur_std,cur_S,next_n,next_mean,next_std,next_S
24251000.0,-0.023259439623890876,0.07335069903162035,130478.26274941166,24251000.0,-0.023214571854662053,0.06997450353670692,118743.35170245399
24251000.0,-0.023699298911418837,0.08104461786956273,159286.1478064542,24251000.0,-0.023662482146126734,0.0762097693388571,140848.08478897644
24251000.0,-0.03305634442343866,0.12180540662047601,359801.3457950849,24251000.0,-0.03297651982586721,0.11521809117067362,321937.08213411423
24251000.0,0.03222760408015926,0.1342660565341794,437181.84535199404,24251000.0,0.032447120398001884,0.12357158632647036,370311.2409075249
24251000.0,0.032265462166078805,0.14050731134172792,478770.6274112112,24251000.0,0.032490084580149604,0.12731787039181677,393104.832776977
24251000.0,0.04882760840748185,0.20656603199629583,1034778.6647119216,24251000.0,0.04916691562425556,0.18728191214676626,850592.0539853324
