cur_n,cur_mean,cur_std,cur_S,next_n,next_mean,next_std,next_S
4151000.0,-0.02425884591411818,0.07693789982303668,24571.597221524633,4151000.0,-0.02422317147033963,0.0731785454166973,22229.01806311937
4151000.0,-0.026153339278484875,0.08851313111575859,32521.318251029126,4151000.0,-0.02612840500772828,0.08279781659319645,28457.090973725073
4151000.0,-0.03501622943993872,0.12918516012261383,69275.2320286032,4151000.0,-0.034940069833237775,0.12166639281591261,61446.053945610045
4151000.0,0.03262353927014951,0.14217245739355824,83904.19471913233,4151000.0,0.032833791374407895,0.1312740822262457,71533.70424168829
4151000.0,0.03216181581290953,0.1522258115225508,96189.8681265452,4151000.0,0.032400808369416625,0.1380780511609019,79141.09062964187
4151000.0,0.04872200314846117,0.22073651589561644,202255.85382585297,4151000.0,0.04907847679917978,0.20027433888213675,166495.824691724
