cur_n,cur_mean,cur_std,cur_S,next_n,next_mean,next_std,next_S
23851000.0,-0.023249185820784297,0.07332538157655308,128237.5628744119,23851000.0,-0.02320297517966232,0.06994669404236786,116691.97171784785
23851000.0,-0.023697217356635988,0.08107422817680893,156773.34984647133,23851000.0,-0.023661619507315056,0.07622744932848505,138589.19376640426
23851000.0,-0.03307627269199755,0.12191848742325788,354524.06829504145,23851000.0,-0.03299670666470059,0.11532557288166972,317218.00807533524
23851000.0,0.03222265710992705,0.1342867282892052,430103.3035870536,23851000.0,0.03244130412644232,0.12359601805429685,364347.2959169209
23851000.0,0.032243179629011555,0.14055985751645478,471225.9611228937,23851000.0,0.03246849734996579,0.12736494705652673,386906.86109801644
23851000.0,0.04885912164906307,0.2067826679651185,1019846.6208046933,23851000.0,0.04919816101602402,0.1874998533169274,838510.4067987764
