cur_n,cur_mean,cur_std,cur_S,next_n,next_mean,next_std,next_S
2151000.0,-0.018869861665368106,0.13683734753509938,40276.31277262981,2151000.0,-0.018221721802809274,0.13825806474654181,41116.99409750419
2151000.0,-0.004093128647253892,0.1198860157240051,30915.584704045432,2151000.0,-0.0035833932706438774,0.12043512684794887,31199.43714437418
2151000.0,0.002350121414035684,0.05894236509576662,7473.009369030774,2151000.0,0.0025929916273337936,0.05865801517619507,7401.0806632274835
2151000.0,0.006837576106711019,0.1980130193355431,84338.89418253943,2151000.0,0.006885439912813259,0.1942791849604652,81188.2080758496
2151000.0,6.095816236761041e-05,0.24096334519575816,124894.23084877765,2151000.0,0.00010028633137049107,0.2380130863908326,121854.64320986666
2151000.0,0.0002569126889442363,0.06694566747295871,9640.18486820332,2151000.0,0.000258217546228261,0.06425569571076217,8881.036821670503
