cur_n,cur_mean,cur_std,cur_S,next_n,next_mean,next_std,next_S
1201000.0,-0.027167185484362866,0.08675499869282055,9039.242187627746,1201000.0,-0.02713457593840646,0.08265762653013903,8205.572151538729
1201000.0,-0.03173431433354235,0.09921137920314987,11821.320213832832,1201000.0,-0.03173496628289043,0.093135490314257,10417.737686848548
1201000.0,-0.04320536152854093,0.14849851352484317,26484.222031424724,1201000.0,-0.04313995950620967,0.1400342593374917,23551.122139628056
1201000.0,0.032462026392861436,0.14994665468036092,27003.283099047516,1201000.0,0.032657483020737295,0.13862024684461197,23077.902975148645
1201000.0,0.03167249864888998,0.16384377496449806,32240.58389613511,1201000.0,0.031875994551738576,0.14926111536068434,26756.935551017334
1201000.0,0.04851975369426367,0.24046393917599038,69445.31015888532,1201000.0,0.048901682961969194,0.2184144637159289,57293.558430340505
