cur_n,cur_mean,cur_std,cur_S,next_n,next_mean,next_std,next_S
15051000.0,-0.023476962735122214,0.07392083990420908,82243.03740133498,15051000.0,-0.02343274536771251,0.07042942806510795,74657.54058488972
15051000.0,-0.024275053988004877,0.0828055206627324,103201.00825025658,15051000.0,-0.02424187758213795,0.07765647258970877,90765.47294063175
15051000.0,-0.0334329344044849,0.12358013280476786,229859.61287108716,15051000.0,-0.03335918567455713,0.11660246982609979,204635.44247764454
15051000.0,0.03237502983257507,0.13614111288583675,278961.2938004197,15051000.0,0.032596125639983285,0.12535242768663632,236499.84169147443
15051000.0,0.032226372469894855,0.14330974095762017,309112.6495746233,15051000.0,0.03245989798107346,0.12973193717781564,253313.98201034986
15051000.0,0.048582575196514634,0.2096889393658218,661784.2114013599,15051000.0,0.04893440781929946,0.1898669232034805,542580.24977621
