cur_n,cur_mean,cur_std,cur_S,next_n,next_mean,next_std,next_S
301000.0,-0.019485011334174053,0.06976626708640697,1465.0669389747336,301000.0,-0.019403280310435096,0.06606749601722647,1313.8391230258574
301000.0,-0.021733203766919524,0.08628525877825662,2240.988910611644,301000.0,-0.021689888515347876,0.07941881068735433,1898.5115947891422
301000.0,-0.02867021779386606,0.11409820485829135,3918.5385059172704,301000.0,-0.02859741537352421,0.1068872321568993,3438.8889998470295
301000.0,0.03292037422454261,0.14801489263847506,6594.43094127657,301000.0,0.03317156479648493,0.1379634965371983,5729.211839407628
301000.0,0.03083147375195162,0.15882586141062496,7592.921930100941,301000.0,0.031069295343274374,0.14294416856817221,6150.343633621455
301000.0,0.049289528398951815,0.2196760011548558,14525.52119049985,301000.0,0.049577845694696,0.20168549526919882,12243.788739596588
