cur_n,cur_mean,cur_std,cur_S,next_n,next_mean,next_std,next_S
10151000.0,-0.023449644221411242,0.07428268765083747,56012.382416698216,10151000.0,-0.02340516847858574,0.07071838916384424,50766.07033474449
10151000.0,-0.02454838973783424,0.08387583034381163,71413.85755093418,10151000.0,-0.02451465704792617,0.07858785264096979,62693.089465178375
10151000.0,-0.03369296739650899,0.12477835274783934,158047.38837912635,10151000.0,-0.033611604576750206,0.11762674244056848,140449.7490029125
10151000.0,0.032488958670415194,0.13802119528671866,193375.03088634985,10151000.0,0.03270954776459373,0.12725962585286252,164395.57059030936
10151000.0,0.032241082067634576,0.1456744224218537,215414.75011894573,10151000.0,0.03247559858472532,0.1320206885329267,176926.47079938735
10151000.0,0.04867786969957836,0.21301967730922605,460625.81403032795,10151000.0,0.04902073003162793,0.19300508028434232,378134.5052690047
