cur_n,cur_mean,cur_std,cur_S,next_n,next_mean,next_std,next_S
2551000.0,-0.025333335214496728,0.07956403201314104,16148.940170169926,2551000.0,-0.02530969078721793,0.07565585896117621,14601.436746636291
2551000.0,-0.027792563551581148,0.09224644310329473,21707.495382549158,2551000.0,-0.027775427813906538,0.08640435469707469,19045.032614586245
2551000.0,-0.03729559336743642,0.13431660757299055,46022.46617935761,2551000.0,-0.03723992295574664,0.1266602731325224,40925.2460393032
2551000.0,0.03216711560099304,0.14286175545344354,52064.58646783197,2551000.0,0.03238314282520168,0.13175778514777364,44285.650678916594
2551000.0,0.0322010223219165,0.15602681253922085,62102.47825566153,2551000.0,0.03243373484471672,0.14170208686362423,51222.75710626209
2551000.0,0.048922903085526555,0.2255531063633913,129780.09386873721,2551000.0,0.04926126902541782,0.20487508054706316,107075.1603030015
