cur_n,cur_mean,cur_std,cur_S,next_n,next_mean,next_std,next_S
11001000.0,-0.023410816348199054,0.07408435184294612,60378.89155907178,11001000.0,-0.023367184671709593,0.07054155657184694,54742.199350573464
11001000.0,-0.02448541912587697,0.08366685067852768,77008.56106899599,11001000.0,-0.02445068984649262,0.07841207999307452,67639.14563153233
11001000.0,-0.03361933285440866,0.12451746145625499,170566.08488081692,11001000.0,-0.03353971844270384,0.11740002080823314,151624.19650839508
11001000.0,0.03244387787814524,0.13756325945498585,208179.07752102916,11001000.0,0.03266597716826829,0.12681285966171663,176912.59663278016
11001000.0,0.03226031355702065,0.14531263468378228,232294.4955479648,11001000.0,0.03249460678775237,0.1316764970986504,190743.03746976794
11001000.0,0.04858914433738916,0.21228025952877008,495737.0573502074,11001000.0,0.0489353685479357,0.19232031446693942,406895.1240266438
