cur_n,cur_mean,cur_std,cur_S,next_n,next_mean,next_std,next_S
2701000.0,-0.02093205952566147,0.13381904576293943,48368.25746104884,2701000.0,-0.020286106275527706,0.13523524860790034,49397.43423077569
2701000.0,-0.0035257201653967436,0.11257410130421876,34229.57929630623,2701000.0,-0.0030232522483352557,0.11307533139572427,34535.068570252995
2701000.0,0.002606541474258221,0.05661127625527075,8656.263654575823,2701000.0,0.0028520449370146245,0.0561703852273672,8521.957988971835
2701000.0,0.006769995617107865,0.19525959464549816,102979.16142233662,2701000.0,0.006812782478844237,0.1914263820205169,98975.60534008863
2701000.0,-0.0001709859719349349,0.23543005458490465,149709.16593560006,2701000.0,-0.0001387383670249519,0.23241213971849997,145895.6026617237
2701000.0,0.000249585834357621,0.06652238780770563,11952.54104310435,2701000.0,0.00025386199363718287,0.0637581985947233,10979.856405607321
