cur_n,cur_mean,cur_std,cur_S,next_n,next_mean,next_std,next_S
9401000.0,-0.003550421941213343,0.08206729232836012,63316.11545949015,9401000.0,-0.00807760396835066,0.08611750135913374,69719.92220324012
9401000.0,-0.023077003356867652,0.15652633174083225,230329.1302579943,9401000.0,-0.025687101247846,0.15194127934129908,217032.9184103523
9401000.0,-2.4866248459486914e-05,0.022002402665622128,4551.077902488712,9401000.0,-2.2779545011843473e-05,0.020768286809127547,4054.8556494070904
9401000.0,-0.001399930020827601,0.22826004064095595,489816.9764882155,9401000.0,0.001391091555299104,0.23014927691647813,497958.6515423359
9401000.0,-0.00217619479464825,0.43985968838989864,1818873.0039677827,9401000.0,-0.003736668124298875,0.4325556222267377,1758968.147773946
9401000.0,-8.465553373444134e-05,0.08605704259643598,69622.06287076154,9401000.0,0.00029234148746098103,0.08565902202216041,68979.53717370763
