cur_n,cur_mean,cur_std,cur_S,next_n,next_mean,next_std,next_S
19301000.0,-0.023365643909587456,0.07366473968301122,104736.75823439266,19301000.0,-0.023322449561333416,0.07023418576294488,95208.76124167806
19301000.0,-0.023898472371294596,0.08186857901156064,129364.2620911118,19301000.0,-0.023866616369729095,0.07687151270335364,114054.0379097912
19301000.0,-0.03316208383349888,0.12243703916489204,289337.9820262399,19301000.0,-0.033080303471648836,0.11570301212393928,258386.09656787667
19301000.0,0.032395637353696966,0.13538236755151012,353756.167451791,19301000.0,0.03261582979582307,0.12466407218190646,299959.3673653218
19301000.0,0.03223729787085381,0.14188140723697953,388535.57112095016,19301000.0,0.032465407887283554,0.1285012898294122,318709.33529646386
19301000.0,0.04879790609804367,0.20806615862732553,835569.7503888418,19301000.0,0.04913707156923803,0.18859401023706696,686492.1911585663
