cur_n,cur_mean,cur_std,cur_S,next_n,next_mean,next_std,next_S
31301000.0,-0.023499279520742836,0.07353598046560307,169261.42278149858,31301000.0,-0.02345512561872098,0.07018135397847863,154170.64799015006
31301000.0,-0.023776568115555285,0.08043109975308013,202491.2337362422,31301000.0,-0.023738691878176586,0.07576090863475776,179658.82789051393
31301000.0,-0.03307742852497584,0.12143982916416375,461615.6325943934,31301000.0,-0.032993574601481605,0.11502681086190636,414148.76506121946
31301000.0,0.03219919304238654,0.13332257743482512,556372.4470756265,31301000.0,0.03241739993959374,0.12255769250758373,470153.1645621147
31301000.0,0.032278381837342676,0.13894609384982481,604297.6379956875,31301000.0,0.03250167352286032,0.12592199859787673,496319.6029263897
31301000.0,0.04885372306262231,0.2048396802458591,1313367.8803755709,31301000.0,0.04919934592945486,0.18564887104781333,1078804.7194608757
