cur_n,cur_mean,cur_std,cur_S,next_n,next_mean,next_std,next_S
8301000.0,-0.02365307146879585,0.07484265243531343,46497.40919811451,8301000.0,-0.023611562991485636,0.07124773121364726,42137.86162486775
8301000.0,-0.02489964892840406,0.08484420603939877,59755.074716482835,8301000.0,-0.024867580700958496,0.07947272379299564,52428.400678572616
8301000.0,-0.03394988688997571,0.12551683451097936,130777.90316469525,8301000.0,-0.03387011071666121,0.11833924507833056,116248.67266031193
8301000.0,0.03260581268363758,0.13874253248606247,159790.01915168326,8301000.0,0.03282456474600272,0.1279403632752416,135876.88214306158
8301000.0,0.032248322201218996,0.14685638550272853,179025.98989024883,8301000.0,0.03248710814335997,0.1330720588110733,146995.5427134436
8301000.0,0.04859413139788434,0.21386778628165865,379683.0085048519,8301000.0,0.04894001820053103,0.1938643063123958,311979.54824374925
