cur_n,cur_mean,cur_std,cur_S,next_n,next_mean,next_std,next_S
9001000.0,-0.023493092372118732,0.07443912491767637,49876.19104990336,9001000.0,-0.023449194579312833,0.0708584638841958,45193.318058154946
9001000.0,-0.02473940715551146,0.08441521485382972,64140.48241786293,9001000.0,-0.02470587539526263,0.079073447033316,56279.7428416014
9001000.0,-0.033765650674346934,0.12501519060000002,140674.80972466976,9001000.0,-0.03368221730876236,0.11785911679272844,125030.83347186919
9001000.0,0.032461621995187886,0.13825428043008664,172047.32876122656,9001000.0,0.03268432138630389,0.12748473043073266,146287.46079346215
9001000.0,0.03223704332303508,0.1464355929998688,193011.88945790625,9001000.0,0.03247156130352799,0.13269202115531414,158482.1594770193
9001000.0,0.04858078547286036,0.2133861314134817,409848.3033575847,9001000.0,0.048923599734001545,0.19341553401172146,336723.5287421515
