cur_n,cur_mean,cur_std,cur_S,next_n,next_mean,next_std,next_S
32751000.0,-0.023497174077175782,0.0735035706871378,176946.28087301308,32751000.0,-0.023453761846132272,0.07015155754497523,161175.56484206652
32751000.0,-0.02377458674613059,0.08032861865229778,211331.95110467533,32751000.0,-0.02373669336746717,0.0756739434527053,187550.09879984375
32751000.0,-0.03297097829437286,0.12118986664553133,481013.4056989222,32751000.0,-0.03288785637359216,0.11481099036976618,431709.38650574395
32751000.0,0.03220461095604433,0.13329609302627862,581914.8034747192,32751000.0,0.03242265021776853,0.12254030410805644,491793.1469129407
32751000.0,0.0322905342674761,0.13886155566358346,631522.1937845597,32751000.0,0.03251213496290725,0.12585948467182023,518795.8142406709
32751000.0,0.04883171669059726,0.20462489075429222,1371328.4501016636,32751000.0,0.049179517241386736,0.1854956939091495,1126917.7766793666
