cur_n,cur_mean,cur_std,cur_S,next_n,next_mean,next_std,next_S
901000.0,-0.018680701056860014,0.0678038142147914,4142.2188570886265,901000.0,-0.01859962056962773,0.06403468803916862,3694.497586318554
901000.0,-0.020392366876998153,0.08492185861984722,6497.761586375836,901000.0,-0.020350901184972934,0.07829555385852585,5523.304572366003
901000.0,-0.025858744196973146,0.10889409876230376,10683.990195474184,901000.0,-0.02578325028542418,0.10234350812878575,9437.248484152258
901000.0,0.033156405852919825,0.1517957322499455,20760.791840696726,901000.0,0.03334056498342339,0.14219734995864652,18218.29778807087
901000.0,0.0326322194074598,0.161304378439011,23443.211355739702,901000.0,0.032870260343043654,0.1464774863486228,19331.544260316885
901000.0,0.04878191885130411,0.22276997058210257,44713.44027362891,901000.0,0.049072358940273106,0.2064418118523583,38399.01773447694
