cur_n,cur_mean,cur_std,cur_S,next_n,next_mean,next_std,next_S
9051000.0,-0.003593652146277551,0.0823006538101774,61306.02183674072,9051000.0,-0.008120405803641702,0.08634775768824483,67483.67001823778
9051000.0,-0.023023366495295045,0.15664008194997883,222076.37933860288,9051000.0,-0.025633515264264824,0.15205644657254958,209269.64580859343
9051000.0,-2.3212808433516054e-05,0.022028810624970696,4392.165171332489,9051000.0,-2.13040683119004e-05,0.020794686153997398,3913.824117773665
9051000.0,-0.0013785261965121682,0.22881969576991162,473896.35966189817,9051000.0,0.001412521861780968,0.23070616350223205,481742.4969290415
9051000.0,-0.0021787446997209607,0.43996130046793247,1751965.3764262905,9051000.0,-0.003739210496187965,0.4326578186420806,1694281.9244787497
9051000.0,-9.355358681442576e-05,0.08610987228311613,67112.35135686648,9051000.0,0.00028344330806658996,0.08571216022983835,66493.8449963639
