cur_n,cur_mean,cur_std,cur_S,next_n,next_mean,next_std,next_S
24151000.0,-0.0232634590303402,0.0733570887007659,129962.86973550935,24151000.0,-0.023217813273262056,0.06998074000671145,118274.78822504162
24151000.0,-0.02369776169606007,0.08104408878837883,158627.2536543855,24151000.0,-0.02366082388761163,0.07620539426242363,140251.18733191272
24151000.0,-0.03305689916243958,0.12182058663229564,358407.00641292246,24151000.0,-0.03297705543670913,0.11523410105940808,320698.6667323694
24151000.0,0.03223424658297524,0.13428484932283524,435500.9937181637,24151000.0,0.03245362903761146,0.12359233168248183,368908.08154916007
24151000.0,0.03225690696015099,0.1405056075940842,476784.8340597592,24151000.0,0.032481047957397945,0.1273108845647715,391440.88914857805
24151000.0,0.04882690784440363,0.20658601740437565,1030711.1272586612,24151000.0,0.04916562458299942,0.18730927424239083,847332.140609867
