cur_n,cur_mean,cur_std,cur_S,next_n,next_mean,next_std,next_S
8751000.0,-0.02350720998447479,0.07449491512644937,48563.607814727526,8751000.0,-0.023465806294621118,0.07090975486050517,44001.719869132576
8751000.0,-0.024796314841421717,0.08459139492784709,62619.56654268703,8751000.0,-0.024764458656413944,0.07923830269214137,54944.979077013435
8751000.0,-0.03381418105120425,0.12513192815027688,137023.1531222456,8751000.0,-0.033734362169810725,0.1179656576049771,121778.00917040273
8751000.0,0.03245134321241085,0.13831210510770958,167408.71640752276,8751000.0,0.0326726852932578,0.12752435853764507,142312.80514085165
8751000.0,0.032249226703714266,0.14664065592767728,188176.97072734093,8751000.0,0.032485397791343844,0.13288298615495542,154524.17797076763
8751000.0,0.04856810336620726,0.21350479244635157,398908.1777750445,8751000.0,0.048915439879130815,0.19352644426800653,327746.6930060371
