cur_n,cur_mean,cur_std,cur_S,next_n,next_mean,next_std,next_S
6401000.0,-0.023896817733767714,0.07553021786250956,36516.51320010257,6401000.0,-0.023857335357617894,0.07189489356945519,33085.973492446414
6401000.0,-0.02538277244404823,0.0862873288230617,47658.66544179814,6401000.0,-0.025356463526085834,0.0808112745780543,41801.48789524892
6401000.0,-0.03442949664102917,0.12693983995910296,103143.94072356193,6401000.0,-0.03435671526190921,0.11962566786487394,91600.23293796177
6401000.0,0.032646213924170144,0.1395264418221731,124612.28662032762,6401000.0,0.03286193092275896,0.1286641450008194,105965.11259847684
6401000.0,0.03231528776332273,0.14863312723169442,141409.65347481827,6401000.0,0.03255603853164266,0.13472487020533072,116183.2109624484
6401000.0,0.04851296532975981,0.21568977242040613,297787.82080923294,6401000.0,0.04887565627662239,0.19547310358443615,244580.50877378782
