cur_n,cur_mean,cur_std,cur_S,next_n,next_mean,next_std,next_S
30901000.0,-0.023486223063952965,0.07351345555787894,166996.05400320955,30901000.0,-0.02344298249612726,0.0701577605572179,152098.1633332475
30901000.0,-0.023771998187217765,0.08045464280931841,200020.61403141738,30901000.0,-0.023734124571378374,0.07577891299812137,177447.2513886198
30901000.0,-0.0331034571722142,0.12151092443554783,456250.3219016629,30901000.0,-0.033019281225448574,0.11508980122144873,409304.212128796
30901000.0,0.03218704562565244,0.133308154614537,549143.6513441458,30901000.0,0.032405234213840305,0.12254200500690664,464026.1949683745
30901000.0,0.03227436674515862,0.13898758337689188,596931.5610364407,30901000.0,0.03249840807629644,0.12595638489587901,490244.70169849566
30901000.0,0.048863158708596616,0.20493862436994068,1297837.048381847,30901000.0,0.04920963225078416,0.18573808461346017,1066042.3533806717
