cur_n,cur_mean,cur_std,cur_S,next_n,next_mean,next_std,next_S
18201000.0,-0.02342847442657764,0.0737682658316537,99045.41995437721,18201000.0,-0.023385451188580535,0.0703248814583964,90014.66451785475
18201000.0,-0.023987412912784434,0.08207864507373092,122618.38928791588,18201000.0,-0.023956005125703186,0.07704474184171788,108039.17475956201
18201000.0,-0.03323760900953077,0.12273577295264608,274181.13738352177,18201000.0,-0.03315770461262263,0.11594219406245894,244668.6236174714
18201000.0,0.0323914656799218,0.1354825817398231,334089.0007089137,18201000.0,0.03261093600771961,0.124743916411126,283226.5742495466
18201000.0,0.032183347918679515,0.14205235246823164,367275.6281908504,18201000.0,0.03241208094504244,0.12861684544540228,301086.2736612745
18201000.0,0.04873823817964056,0.20833308150672264,789972.0485444287,18201000.0,0.04907705630187839,0.1887513708645274,648448.4831389415
