cur_n,cur_mean,cur_std,cur_S,next_n,next_mean,next_std,next_S
2501000.0,-0.01764723994406516,0.06542288289983232,10704.664170919854,2501000.0,-0.017594539752051455,0.06171642575212417,9526.101936251254
2501000.0,-0.018619398431700233,0.08142995245778985,16583.723730352067,2501000.0,-0.018570010644658446,0.07504777547850526,14086.053679284612
2501000.0,-0.02475086742377018,0.10643687428486155,28333.349327036085,2501000.0,-0.024721403350514166,0.10010992769092267,25065.01605332669
2501000.0,0.032398612358685,0.151148702870501,57137.671878966925,2501000.0,0.03260830175028584,0.14193302040898637,50382.60068832676
2501000.0,0.031998491492247656,0.15781906871417406,62292.05298297279,2501000.0,0.032241671446425604,0.14368409397280152,51633.44227082293
2501000.0,0.049001283314320146,0.2252973600841977,126948.01005273253,2501000.0,0.049328821640673794,0.20945900659007669,109726.56167969618
