cur_n,cur_mean,cur_std,cur_S,next_n,next_mean,next_std,next_S
7251000.0,-0.02380510466121093,0.0752841591363647,41096.52617692063,7251000.0,-0.023766168530647957,0.07167889642895234,37254.65326541873
7251000.0,-0.0251449470141605,0.08552697827843135,53040.07896144813,7251000.0,-0.025111599079469193,0.08010559017029217,46528.9823354249
7251000.0,-0.03430325339270138,0.12651594336809407,116061.56474973752,7251000.0,-0.034231383272644106,0.11928937100388845,103181.39670418373
7251000.0,0.03263368108737301,0.13914714227241173,140393.3341458988,7251000.0,0.03284915559208191,0.12834241658954637,119436.8470222199
7251000.0,0.032261493504054134,0.14763502336073664,158043.52198988083,7251000.0,0.03249946957004282,0.13376439956450986,129741.52369828125
7251000.0,0.048682103929045296,0.21497949575518177,335113.54724844877,7251000.0,0.04903876654523676,0.19491030761235487,275465.6931261988
