cur_n,cur_mean,cur_std,cur_S,next_n,next_mean,next_std,next_S
11501000.0,-0.02339371908023065,0.07399266018532938,62966.98316873,11501000.0,-0.02335106424363457,0.07046386278519276,57104.258679979044
11501000.0,-0.02446950102630814,0.08354315287213579,80270.75096428789,11501000.0,-0.02443375718323164,0.0783057536076151,70521.7288436981
11501000.0,-0.03363278102580727,0.12442813472177491,178062.63052962229,11501000.0,-0.03355177776800231,0.11732858724969832,158322.73593650182
11501000.0,0.03237960650716772,0.13718031913318887,216430.87795101825,11501000.0,0.03260108405912401,0.12643886927671596,183864.04492337038
11501000.0,0.03225065638279234,0.14495969847638232,241674.12641136465,11501000.0,0.032485981453613644,0.13133103295884324,198367.4103476409
11501000.0,0.04859381060019058,0.21182876860533342,516066.2843290056,11501000.0,0.04893910235111462,0.19187894548502907,423438.40931485815
