cur_n,cur_mean,cur_std,cur_S,next_n,next_mean,next_std,next_S
10901000.0,-0.023397111485191285,0.07405344022769497,59780.1248161786,10901000.0,-0.023354178123662132,0.07050777957648614,54192.65343777009
10901000.0,-0.024506086555306988,0.08371890053619413,76403.52080048888,10901000.0,-0.02447087134550261,0.07845795187298028,67102.7429621336
10901000.0,-0.033646261250902476,0.12459817699959157,169234.8169623865,10901000.0,-0.03356744573959144,0.11748035978555657,150451.62243018296
10901000.0,0.032417734885553114,0.13752819684903067,206181.567726077,10901000.0,0.03263957855625511,0.1267738415645762,175196.58687184393
10901000.0,0.03228412309854107,0.14540790455932712,230484.8433795531,10901000.0,0.03251792696803081,0.13176346222540347,189258.91036609365
10901000.0,0.048625667656996496,0.2124245032557748,491898.57262932666,10901000.0,0.0489729631951222,0.19246669728897187,403810.42569160496
