cur_n,cur_mean,cur_std,cur_S,next_n,next_mean,next_std,next_S
28151000.0,-0.023425155864629395,0.07351428698025975,152137.86783497027,28151000.0,-0.02338111692777947,0.07014888182923867,138527.28812189552
28151000.0,-0.02372582599415578,0.08063470506963337,183036.55383158088,28151000.0,-0.023688687514390752,0.07590295424113581,162185.1869787371
28151000.0,-0.03310988432407384,0.12167056476202426,416739.6999020343,28151000.0,-0.033026061737138526,0.11517876393622749,373455.32282950555
28151000.0,0.03222110017094022,0.13369919705938876,503212.5050105506,28151000.0,0.03243980143697109,0.12294509212399411,425516.31881385116
28151000.0,0.03225637338437155,0.13944402740487713,547385.9699625921,28151000.0,0.03248085979814266,0.1263579144226337,449467.9457457763
28151000.0,0.04883987972201656,0.20549677025044594,1188786.399644296,28151000.0,0.04918109985670295,0.1862283419696868,976304.7001760706
