cur_n,cur_mean,cur_std,cur_S,next_n,next_mean,next_std,next_S
18001000.0,-0.02343573799432219,0.07377670175349377,97979.47399095309,18001000.0,-0.023392573460855947,0.07033080570417517,89040.54658020288
18001000.0,-0.023997733868338814,0.08210203652364886,121340.13996835164,18001000.0,-0.02396754375447048,0.07706155991632543,106898.65078529021
18001000.0,-0.0332695566536568,0.1228297524643258,271583.75277614634,18001000.0,-0.0331908984851224,0.11602384012842468,242321.0281381106
18001000.0,0.032393256187227486,0.13550695364552076,330536.78288769384,18001000.0,0.032611728633628,0.12476467308912594,280207.5919423074
18001000.0,0.03217351110522443,0.14207378791180517,363349.4867701664,18001000.0,0.03240278997496469,0.1286345673780803,297859.88149375044
18001000.0,0.04876267723902353,0.20847665446170408,782368.7407152612,18001000.0,0.049101930669139864,0.18887278149259606,642148.3695250876
