cur_n,cur_mean,cur_std,cur_S,next_n,next_mean,next_std,next_S
31651000.0,-0.023505045858236893,0.07354271678704435,171185.42077126692,31651000.0,-0.023461457547321443,0.07018882345114194,155927.73164140634
31651000.0,-0.023782880097376093,0.08040920096796561,204643.95898930682,31651000.0,-0.02374480766086492,0.07574307403552774,181582.20682998735
31651000.0,-0.03305010797435226,0.12138675786341048,466369.4135072659,31651000.0,-0.03296658829580944,0.11498292342283031,418460.1713586125
31651000.0,0.03220296409514774,0.13331663377786407,562543.5045697466,31651000.0,0.03242191738312523,0.1225555850374035,475393.95043660054
31651000.0,0.03228175201435999,0.1389113370267603,610749.076261448,31651000.0,0.03250432387224888,0.12589216333300166,501631.5331979779
31651000.0,0.04883337260155884,0.20475963773708827,1327015.9441522239,31651000.0,0.0491803275982257,0.18558629739229165,1090132.4074038207
