cur_n,cur_mean,cur_std,cur_S,next_n,next_mean,next_std,next_S
3951000.0,-0.017464804145993298,0.06485764168075452,16619.935567021515,3951000.0,-0.01742546665946213,0.061176670870146554,14786.953567137993
3951000.0,-0.018319215497183048,0.08003810718362103,25310.495574671928,3951000.0,-0.018269324932834785,0.07384365588085307,21544.350665220736
3951000.0,-0.024428222688104354,0.10562344894535403,44078.59253305875,3951000.0,-0.024380642746763798,0.09944927401489007,39076.014661352405
3951000.0,0.032250419587103445,0.15077389351626183,89817.16228287565,3951000.0,0.03245265170994387,0.14152266518910514,79133.25447556106
3951000.0,0.03183505965455379,0.15628335159357354,96501.1441280014,3951000.0,0.03206119116501355,0.14253707249575043,80271.74410788798
3951000.0,0.04925086534643895,0.22574047323268517,201338.06571975606,3951000.0,0.049592605874592736,0.21020693650205394,174582.6637627888
