cur_n,cur_mean,cur_std,cur_S,next_n,next_mean,next_std,next_S
26301000.0,-0.023327089962218658,0.0734535877457079,141905.1926659943,26301000.0,-0.023282703172377975,0.07008137802522123,129174.71945708309
26301000.0,-0.02366961609092736,0.08077230377681169,171592.0651750337,26301000.0,-0.023633172248622342,0.07599276969348742,151885.67240262483
26301000.0,-0.03297319911677964,0.12153042346362956,388456.4023004792,26301000.0,-0.0328919458406787,0.11499601284342478,347806.60619094846
26301000.0,0.03225792275753849,0.13411664608626211,473083.3133951055,26301000.0,0.032477373860139866,0.12339972897081523,400498.29628796835
26301000.0,0.03227529923493197,0.13998659990330092,515400.9226585567,26301000.0,0.03250057769331045,0.12686501421653168,423307.54191766086
26301000.0,0.04871773458863766,0.20582310634877218,1114193.2372667321,26301000.0,0.04905766325478152,0.18658307093726564,915623.0873203729
