cur_n,cur_mean,cur_std,cur_S,next_n,next_mean,next_std,next_S
9151000.0,-0.003588547452669876,0.08219082206779672,61818.036105681196,9151000.0,-0.008115294865751934,0.08624212376603965,68062.42849575532
9151000.0,-0.023044559621611314,0.15660626294507562,224433.04810323642,9151000.0,-0.02565463356486529,0.15202167311436354,211485.00082198365
9151000.0,-2.368324274108678e-05,0.022023722209269396,4438.640754892206,9151000.0,-2.173253252487023e-05,0.0207893838126599,3955.0482841665926
9151000.0,-0.0013782076667627143,0.22854241446575949,477971.6938052366,9151000.0,0.0014128328653558082,0.23043020595507135,485900.5284007604
9151000.0,-0.0021749956242315695,0.43992520900952287,1771031.3683164844,9151000.0,-0.0037354755833311913,0.43262125349502223,1712711.674275755
9151000.0,-9.145515186760868e-05,0.08610569262577218,67847.25545876278,9151000.0,0.0002855417292984928,0.08570794521124303,67221.89048372327
