cur_n,cur_mean,cur_std,cur_S,next_n,next_mean,next_std,next_S
16601000.0,-0.02349800274554126,0.07390356782751668,90670.3015421012,16601000.0,-0.02345358041933947,0.07043771713552256,82365.39659337582
16601000.0,-0.024125328916987994,0.08237296979345901,112642.86743921484,16601000.0,-0.02409309960939553,0.0772887335773165,99166.8759588958
16601000.0,-0.033380044025015834,0.12320966709599099,252013.50691608764,16601000.0,-0.03330296597734726,0.11632217145215502,224625.60053189084
16601000.0,0.03240769698573867,0.1357801244850569,306060.05684815254,16601000.0,0.03262900106646511,0.12501304724436219,259444.77715191204
16601000.0,0.03216737009761739,0.14247342391093054,336978.3289235226,16601000.0,0.03239753974516441,0.1289741961041806,276146.7324712066
16601000.0,0.0486877129379921,0.2089319793478399,724676.3476758172,16601000.0,0.049032977328976025,0.18921827793267953,594374.8448399293
