cur_n,cur_mean,cur_std,cur_S,next_n,next_mean,next_std,next_S
18051000.0,-0.02343270987926023,0.07377102478016584,98236.50411703807,18051000.0,-0.023389608470135652,0.07032644197676062,89276.78817048884
18051000.0,-0.024005803717053468,0.08213160066606172,121764.82249467619,18051000.0,-0.02397540230551078,0.07709363504894458,107284.82902789545
18051000.0,-0.03325287147612465,0.12278326911094481,272132.02341412456,18051000.0,-0.03317411982919857,0.11598101474665502,242814.75545481342
18051000.0,0.03239059443745062,0.13549109206775162,331377.29817233037,18051000.0,0.03260937331126924,0.12475269830702121,280931.96825036674
18051000.0,0.03219236986464342,0.1421204430708792,364598.0753332061,18051000.0,0.03242178316661988,0.1286843355849185,298918.3906182462
18051000.0,0.048739908853213464,0.2084010855761689,783973.2060837977,18051000.0,0.04907992507152261,0.1888050666871786,643470.3727350436
