cur_n,cur_mean,cur_std,cur_S,next_n,next_mean,next_std,next_S
5601000.0,-0.017636741533346458,0.06502339132109554,23681.259987238307,5601000.0,-0.017588352215466667,0.06136975479742076,21094.748348618967
5601000.0,-0.01862814916848705,0.08034265362847544,36154.13009755706,5601000.0,-0.01858434452865649,0.07416037238958038,30804.16042541589
5601000.0,-0.02407767904364248,0.1046443664678652,61333.43367081434,5601000.0,-0.024018013324388104,0.09860628475087796,54459.63979667124
5601000.0,0.03242907809019822,0.15097732632739475,127670.05131688935,5601000.0,0.03264238567297461,0.14176610594171335,112566.8188745056
5601000.0,0.032073029567640486,0.15656700500048296,137298.58473405385,5601000.0,0.03229852576515638,0.14286870587062897,114324.6273231476
5601000.0,0.04904229942826216,0.2243934078806971,282023.8008032525,5601000.0,0.04937454100926328,0.20906908527864645,244819.0514302189
