cur_n,cur_mean,cur_std,cur_S,next_n,next_mean,next_std,next_S
27651000.0,-0.023410975865828604,0.0735139770573236,149434.43265481977,27651000.0,-0.023366576655847453,0.07014769269489098,136062.24225381663
27651000.0,-0.023708496600082878,0.08065531885766672,179877.51000034178,27651000.0,-0.02367186841660513,0.07591013173428351,159334.68731078497
27651000.0,-0.03306915871176045,0.12163010818261731,409065.6648198616,27651000.0,-0.03298675830034211,0.11512863272765074,366503.00194093754
27651000.0,0.032243409994758575,0.13381163726553905,495106.48105573567,27651000.0,0.03246145574497201,0.12306624721754245,418782.7235975906
27651000.0,0.03225400434493572,0.13954506605634123,538443.0968129485,27651000.0,0.03247860268599231,0.12644709738757662,442108.2011720395
27651000.0,0.04879095025459759,0.20553155841401127,1168067.3178096514,27651000.0,0.04913147855862619,0.18627348933825205,959429.2225691846
