cur_n,cur_mean,cur_std,cur_S,next_n,next_mean,next_std,next_S
9601000.0,-0.02347690219180092,0.07437224501091196,53105.3471792739,9601000.0,-0.023432051021594506,0.07079616679919117,48121.14553843888
9601000.0,-0.024630181232753526,0.08409063547355085,67890.92698869218,9601000.0,-0.02459717459073973,0.07877613592661259,59580.72975826169
9601000.0,-0.03367824490443898,0.12474785892515816,149411.0337698536,9601000.0,-0.033597211997369814,0.1175998512622823,132779.18988736172
9601000.0,0.032503753885144336,0.13819903665212424,183369.24679685332,9601000.0,0.03272527476702424,0.1274370129664946,155922.08602096996
9601000.0,0.032243629826428075,0.14599703564493408,204646.60553865533,9601000.0,0.032477442150800506,0.1323087252977712,168071.25398203233
9601000.0,0.04858646037436462,0.2130270291315488,435698.32586503256,9601000.0,0.04892972457188967,0.19306219704328512,357858.1875128576
