cur_n,cur_mean,cur_std,cur_S,next_n,next_mean,next_std,next_S
6651000.0,-0.00382304128136894,0.08372662208875871,46624.489335765276,6651000.0,-0.008350014135391548,0.08775723043763974,51221.55576715934
6651000.0,-0.022611917619499763,0.15772590495911654,165459.9937439907,6651000.0,-0.02522250788384675,0.15315039456950638,155999.49336604678
6651000.0,-8.144616919993943e-06,0.02214833551458134,3262.6398431080593,6651000.0,-7.161113717746405e-06,0.020925649297185156,2912.3584928819337
6651000.0,-0.0013896237483321432,0.2321902567176232,358570.8091573764,6651000.0,0.0014017245046820113,0.2340821862263716,364438.0193615513
6651000.0,-0.0022008603903610874,0.440783631341141,1292224.1844372395,6651000.0,-0.0037612553888028803,0.4334816045809694,1249764.8113436212
6651000.0,-0.00013981673938027645,0.08599535192562738,49185.47887675596,6651000.0,0.00023718183451769094,0.08559749757371825,48731.42201096084
