cur_n,cur_mean,cur_std,cur_S,next_n,next_mean,next_std,next_S
12101000.0,-0.023441610410771065,0.07409272989405023,66431.25447277064,12101000.0,-0.023398547671958266,0.07057770327551283,60277.6488279203
12101000.0,-0.02445832336164603,0.0834164775452918,84202.49389410255,12101000.0,-0.024423968804821953,0.07818419708231532,73970.6137168899
12101000.0,-0.033628847225455234,0.12432524285139347,187042.32548771144,12101000.0,-0.03355151096488608,0.117238972668654,166327.96319676936
12101000.0,0.03240992541343576,0.13706526535328284,227340.11917999302,12101000.0,0.032628416042303016,0.12631682397295949,193082.83016526778
12101000.0,0.03223500224235608,0.14461232150268333,253064.86744131526,12101000.0,0.032471877649221985,0.13095333303013557,207517.33149902098
12101000.0,0.04855088578396333,0.21133809923066454,540476.5492479921,12101000.0,0.04890179389526143,0.1913782287694474,443206.7056343114
