cur_n,cur_mean,cur_std,cur_S,next_n,next_mean,next_std,next_S
6751000.0,-0.0038117918126749487,0.08359320486824363,47174.799149873164,6751000.0,-0.008338627035251659,0.08762537676246114,51835.57311280481
6751000.0,-0.02265929381961051,0.1577146552547655,167923.78316685648,6751000.0,-0.025269476959133633,0.1531355483176273,158314.299566306
6751000.0,-1.0974633346052426e-05,0.0221595442321564,3315.047499294625,6751000.0,-9.707354903537569e-06,0.020934586921918002,2958.6725316711377
6751000.0,-0.0013827380062612635,0.23189406565956944,363034.0642525299,6751000.0,0.0014086000821200155,0.23378480129969073,368978.1552347859
6751000.0,-0.0021804989176016348,0.4407761301423249,1311608.5626937984,6751000.0,-0.0037409028183217887,0.43347313405010235,1268505.8650746648
6751000.0,-0.00012562770056987865,0.08607179862554568,50013.80135531492,6751000.0,0.00025137081075368673,0.08567419287158044,49552.79450565237
