cur_n,cur_mean,cur_std,cur_S,next_n,next_mean,next_std,next_S
8151000.0,-0.00358914404678623,0.08257847924902471,55583.341871150165,8151000.0,-0.008117477522258158,0.08661318769070989,61147.53274214298
8151000.0,-0.022871435336666045,0.1569111474010151,200686.65276460888,8151000.0,-0.0254823021552456,0.15233369172141575,189148.4676664574
8151000.0,-1.7502015620200784e-05,0.02208013555825057,3973.8764804926495,8151000.0,-1.6073735323485027e-05,0.020848656998857205,3542.9666305450364
8151000.0,-0.001457563080856334,0.2295508644441301,429505.52844080323,8151000.0,0.0013335676498182443,0.23144491372112103,436622.5636602112
8151000.0,-0.002214664347194397,0.44012525972404126,1578932.2008585588,8151000.0,-0.0037750903007498834,0.4328226716479734,1526971.375968881
8151000.0,-0.00011757740692764891,0.08612933806109155,60466.26069283545,8151000.0,0.00025942012857761417,0.0857318999739298,59909.51314476336
