cur_n,cur_mean,cur_std,cur_S,next_n,next_mean,next_std,next_S
20001000.0,-0.023324773928345078,0.07357283808423873,108264.66303789597,20001000.0,-0.02328043811305772,0.0701501681085404,98425.84275921521
20001000.0,-0.023852575929012926,0.08174703129545001,133658.22508951128,20001000.0,-0.023818798686916887,0.07678222278102828,117916.09021364435
20001000.0,-0.033097230510323185,0.12222938356237596,298815.3841429745,20001000.0,-0.033017190245184014,0.11552442306999396,266931.1924054247
20001000.0,0.032383999015103866,0.1352683342969117,365968.74279148463,20001000.0,0.0326022420260394,0.1245520361849723,310279.70756617084
20001000.0,0.03227554537290086,0.14177024976451136,401996.173169557,20001000.0,0.032501717178144394,0.12844574607336176,329982.6919965349
20001000.0,0.048794947929900634,0.2078265394537165,863880.6018966449,20001000.0,0.049133630717716384,0.18842058558544486,710081.8437643115
