cur_n,cur_mean,cur_std,cur_S,next_n,next_mean,next_std,next_S
7951000.0,-0.02373841346414733,0.07505952292508097,44795.39318682076,7951000.0,-0.023696837451940813,0.07146160427049911,40603.85579594657
7951000.0,-0.02499476905152588,0.08505556875472786,57521.110170488595,7951000.0,-0.024963424508401524,0.07967101414496147,50468.73790484376
7951000.0,-0.03408662452057116,0.1258631188587364,125955.96280103372,7951000.0,-0.03400721656246674,0.1186768590356262,111983.4493178376
7951000.0,0.03266107033068361,0.13895502385554245,153521.87280347495,7951000.0,0.03287698600505491,0.12814022504146114,130554.76224300028
7951000.0,0.032262281062424916,0.14705701030988366,171946.4518004671,7951000.0,0.032501017526215335,0.1332461037301856,141166.22159039855
7951000.0,0.04864169926329726,0.21417278677961968,364712.231628337,7951000.0,0.04898876749604183,0.1941581501658919,299731.92623021203
