cur_n,cur_mean,cur_std,cur_S,next_n,next_mean,next_std,next_S
26501000.0,-0.023331956783805036,0.07344400297285865,142946.96569752033,26501000.0,-0.02328740918227258,0.07007282480661627,130125.23077481288
26501000.0,-0.023671406790941863,0.08074333953404567,172772.92178329892,26501000.0,-0.023635483534694208,0.07596970674326874,152947.77447678632
26501000.0,-0.03297017909810624,0.12150466406110583,391244.42318134644,26501000.0,-0.03288847883990602,0.11497312306483008,350311.9230419622
26501000.0,0.03224465967893817,0.13404800132226585,476192.9353167545,26501000.0,0.03246385068014497,0.12332944252239661,403084.22206284886
26501000.0,0.032270675100223106,0.13990792513896821,518736.60341983184,26501000.0,0.032496225843430274,0.12679497834934056,426055.6901336927
26501000.0,0.0487034136151683,0.20573934133662308,1121752.2578777024,26501000.0,0.04904411918160589,0.18649166901748862,921682.0583852188
