cur_n,cur_mean,cur_std,cur_S,next_n,next_mean,next_std,next_S
20251000.0,-0.023298625915405366,0.0735175642423932,109453.25793797395,20251000.0,-0.023254007396369347,0.07009784087072798,99507.48642573728
20251000.0,-0.02381128812271003,0.08164744926479968,134999.3622277942,20251000.0,-0.02377763322925753,0.07668994150155953,119103.16067925813
20251000.0,-0.03308851353319437,0.12220148166096446,302412.2761348546,20251000.0,-0.03300964763506308,0.11550415983587842,270172.8627336304
20251000.0,0.03235616053094654,0.13518325769265366,370077.1660112281,20251000.0,0.032574652013745424,0.1244692458809186,313740.5042890027
20251000.0,0.03224518234302963,0.14163906953622857,406267.9885125631,20251000.0,0.0324712773480931,0.12832401670432228,333474.29563166964
20251000.0,0.048815289408894,0.20781250903978096,874560.4740354466,20251000.0,0.049154121974779086,0.1884169033826989,718929.3229060675
