cur_n,cur_mean,cur_std,cur_S,next_n,next_mean,next_std,next_S
16701000.0,-0.02349137670611122,0.07388427425702074,91168.85479350966,16701000.0,-0.02344696199539714,0.07041803809421149,82815.25018702062
16701000.0,-0.024113191553046733,0.08234035366011408,113231.67507641432,16701000.0,-0.02408072959090297,0.07726003308624975,99690.15141126887
16701000.0,-0.033379071903007186,0.12319803750442809,253483.7103869842,16701000.0,-0.03330128936672604,0.11632107757513309,225974.4351666984
16701000.0,0.03239884597223904,0.13573564494371168,307701.9848136739,16701000.0,0.032619635491885034,0.12496492000721166,260806.6778124595
16701000.0,0.0321547173620653,0.14241032376036186,338707.97593628266,16701000.0,0.03238560024860153,0.1289176651352284,277566.6849758293
16701000.0,0.04869902876018023,0.20888362301933772,728704.1773949018,16701000.0,0.049044018102459196,0.1891960615150238,597814.7950193972
