cur_n,cur_mean,cur_std,cur_S,next_n,next_mean,next_std,next_S
1651000.0,-0.015732120803778584,0.14206252601786198,33320.0879039485,1651000.0,-0.015086632354106438,0.14350792321373912,34001.559165473845
1651000.0,-0.005004720317990005,0.12983750401312316,27832.190567238682,1651000.0,-0.004487620309295513,0.1305095874963573,28121.074259402885
1651000.0,0.0019618480410678644,0.062446594252962756,6438.20184789416,1651000.0,0.0022013994621226606,0.062361313659111864,6420.629111570008
1651000.0,0.007230012817758014,0.20310227412478152,68104.63122894018,1651000.0,0.007263835054826393,0.19948348185485776,65699.33188887959
1651000.0,0.00047259852233629457,0.24866004848614237,102084.33434637875,1651000.0,0.0005144635511956545,0.24579204310345926,99743.06567585806
1651000.0,0.000230621615987031,0.06769472610074703,7565.832880002872,1651000.0,0.00023040932230429482,0.06515217303632073,7008.174130386575
