cur_n,cur_mean,cur_std,cur_S,next_n,next_mean,next_std,next_S
22001000.0,-0.02327045428486394,0.07342778637839774,118621.46751330793,22001000.0,-0.023225569525000073,0.07003120309086834,107901.0313092042
22001000.0,-0.0237515858328538,0.0813302365919253,145527.97705755208,22001000.0,-0.023717565409522568,0.07643412959843636,128533.71786051992
22001000.0,-0.03308365954506024,0.1220564639148837,327766.0662153002,22001000.0,-0.03300429844014011,0.1154202957060511,293093.904383851
22001000.0,0.0323098451245499,0.13476907253386017,399597.62675892265,22001000.0,0.03252769550870503,0.12407585133488874,338701.3662753876
22001000.0,0.03225173222134681,0.14104160536329116,437660.0504904395,22001000.0,0.032476619212837746,0.1278130431991204,359412.1644340566
22001000.0,0.04885625971145203,0.20730065253884172,945461.3055071938,22001000.0,0.04919562268993737,0.18799382479630042,777552.2612320876
