cur_n,cur_mean,cur_std,cur_S,next_n,next_mean,next_std,next_S
4101000.0,-0.0043529339680276145,0.08680904312792173,30904.35668198882,4101000.0,-0.008878170009855961,0.09083659630272656,33838.528921472374
4101000.0,-0.02164141013229668,0.1605704392664181,105735.53332742912,4101000.0,-0.02425124101761964,0.15599937818928644,99801.14038731593
4101000.0,-3.390634022800938e-05,0.022565297164571816,2088.1990007504,4101000.0,-2.660088658788884e-05,0.021348489566913726,1869.0635858401477
4101000.0,-0.001303103012721137,0.2396825392854782,235593.098236811,4101000.0,0.0014889082003866148,0.24158300656447143,239343.99349805148
4101000.0,-0.002163021782690392,0.44357802119238443,806918.7510891858,4101000.0,-0.0037231787707959958,0.4362844893753994,780601.3824008367
4101000.0,0.00017628938588801218,0.08631098450315791,30550.752374253803,4101000.0,0.0005532896466186559,0.08591255185839373,30269.343890533713
