cur_n,cur_mean,cur_std,cur_S,next_n,next_mean,next_std,next_S
29401000.0,-0.023456446589607178,0.0735165390156055,158903.04104120037,29401000.0,-0.023412643863798113,0.07015499395872545,144703.58313723217
29401000.0,-0.02375322961562028,0.0805498901849713,190762.06166385033,29401000.0,-0.0237166549465344,0.07584364226780735,169122.13958801818
29401000.0,-0.03313096515539823,0.12162798218491912,434939.75524707546,29401000.0,-0.03304459055011389,0.11517159921791732,389989.48412979604
29401000.0,0.032196870353076806,0.13349205150608084,523929.5778976983,29401000.0,0.032415791097300445,0.12272525364417751,442822.80521949654
29401000.0,0.032266076492852666,0.13920243360777118,569712.512473905,29401000.0,0.032489880614191315,0.1261393230393539,467803.0983435153
29401000.0,0.04885422721056936,0.20522461573975948,1238286.1185655443,29401000.0,0.049198955332597424,0.18598824608167053,1017028.4454354399
