cur_n,cur_mean,cur_std,cur_S,next_n,next_mean,next_std,next_S
5751000.0,-0.01766112141632173,0.06509784059163959,24371.17861459318,5751000.0,-0.017614171676781427,0.06144701676324046,21714.256983205338
5751000.0,-0.018642378260962295,0.08031467535498142,37096.521141989724,5751000.0,-0.018599846571811345,0.07414155848018732,31613.078460452332
5751000.0,-0.024022573803073134,0.104463046612684,62757.9491468294,5751000.0,-0.023964439067587513,0.09843056495268722,55719.00124832167
5751000.0,0.03247392467603705,0.1511243260190183,131344.56957145425,5751000.0,0.032686562777769074,0.1419271271155628,115844.17242425474
5751000.0,0.03208798480398417,0.1565403272092468,140927.5306200166,5751000.0,0.0323138843111556,0.1428695665653631,117387.76175385517
5751000.0,0.04896592145056789,0.2241222894156152,288877.3343247694,5751000.0,0.04930067265166487,0.20881105636715835,250755.4313089805
