cur_n,cur_mean,cur_std,cur_S,next_n,next_mean,next_std,next_S
10201000.0,-0.0034793460122528297,0.08177894798690914,68222.21040155888,10201000.0,-0.008007169380286061,0.08582818977841392,75145.44371668287
10201000.0,-0.023144065660642518,0.1562224561334091,248960.0546194206,10201000.0,-0.025754693378018566,0.1516394909088672,234567.25360682738
10201000.0,-2.7271965961354077e-05,0.02199388498211075,4934.539692361038,10201000.0,-2.5092380706400496e-05,0.02075647090080636,4394.907890495671
10201000.0,-0.0014319806094891367,0.2274471099322465,527720.0479164371,10201000.0,0.001358992208770677,0.2293392113108011,536536.6296893795
10201000.0,-0.0022026891538419295,0.43959398115296,1971270.4991805372,10201000.0,-0.0037631530761110268,0.4322901788113081,1906309.8215051666
10201000.0,-8.001130280979147e-05,0.08613120358441988,75676.97773941889,10201000.0,0.00029698547652602837,0.08573347938939838,74979.69100925466
