cur_n,cur_mean,cur_std,cur_S,next_n,next_mean,next_std,next_S
33101000.0,-0.02349316552825409,0.07348912593691594,178766.96963680058,33101000.0,-0.023450118111023734,0.07013817984434818,162835.87676343796
33101000.0,-0.02378378395611737,0.08033340952720115,213615.86977205818,33101000.0,-0.023745327634124958,0.07568173453462128,189593.42331073235
33101000.0,-0.03293801218193891,0.12111674664377733,485567.3843779822,33101000.0,-0.032854706205794185,0.11474765373778545,435841.6626926523
33101000.0,0.032202105960077325,0.13328769967133836,588059.4858605887,33101000.0,0.03242053493049523,0.12253680466576605,497020.40254223876
33101000.0,0.032312820710674546,0.13889920841481201,638617.2652425499,33101000.0,0.03253502415489482,0.12590531041066658,524721.9241231583
33101000.0,0.048820634554080075,0.2045683319836354,1385217.3493162135,33101000.0,0.04916822360437278,0.18545594538167529,1138472.7380299792
