cur_n,cur_mean,cur_std,cur_S,next_n,next_mean,next_std,next_S
51000.0,-0.10219846861660961,0.18106023050718617,1671.923160637085,51000.0,-0.10222230596994507,0.1740346733000044,1544.691443042603
51000.0,-0.10264578879940615,0.1738164060551618,1540.8192937105773,51000.0,-0.10268715370176726,0.16609390242298677,1406.946405526929
51000.0,-0.15734269788192443,0.28262807833080955,4073.810163709277,51000.0,-0.15743802589135217,0.27143234897762974,3757.4515236472034
51000.0,0.02915715621498181,0.2246448156490049,2573.7299530967452,51000.0,0.02920183942807009,0.20733760624957223,2192.433031230435
51000.0,0.025026153156435537,0.23716838768792275,2868.691050042931,51000.0,0.025357568871736572,0.21899880890638057,2445.984393423083
51000.0,0.042038664993231604,0.3588263580310796,6566.574116110275,51000.0,0.04230111690593677,0.32955078041137525,5538.78956035707
