cur_n,cur_mean,cur_std,cur_S,next_n,next_mean,next_std,next_S
19751000.0,-0.023340571903550142,0.07361353585604705,107029.73401194434,19751000.0,-0.023297310957976405,0.07018857418988514,97302.03638542477
19751000.0,-0.02387720662981948,0.08180460508980798,132173.5619179278,19751000.0,-0.023843698442841798,0.07682580971326484,116574.451707489
19751000.0,-0.033115280183052216,0.12229892653396558,295416.2487967975,19751000.0,-0.033034476070764554,0.11558366982202724,263865.15799289587
19751000.0,0.032389886296536226,0.1353174320666604,361656.7573744473,19751000.0,0.0326089913202205,0.12460480518555331,306661.0864952367
19751000.0,0.03227538833566581,0.1418418021006441,397372.2813541993,19751000.0,0.032502656738563764,0.12848779710522412,326071.51071183145
19751000.0,0.04878847501938722,0.20790229855505055,853704.6968190935,19751000.0,0.049126842248452436,0.18847028701166027,701576.2405026738
