cur_n,cur_mean,cur_std,cur_S,next_n,next_mean,next_std,next_S
5851000.0,-0.017681752472420702,0.06515973205783984,24842.121279501313,5851000.0,-0.017635086314844204,0.061507401435858956,22135.271684074032
5851000.0,-0.0186488547252953,0.08030396271421189,37731.49832791997,5851000.0,-0.018606504022731847,0.07413743607289518,32159.19901008378
5851000.0,-0.024034344863085855,0.10452480804477675,63924.72309176174,5851000.0,-0.0239751532658695,0.09850041217675304,56768.33984529188
5851000.0,0.032506777824909745,0.15123038231621416,133816.0475612591,5851000.0,0.03272041564296318,0.14203600521466778,118039.40087422295
5851000.0,0.032088208582902386,0.15653866298442184,143374.96945536882,5851000.0,0.03231689644707799,0.1428813598603789,119448.65060696944
5851000.0,0.04901722359713125,0.22427408663077378,294298.66458023083,5851000.0,0.049350257688822174,0.20897187436257425,255508.74825072862
