cur_n,cur_mean,cur_std,cur_S,next_n,next_mean,next_std,next_S
13651000.0,-0.023487045766588163,0.07407531860290927,74905.12322939846,13651000.0,-0.023443096991305406,0.07056961814225217,67982.9492857506
13651000.0,-0.024327550233279954,0.08300217949618169,94046.67794703948,13651000.0,-0.024294219285122716,0.0778060725660717,82640.21805426865
13651000.0,-0.033559341080294645,0.12406855168800725,210129.9183256682,13651000.0,-0.03348126811954281,0.11702958133060554,186963.04359549595
13651000.0,0.03244336354908942,0.1367189950348899,255165.63326933427,13651000.0,0.0326646799373441,0.1259536661093972,216563.91431333247
13651000.0,0.03216480052137602,0.14381982261749426,282359.2139473583,13651000.0,0.03240004039105971,0.1301824002693729,231349.7401469096
13651000.0,0.04862158488884184,0.21067938756788182,605910.6151269423,13651000.0,0.048975672670216824,0.19077661440793886,496837.92737424595
