cur_n,cur_mean,cur_std,cur_S,next_n,next_mean,next_std,next_S
21351000.0,-0.023288290644794967,0.07348151864104993,115285.44150490436,21351000.0,-0.023243830328968495,0.07007611007061355,104847.52733732635
21351000.0,-0.023759356541489918,0.08142664416882608,141563.5007241184,21351000.0,-0.023725797909492866,0.07650975839158178,124983.26955023012
21351000.0,-0.03308423748501217,0.12208621195800942,318237.5763011159,21351000.0,-0.03300519794221078,0.1154346476681966,284505.4459445749
21351000.0,0.03234507252029591,0.1349708790310937,388954.11741838435,21351000.0,0.03256292308438492,0.12426942981789027,329721.1697392641
21351000.0,0.03223160624861065,0.14123796769529398,425913.23928769765,21351000.0,0.03245772490154298,0.12798016933046516,349706.4008123361
21351000.0,0.04885239819875227,0.20746946863150167,919023.4854243883,21351000.0,0.04919175985607082,0.1881494472027996,755829.9794205349
