cur_n,cur_mean,cur_std,cur_S,next_n,next_mean,next_std,next_S
5351000.0,-0.003965550657630451,0.08478432110672077,38465.02729567785,5351000.0,-0.008493374943736825,0.08880657800179884,42201.240993980646
5351000.0,-0.022279905243466312,0.15883139832164836,134991.88745962695,5351000.0,-0.024890136140997443,0.1542539901324236,127323.2643674618
5351000.0,-1.2039719322185696e-05,0.022356281745852743,2674.4476375582244,5351000.0,-9.492643120243864e-06,0.021133138159979407,2389.80758694345
5351000.0,-0.0014323242012363117,0.23468711259971115,294722.5964299042,5351000.0,0.0013592645045093857,0.23658969334487032,299520.5287170528
5351000.0,-0.0021829194111439637,0.44183635462656434,1044618.8182071173,5351000.0,-0.003743244411241321,0.4345359581316065,1010383.8406639494
5351000.0,-6.163512853128153e-05,0.08631603606742227,39867.4011988825,5351000.0,0.00031536354743188095,0.08591918042115941,39501.64687426827
