cur_n,cur_mean,cur_std,cur_S,next_n,next_mean,next_std,next_S
3351000.0,-0.004714213597540759,0.08877646925998325,26410.10726729459,3351000.0,-0.009238245533950178,0.09279448879562043,28854.8482724666
3351000.0,-0.020950437523063012,0.16200976950418727,87954.25130499442,3351000.0,-0.023562040813803746,0.15745787494844496,83081.28396637173
3351000.0,-2.705847563879524e-05,0.022739988722691354,1732.8258488993433,3351000.0,-1.9106340015813576e-05,0.021534168438149003,1553.9270949909408
3351000.0,-0.0012430850621850812,0.24435322186038072,200083.17355942086,3351000.0,0.0015493103334289504,0.24625619143512884,203211.71670927177
3351000.0,-0.00225165898834038,0.44483989498462323,663104.3653014376,3351000.0,-0.00381180501391666,0.43755355836825066,641559.3931928464
3351000.0,0.0002086255680686386,0.0862548694609025,24931.113296658772,3351000.0,0.0005856261238033867,0.08585604244464022,24701.0923412814
