cur_n,cur_mean,cur_std,cur_S,next_n,next_mean,next_std,next_S
401000.0,-0.0415549324532134,0.11351834645451098,5167.452407688321,401000.0,-0.0415373172488219,0.10862926254587128,4731.926989185194
401000.0,-0.048449171153603976,0.12779040118000884,6548.48504013279,401000.0,-0.04847195586980526,0.12064031209842906,5836.188046185754
401000.0,-0.06225100873842711,0.18021837619042153,13023.943909801628,401000.0,-0.06214686086393307,0.171585502765968,11806.075488539456
401000.0,0.033531665627748126,0.16564669933176582,11002.97042880288,401000.0,0.03371512997851138,0.15252825669791303,9329.212505613084
401000.0,0.031394197770983005,0.19044337499144984,14543.740310331725,401000.0,0.031599299738787355,0.17334596481580233,12049.578230686473
401000.0,0.045759535108756896,0.25748769585166925,26586.26531951569,401000.0,0.04613196303875209,0.2337524697697815,21910.72706651252
