cur_n,cur_mean,cur_std,cur_S,next_n,next_mean,next_std,next_S
15301000.0,-0.023465479538021618,0.07387227693156133,83499.29058881436,15301000.0,-0.02342073315922947,0.07038725235175419,75806.74335782538
15301000.0,-0.02424449825117098,0.08271664422547012,104690.1034916538,15301000.0,-0.024211642436350402,0.07757847396306045,92087.83864291232
15301000.0,-0.0334383324995735,0.12353915586170662,233522.68429768356,15301000.0,-0.03336508622109167,0.11657667924454962,207942.45892054876
15301000.0,0.03234510121744624,0.135995822455735,282989.9098625259,15301000.0,0.03256656594425719,0.1252126337766484,239892.19416011893
15301000.0,0.03219888343558637,0.14313955931280406,313501.1705694757,15301000.0,0.03243196267990365,0.12957342781666503,256892.6691744519
15301000.0,0.04860715201752857,0.2095518118081344,671896.9279925302,15301000.0,0.04895903355530694,0.18975954320355387,550968.8775076047
