cur_n,cur_mean,cur_std,cur_S,next_n,next_mean,next_std,next_S
13551000.0,-0.023486030880984023,0.07409594326873277,74397.81956917713,13551000.0,-0.02344237005466337,0.0705900581342407,67524.04092151616
13551000.0,-0.024329329667876518,0.0830228187505806,93404.1760595366,13551000.0,-0.024296408835604372,0.07782309175814364,82070.73185990263
13551000.0,-0.03355279645526692,0.12405521838993251,208545.78688964542,13551000.0,-0.033474566395236924,0.11701480686130963,185546.59355092383
13551000.0,0.03244575542920447,0.13677927150843486,253519.8200689382,13551000.0,0.032666724483045015,0.12601212228711708,215177.07380772367
13551000.0,0.03216059420305809,0.14386473589375717,280465.8903299596,13551000.0,0.032396124692636155,0.13022274606266881,229797.36463657866
13551000.0,0.04859916768605444,0.2106736761423899,601439.4238499927,13551000.0,0.048953169796624986,0.19076989793569557,493163.6292902201
