cur_n,cur_mean,cur_std,cur_S,next_n,next_mean,next_std,next_S
3251000.0,-0.004794970511203204,0.08917473993701493,25852.38842345413,3251000.0,-0.009318605903050461,0.09319460515396298,28235.69713128976
3251000.0,-0.020857201747439724,0.16229236702277694,85627.47909242501,3251000.0,-0.023468673615767658,0.15774111698245696,80892.22721732467
3251000.0,-2.2349678275749574e-05,0.02274820717790227,1682.3305028082925,3251000.0,-1.4718960190929686e-05,0.021546120282135445,1509.2289577390195
3251000.0,-0.0012232883353128865,0.24527316944128097,195576.67378290457,3251000.0,0.0015691731964177363,0.24717698607982466,198624.59941684146
3251000.0,-0.0022450985150306965,0.4450889428420119,644036.6470477544,3251000.0,-0.003805224511142373,0.4378031004309479,623124.2244823365
3251000.0,0.00019255456273617228,0.08617454716490791,24142.096934579124,3251000.0,0.0005695552889071841,0.08577548034742219,23919.01477672962
