cur_n,cur_mean,cur_std,cur_S,next_n,next_mean,next_std,next_S
16851000.0,-0.023492239919015185,0.0738810306513519,91979.6111349762,16851000.0,-0.023448189314378826,0.07041881112225216,83560.88978279338
16851000.0,-0.024094703116511882,0.08228439386155766,114093.42754428569,16851000.0,-0.024061756411408453,0.07721084566237693,100457.48400579263
16851000.0,-0.03336672042755079,0.12312269370984182,255447.64054999914,16851000.0,-0.03328842590927704,0.1162524867374811,227735.20997479514
16851000.0,0.032402142236576933,0.13569596558340835,310284.12041916384,16851000.0,0.03262249503332811,0.1249351433260896,263023.7209288307
16851000.0,0.03214116505252009,0.1423021805540688,341231.24335955153,16851000.0,0.03237200426973483,0.12882154200708745,279642.17118334706
16851000.0,0.04869925486951369,0.20877096862105743,734456.1824790601,16851000.0,0.04904438855601706,0.18908890587781535,602501.006008594
