cur_n,cur_mean,cur_std,cur_S,next_n,next_mean,next_std,next_S
27901000.0,-0.02341188975559409,0.07349451614977395,150705.6863679979,27901000.0,-0.02336735213701844,0.07012867710920481,137217.9927824834
27901000.0,-0.023714661467614803,0.08063216912017912,181399.6543936992,27901000.0,-0.023677709791544207,0.0758932045165648,160703.57969952017
27901000.0,-0.03309396983552192,0.12166101380913086,412973.92504400935,27901000.0,-0.03301057363555451,0.11516613883793399,370057.64626152307
27901000.0,0.03222067435351152,0.13372518785401355,498937.5641037614,27901000.0,0.03243902997765823,0.12297454966500532,421939.56498203834
27901000.0,0.032250275676353087,0.13947645566154837,542777.1726627133,27901000.0,0.03247466603369286,0.1263828571182788,445652.25402385514
27901000.0,0.04882365075753973,0.20552531321912582,1178556.4976839456,27901000.0,0.049163815546250066,0.18626377347796008,968002.6875492525
