cur_n,cur_mean,cur_std,cur_S,next_n,next_mean,next_std,next_S
23651000.0,-0.023242579450013127,0.07332449795031172,127159.17577408324,23651000.0,-0.02319654628938867,0.06994529614199624,115708.83864351266
23651000.0,-0.023708390783792728,0.0811253265787907,155654.76650460274,23651000.0,-0.02367274375448579,0.07627278114347592,137590.57097762098
23651000.0,-0.03308167553212248,0.1219442168497622,351699.6417383813,23651000.0,-0.033002133070409,0.1153451450182047,314664.7881372307
23651000.0,0.032221540362556006,0.1343214552941072,426717.334035882,23651000.0,0.03243991751833975,0.12363761350985888,361535.32282934757
23651000.0,0.03225762165821225,0.1406570151575748,467920.74773926724,23651000.0,0.03248254594669383,0.12745556842463018,384208.64838776056
23651000.0,0.048874423805020856,0.20687494929801278,1012197.6331475063,23651000.0,0.04921278883308152,0.1875849224481343,832233.8271246158
