cur_n,cur_mean,cur_std,cur_S,next_n,next_mean,next_std,next_S
1301000.0,-0.026758306189239144,0.08551162097202018,9513.220754962438,1301000.0,-0.02673034430941938,0.08145397997775383,8631.810861335434
1301000.0,-0.03118652315204334,0.09820668588836216,12547.563652281237,1301000.0,-0.031182500131830614,0.09212866584841169,11042.486083381795
1301000.0,-0.04247686019735054,0.14703602934152607,28127.091695803272,1301000.0,-0.042414401801047885,0.13862304684471424,25000.47020058191
1301000.0,0.032247765593925365,0.14871135057471385,28771.700592471836,1301000.0,0.03245015179898632,0.13748760135676158,24592.59552541336
1301000.0,0.0315889835156409,0.16276602935115528,34467.10718427423,1301000.0,0.03180625781926887,0.14818208604993702,28567.26774457033
1301000.0,0.04865727899062376,0.2391529660899038,74409.57768766787,1301000.0,0.04904720599521038,0.21722349219363857,61389.045274600474
