cur_n,cur_mean,cur_std,cur_S,next_n,next_mean,next_std,next_S
6801000.0,-0.003798077036210497,0.08349710555924503,47414.98489668438,6801000.0,-0.008324874814704484,0.08752855210633376,52104.14379748588
6801000.0,-0.022647456004143165,0.15766594748058113,169063.00531665064,6801000.0,-0.025257900563548253,0.15308888123783732,159389.63400439674
6801000.0,-1.014532024558711e-05,0.022158407882933048,3339.2572664036265,6801000.0,-9.030603017249341e-06,0.02093315502184064,2980.1776553243694
6801000.0,-0.0013808637789212653,0.23164685428535522,364943.46294714435,6801000.0,0.0014104673283591661,0.23353649039111932,370921.7272329135
6801000.0,-0.00219356543372867,0.4407585698714432,1321217.4631397303,6801000.0,-0.0037539788680827565,0.4334565052009377,1277802.7694687727
6801000.0,-0.00013325593245414055,0.08608430652178303,50398.86374731616,6801000.0,0.0002437426712796042,0.08568681004522924,49934.502256360676
