cur_n,cur_mean,cur_std,cur_S,next_n,next_mean,next_std,next_S
9151000.0,-0.023477876870959726,0.07438134082994913,50628.67493636234,9151000.0,-0.023433579048803603,0.07080352087956586,45875.23104439847
9151000.0,-0.024725975543433646,0.0843908905502915,65171.79685443008,9151000.0,-0.0246921397189646,0.0790529078942718,57187.91391808956
9151000.0,-0.03369126845674411,0.12481105778847396,142552.449138588,9151000.0,-0.033609872924840044,0.11765459353924246,126673.6635384727
9151000.0,0.03245483197044435,0.13818047010190565,174727.75104820792,9151000.0,0.03267908375421192,0.12743368731197838,148606.24300129473
9151000.0,0.03226815117421325,0.14644429795753874,196251.72743153322,9151000.0,0.032502643844536855,0.1327082836817656,161162.7317920615
9151000.0,0.048516871421638956,0.21312097077166636,415643.4364194985,9151000.0,0.048860585711549546,0.19315826431687494,341424.86304132955
