cur_n,cur_mean,cur_std,cur_S,next_n,next_mean,next_std,next_S
15801000.0,-0.02347316314418638,0.07386291021706075,86205.98192009625,15801000.0,-0.023429590813274576,0.07038449616778421,78277.79532982751
15801000.0,-0.02421198221915916,0.08261293014855041,107840.18529435017,15801000.0,-0.024178322102696777,0.07749282629349442,94887.18754399542
15801000.0,-0.033420877097156174,0.1234215848305793,240694.85700065384,15801000.0,-0.03334747760407139,0.11648286081831917,214392.0267146991
15801000.0,0.03236086695256206,0.13587091679366634,291700.7761855825,15801000.0,0.03258061222846431,0.12509171947432818,247253.0727787765
15801000.0,0.03220642830709632,0.14293052978157653,322800.78336588934,15801000.0,0.03243756190699415,0.12937848238639674,264489.64772449783
15801000.0,0.0486367903113117,0.20931714256507233,692299.7391775594,15801000.0,0.04898721000350652,0.18954904630315147,567711.6159210159
