cur_n,cur_mean,cur_std,cur_S,next_n,next_mean,next_std,next_S
751000.0,-0.0049749153484485095,0.11769853931222737,10403.56256333018,751000.0,-0.004378781697830623,0.11883783839267473,10605.94630721645
751000.0,0.004142285028988291,0.11740264941923285,10351.319950082128,751000.0,0.004731902305202414,0.1172628515669557,10326.68284456803
751000.0,0.0038457195980678626,0.047340907349513926,1683.1122930151212,751000.0,0.0040985050400026805,0.04583483516417957,1577.7249180101614
751000.0,0.003917525222417818,0.19753973820386841,29305.48307540931,751000.0,0.003924494346896643,0.19383393163774895,28216.2663836648
751000.0,0.0004616175507082587,0.22601086516762348,38361.764291537074,751000.0,0.000512514307183415,0.2225529920225087,37196.90552788629
751000.0,0.0005239313772027097,0.0654250979648289,3214.613026224301,751000.0,0.0005320575104974176,0.06222855578018409,2908.167259020099
