cur_n,cur_mean,cur_std,cur_S,next_n,next_mean,next_std,next_S
6651000.0,-0.017746601965177303,0.0651375055669234,28219.49219397997,6651000.0,-0.01770183344208682,0.06147706306559213,25136.984162368935
6651000.0,-0.01869964143466922,0.08019291840166438,42771.94357997219,6651000.0,-0.018657542322812682,0.07406082090001107,36480.769534542764
6651000.0,-0.023883308102203984,0.10403891644337132,71991.06339196152,6651000.0,-0.02381272542252363,0.09805830500772805,63952.23278475535
6651000.0,0.0325329070808038,0.15114402993755002,151938.8877931098,6651000.0,0.0327533124220356,0.14193656535553628,133990.97007834565
6651000.0,0.032217047645155,0.1566459370965138,163201.90284842782,6651000.0,0.0324437286665343,0.1430556000481829,136112.08119392386
6651000.0,0.04890402631529452,0.22371644597294962,332876.2195700039,6651000.0,0.049239292931596436,0.20846276186662754,289030.6652387491
