cur_n,cur_mean,cur_std,cur_S,next_n,next_mean,next_std,next_S
26401000.0,-0.023324895634055334,0.07343588523945167,142376.0847890515,26401000.0,-0.02328045525268513,0.07006427667350482,129602.58465949555
26401000.0,-0.02366799876257591,0.08075359650653158,172164.70555007705,26401000.0,-0.023632248866860335,0.07597756085714022,152402.14209008557
26401000.0,-0.03297357701885046,0.12152368568006085,389890.1311916096,26401000.0,-0.03289219980606497,0.11499218770317479,349105.7885481544
26401000.0,0.03224362549321923,0.13406241070243077,474498.04376233014,26401000.0,0.03246286003903712,0.12334472441998785,401662.7294362508
26401000.0,0.03226914497770217,0.13993724807369143,516995.8241521577,26401000.0,0.03249433234375027,0.12682241115124074,424631.67673762905
26401000.0,0.048711144325719775,0.20578187236453932,1117981.4716167804,26401000.0,0.04905190759359955,0.18654228632801537,918702.647160547
