cur_n,cur_mean,cur_std,cur_S,next_n,next_mean,next_std,next_S
10601000.0,-0.023423842113972214,0.07417502600733977,58326.00745629222,10601000.0,-0.023380263978162376,0.07062267999574565,52873.154618613604
10601000.0,-0.024538102944482103,0.08383195821087357,74501.67830239578,10601000.0,-0.024503177970032004,0.07855583312399633,65418.97154765251
10601000.0,-0.033681405513885876,0.12470562424524764,164861.37430772552,10601000.0,-0.03360050910022366,0.11758066217337278,146561.07365368257
10601000.0,0.032460987099959614,0.13778471838703327,201256.04801115804,10601000.0,0.03268030022515754,0.127028108273902,171059.2232317411
10601000.0,0.03229648767313491,0.1456145256442622,224779.2584232756,10601000.0,0.0325297240962565,0.1319527153057066,184579.5137304944
10601000.0,0.04868350653338649,0.21270767772392785,479637.53988084994,10601000.0,0.04902579579236125,0.19274260975794677,393824.1140464404
