cur_n,cur_mean,cur_std,cur_S,next_n,next_mean,next_std,next_S
1051000.0,-0.008378680598166417,0.10688130100866637,12006.21674307571,1051000.0,-0.012893792386841418,0.11091847862030277,12930.357253314134
1051000.0,-0.015003053608487672,0.17973974099041654,33953.99959035842,1051000.0,-0.01761620897603594,0.17525908427664916,32282.249699185584
1051000.0,7.055407213135117e-05,0.023550785868677905,582.9261302989671,1051000.0,7.950655261205535e-05,0.02238970665720075,526.86521136947
1051000.0,-0.0007992377837211915,0.291132978516384,89081.09014999219,1051000.0,0.0019971966381673012,0.2930982259454609,90287.80512504767
1051000.0,-0.00233012778932242,0.46248511618398075,224800.9993089874,1051000.0,-0.003888589083613522,0.4552767375847444,217848.03008288445
1051000.0,0.0002586658204649674,0.08686565629936055,7930.469998778887,1051000.0,0.0006356847450455352,0.08647027942065787,7858.441793464065
