cur_n,cur_mean,cur_std,cur_S,next_n,next_mean,next_std,next_S
5601000.0,-0.003925020270018895,0.08453254170215083,40023.349147711495,5601000.0,-0.008452138536461784,0.08856076910281978,43928.698024688645
5601000.0,-0.022321558905126323,0.15851331460914378,140733.3635578218,5601000.0,-0.024932380367654598,0.15394024248920954,132730.24784102276
5601000.0,-1.3487008528884057e-05,0.02229930596339698,2785.1479191619246,5601000.0,-1.0926699078554837e-05,0.02107679402733417,2488.1392114822183
5601000.0,-0.0013969933619799341,0.23415297811965335,307089.48372605833,5601000.0,0.0013945399481809406,0.2360500432547902,312085.6079782152
5601000.0,-0.002212446959410448,0.44157767388119873,1092143.70643592,5601000.0,-0.003772782937430039,0.4342784903146452,1056336.3178469674
5601000.0,-6.097396256383864e-05,0.08619645667797063,41614.47303463253,5601000.0,0.0003160248570088302,0.08579903392285318,41231.61711795359
