cur_n,cur_mean,cur_std,cur_S,next_n,next_mean,next_std,next_S
1901000.0,-0.026444997713988068,0.08267216398603458,12992.739413152342,1901000.0,-0.02642669862097435,0.07869331750915615,11772.205257354632
1901000.0,-0.029733950604706176,0.0955906470384103,17370.52399412291,1901000.0,-0.02972107385348319,0.08960940528775904,15264.736325965157
1901000.0,-0.039442291528515784,0.13928684033469915,36880.966215695975,1901000.0,-0.039379390929571746,0.1312585344014162,32751.954223947952
1901000.0,0.03271903844981026,0.145523699111027,40257.75645262073,1901000.0,0.03293491929967349,0.13427329446084932,34273.732767808266
1901000.0,0.032451145169706014,0.15938264940559954,48290.77779887324,1901000.0,0.03268036232899103,0.14481939125891852,39869.01921683168
1901000.0,0.04838223114595937,0.229227774866945,99888.75363662702,1901000.0,0.048742951666365816,0.20776504624095724,82059.163749503
