cur_n,cur_mean,cur_std,cur_S,next_n,next_mean,next_std,next_S
14501000.0,-0.023498686094658123,0.07401530246119839,79440.3207421273,14501000.0,-0.023454761144210946,0.07051715693078757,72108.67928264078
14501000.0,-0.024272553532771253,0.08283598705295439,99502.97269079082,14501000.0,-0.024239831283721137,0.07766836413615179,87475.4667947827
14501000.0,-0.0334385176410977,0.12365698892098045,221735.5292314595,14501000.0,-0.033363745843165475,0.11665226931302711,197326.01082218147
14501000.0,0.032411002450342806,0.13639795987531603,269782.4545466088,14501000.0,0.03263453666323439,0.12560904723444216,228791.4524663398
14501000.0,0.03215258043025125,0.14341761588855848,298265.45054633956,14501000.0,0.03238790237748081,0.12980932796374042,244348.54404439632
14501000.0,0.048527928737130396,0.2098806541791925,638767.4403699427,14501000.0,0.04888097186596895,0.1900234911989964,523615.55343530583
