cur_n,cur_mean,cur_std,cur_S,next_n,next_mean,next_std,next_S
5951000.0,-0.017668526376578928,0.06506039447290442,25189.719682300063,5951000.0,-0.017621212012304713,0.06141088691292527,22442.988634052403
5951000.0,-0.018617150299830815,0.08016017124929396,38239.06132861572,5951000.0,-0.018576542310235564,0.07399890822946319,32586.71443237662
5951000.0,-0.024007410595758488,0.10441081801849528,64875.534188702746,5951000.0,-0.023944899580607838,0.09839460726129227,57614.598990456616
5951000.0,0.032460786832331945,0.1510247145471647,135733.17166851694,5951000.0,0.032676411135039184,0.14182649389719956,119702.90326284687
5951000.0,0.03203767463052852,0.15632205300001223,145422.112896379,5951000.0,0.032265141885514985,0.14267177489427882,121134.0055766799
5951000.0,0.04899307176331492,0.22410855183164352,298886.8505172589,5951000.0,0.04932465595136037,0.20881622803768413,259488.69591381415
