cur_n,cur_mean,cur_std,cur_S,next_n,next_mean,next_std,next_S
7551000.0,-0.003694429924736016,0.0829477888963849,51953.41474081702,7551000.0,-0.008221756963030744,0.08698026365991396,57127.590877194874
7551000.0,-0.022795940445607517,0.15717137402771061,186531.1509846905,7551000.0,-0.025406514194641388,0.15259377387906456,175823.97655107256
7551000.0,-5.807071095641822e-06,0.022073693018613973,3679.2090701975344,7551000.0,-5.727674003699985e-06,0.020848898223849884,3282.2426830279524
7551000.0,-0.0014072698368174765,0.23042953581622974,400941.2686434239,7551000.0,0.0013839235052700402,0.23231844631324094,407541.5186158539
7551000.0,-0.0022000318751318536,0.4402962827378212,1463843.026091805,7551000.0,-0.003760426671084279,0.43299296642046237,1415683.4456293867
7551000.0,-0.0001850228699946223,0.08596223105156299,55798.15351875273,7551000.0,0.00019197504749212164,0.08556450368356544,55283.017678432996
