cur_n,cur_mean,cur_std,cur_S,next_n,next_mean,next_std,next_S
3601000.0,-0.02320660402606276,0.1320117303606476,62754.97612707717,3601000.0,-0.022559672287959427,0.13338078532029085,64063.35244745973
3601000.0,-0.002930006247115574,0.10560565124887805,40160.34542609447,3601000.0,-0.002426199071116963,0.10601925105669205,40475.533822233454
3601000.0,0.002932369065931383,0.054283397261035565,10611.020672736051,3601000.0,0.003166959924550383,0.053690654557564645,10380.553678937873
3601000.0,0.006759900076052768,0.1926188391986032,133604.36398839668,3601000.0,0.006805576128546149,0.18868321215031156,128200.47772504148
3601000.0,-0.0006372063016958585,0.2318453354086443,193561.88664223911,3601000.0,-0.0005937923536971818,0.22872404188341033,188385.18909507804
3601000.0,7.308548063878265e-05,0.06562224650314837,15506.911529268,3601000.0,7.740431565326044e-05,0.06279261010953514,14198.425695609512
