cur_n,cur_mean,cur_std,cur_S,next_n,next_mean,next_std,next_S
101000.0,-0.015786145321770806,0.14885835330398908,2238.039744185899,101000.0,-0.02027891746383682,0.153484929804226,2379.3199913778267
101000.0,-0.007670806141006719,0.204871576608814,4239.208653120296,101000.0,-0.010325339731686147,0.20114651398134703,4086.4519287716726
101000.0,0.0004562425194842046,0.02413481412087203,58.83141451755343,101000.0,0.00043978413238938974,0.023069618122266995,53.7529353110302
101000.0,0.0002992861806944031,0.41066026021943586,17032.82678167297,101000.0,0.0031321772295673693,0.41298667560465113,17226.35741692512
101000.0,-0.004404754763733166,0.4870622016621554,23960.1884170866,101000.0,-0.005951806922516348,0.48024933922538676,23294.58221046848
101000.0,-0.0010120281230761858,0.08494653504830994,728.8072954880888,101000.0,-0.0006348367940339495,0.08455288040989527,722.0681481466153
