cur_n,cur_mean,cur_std,cur_S,next_n,next_mean,next_std,next_S
17651000.0,-0.023456492300143315,0.07381616082499044,96177.22064690501,17651000.0,-0.023412895488190155,0.07036445186788867,87392.85608578433
17651000.0,-0.024018462098136222,0.0821294729513944,119060.4135267103,17651000.0,-0.023987603567408,0.07707830942645513,104865.75215409642
17651000.0,-0.03327649031683641,0.12285932431523526,266431.4939451834,17651000.0,-0.03319781938075894,0.11603734178921774,237664.79643450107
17651000.0,0.03240688418806282,0.1355859343308606,324487.96318036196,17651000.0,0.03262537809382485,0.1248373035301616,275079.4033771847
17651000.0,0.03215156199637379,0.1421039571485222,356436.07988243573,17651000.0,0.032381761121367994,0.1286521148049106,292148.17262928834
17651000.0,0.04871102992093509,0.2084775720886939,767163.6137276033,17651000.0,0.049052910894336596,0.18886105756030352,629584.6769574172
