cur_n,cur_mean,cur_std,cur_S,next_n,next_mean,next_std,next_S
5001000.0,-0.023996919973692403,0.07616342539159018,29010.137704269007,5001000.0,-0.02396328737665628,0.07244411427991941,26245.99661870392
5001000.0,-0.02567301606784036,0.08720029083656428,38027.05750062896,5001000.0,-0.025644824055004147,0.08161844627386805,33314.515431573585
5001000.0,-0.03468788924624353,0.12811278165038864,82080.83699582297,5001000.0,-0.034615440234541967,0.12066803430325891,72818.43328756497
5001000.0,0.032606164396777666,0.1409712584578705,99384.35145168984,5001000.0,0.03282694631133662,0.1300457794899383,84576.43572049144
5001000.0,0.03223106771855596,0.15028436210725368,112949.53285941473,5001000.0,0.032474073370882255,0.13632379506066086,92939.46967580506
5001000.0,0.04864888255676249,0.2185750419862888,238923.01994551884,5001000.0,0.04901339752669861,0.1982103043384698,196475.91105449005
