cur_n,cur_mean,cur_std,cur_S,next_n,next_mean,next_std,next_S
1251000.0,-0.0076441219519817185,0.10293275239141864,13254.534545106248,1251000.0,-0.01216068971433732,0.10695873747092748,14311.654573239855
1251000.0,-0.016124451528093525,0.17590443061907166,38708.90325798617,1251000.0,-0.018738428392260736,0.1714108564469357,36756.48381654787
1251000.0,6.566787175958336e-05,0.023460238798510592,688.5288884084102,1251000.0,7.274667876159948e-05,0.022301200830868867,622.1767916819315
1251000.0,-0.0008715575424244429,0.28009501704371426,98144.97643447094,1251000.0,0.0019239835673517192,0.2820483061653792,99518.6100104601
1251000.0,-0.0023709491860145074,0.4583312606043634,262794.4981034283,1251000.0,-0.003929911855567414,0.45110054475319017,254568.1185472578
1251000.0,0.0001649754458488961,0.08659787125624444,9381.488323947471,1251000.0,0.0005419898976993083,0.0862017505865009,9295.85799702581
