cur_n,cur_mean,cur_std,cur_S,next_n,next_mean,next_std,next_S
9201000.0,-0.02347252554950867,0.07437242521299717,50893.10147261034,9201000.0,-0.02342835708451744,0.07079495818323872,46114.73208443613
9201000.0,-0.02471064019885266,0.08434282064751998,65453.258543368225,9201000.0,-0.024677460335987465,0.07900925175951219,57436.891606965015
9201000.0,-0.03370352581130528,0.12485335956594631,143428.5131945069,9201000.0,-0.033622308764463656,0.11770320518970272,127471.06355426113
9201000.0,0.03245287562643563,0.13817470259787518,175667.77787814153,9201000.0,0.03267717392076127,0.12742903039410317,149407.2897998549
9201000.0,0.03226018490017343,0.14637266050413134,197131.01779187378,9201000.0,0.03249472046230308,0.13264748436948365,161894.86236299167
9201000.0,0.04854974504591653,0.21316972026629993,418105.674003034,9201000.0,0.04889323206444538,0.19322419805011493,343524.7701421245
