cur_n,cur_mean,cur_std,cur_S,next_n,next_mean,next_std,next_S
13101000.0,-0.02345854956096907,0.07405563071431767,71848.98160693012,13101000.0,-0.02341541412640098,0.07054650327874874,65201.17634477131
13101000.0,-0.02436848096265173,0.08315291905751476,90585.65852393917,13101000.0,-0.0243364971105422,0.0779403835899922,79584.6891668263
13101000.0,-0.03357488549071468,0.1241548167947645,201944.29720530746,13101000.0,-0.033498785148994924,0.11708940134592238,179613.76551676655
13101000.0,0.03241786264509784,0.1368221628103778,245254.70579727087,13101000.0,0.03263831843663187,0.12605656887180716,208178.2773386536
13101000.0,0.032191062721388726,0.14414134488345753,272195.9044203401,13101000.0,0.032426547813710835,0.13047972102849464,223043.9695133263
13101000.0,0.048590919948045055,0.21093547390158376,582912.9351402731,13101000.0,0.0489414960686532,0.1909838508721803,477856.7647822644
