cur_n,cur_mean,cur_std,cur_S,next_n,next_mean,next_std,next_S
11101000.0,-0.023415236263535418,0.07408353321016672,60926.39418110372,11101000.0,-0.02337181268270195,0.0705429357735488,55241.97054760398
11101000.0,-0.024472293331191764,0.08361680183920671,77615.63377252032,11101000.0,-0.024437376199057177,0.07836391287775245,68170.16244362445
11101000.0,-0.03362512370721009,0.12450909407123768,172093.41353599392,11101000.0,-0.03354692184958007,0.11739420989582851,152987.32713994788
11101000.0,0.03244839091532714,0.1375223380646903,209946.47987471335,11101000.0,0.032670724516475166,0.12677477486096764,178413.53514918528
11101000.0,0.03224820299730212,0.14522112052079936,234110.91885685883,11101000.0,0.03248196149546216,0.1315814952897011,192199.27160957994
11101000.0,0.04859805809585677,0.21221899354155044,499954.6404408735,11101000.0,0.04894410821599743,0.19225825306674368,410328.8814181366
