cur_n,cur_mean,cur_std,cur_S,next_n,next_mean,next_std,next_S
26751000.0,-0.023345771410982256,0.07344674742223112,144306.255334416,26751000.0,-0.023301598549713413,0.07007590464285063,131364.32764040818
26751000.0,-0.023661588600344494,0.08068767359187842,174162.4034143292,26751000.0,-0.023625862974923424,0.07592115490830488,154193.34617160223
26751000.0,-0.032972969813270164,0.12148600605329145,394813.9874360416,26751000.0,-0.03289079891636965,0.11496078409916514,353540.73129046825
26751000.0,0.03223953878440902,0.1339845328728607,480230.07442004414,26751000.0,0.03245877000515546,0.12325858418715556,406419.3445818174
26751000.0,0.03224572508379336,0.13977893185426388,522665.0450408222,26751000.0,0.032470676445287255,0.12667259396674047,429245.1031115892
26751000.0,0.048698938284572356,0.20562712657616808,1131099.5636864202,26751000.0,0.04903855630920418,0.18638488755863555,929311.7181253699
