cur_n,cur_mean,cur_std,cur_S,next_n,next_mean,next_std,next_S
6351000.0,-0.023883533776162015,0.07551094784682275,36212.787507252186,6351000.0,-0.023844678684553772,0.07187401612774687,32808.4670082001
6351000.0,-0.025384417478546546,0.08627715940007388,47275.24503505971,6351000.0,-0.02535907315773512,0.08079792060531175,41461.25853977751
6351000.0,-0.03438713641317418,0.1268285874763685,102158.95080854416,6351000.0,-0.03431461380631306,0.11950666347368295,90703.9824454015
6351000.0,0.03262515001444806,0.1395098416743556,123609.48711334789,6351000.0,0.03283970728652821,0.12865040235924194,105114.93119871445
6351000.0,0.03230375154518632,0.14862635703337285,140292.2817258288,6351000.0,0.032545140297794435,0.13471938148108112,115266.2789029428
6351000.0,0.04844431701940508,0.21558768713446508,295182.1009101678,6351000.0,0.048807729226469365,0.19536487044652814,242401.364471743
