cur_n,cur_mean,cur_std,cur_S,next_n,next_mean,next_std,next_S
20051000.0,-0.02331902434955296,0.073560649545991,108499.35285980515,20051000.0,-0.02327425840779322,0.07013932717786193,98641.40012532833
20051000.0,-0.02384604124504316,0.08173137831945068,133941.04496824532,20051000.0,-0.023812043300509574,0.07676794086076062,118166.89403396889
20051000.0,-0.03311303432434211,0.12226097351775778,299717.24793811835,20051000.0,-0.03303272766065075,0.11555843387258699,267756.07411529456
20051000.0,0.032376828287575654,0.13524847548363675,366775.90206911083,20051000.0,0.03259520137521451,0.12453444035193686,310967.48684392474
20051000.0,0.03227209778718642,0.1417504094831283,402888.32388071145,20051000.0,0.03249843001331876,0.12842853984815603,330718.985332812
20051000.0,0.04882686980003036,0.20788189328749956,866501.5900953037,20051000.0,0.049165747357063805,0.1884800023913343,712305.9863051211
