cur_n,cur_mean,cur_std,cur_S,next_n,next_mean,next_std,next_S
28051000.0,-0.023423107892662432,0.07351037464982656,151581.29760665924,28051000.0,-0.023379055615150586,0.0701453808525249,138021.4238356837
28051000.0,-0.023714757310651043,0.0806128586757026,182287.54363050373,28051000.0,-0.02367783183907273,0.0758780740441181,161503.1309662036
28051000.0,-0.033103876969659,0.12166710738402692,415235.7276734765,28051000.0,-0.0330205459857874,0.11517411146514918,372098.6455235661
28051000.0,0.032225369682863284,0.13371111783540107,501514.3767328627,28051000.0,0.032443877675448055,0.12296066051293167,424112.1584714627
28051000.0,0.03224251000741914,0.13942205689632395,545269.6425850594,28051000.0,0.03246699510872605,0.12633471519854841,447706.8708738328
28051000.0,0.04883404606018205,0.20550023850592436,1184603.492477096,28051000.0,0.049174514813405096,0.18623756377453932,972932.9504371113
