cur_n,cur_mean,cur_std,cur_S,next_n,next_mean,next_std,next_S
15251000.0,-0.02347197042451329,0.07387873289127582,83240.98246488594,15251000.0,-0.023426937501164282,0.07039329299634407,75571.99462345331
15251000.0,-0.02425794214915886,0.08274480167737565,104419.05532278509,15251000.0,-0.02422477143164928,0.07760362689055285,91846.44664807066
15251000.0,-0.03344244362438495,0.12355967896221569,232836.9295392638,15251000.0,-0.03336915692935372,0.11659440031546792,207325.97057426957
15251000.0,0.03235812341302313,0.13601939326131404,282162.95025877724,15251000.0,0.03257907422218394,0.12523732424566167,239202.5919966324
15251000.0,0.03221550073945636,0.14319269713650867,312708.76897523867,15251000.0,0.03244874231440632,0.129621355336618,256242.66202511158
15251000.0,0.04860732396567142,0.2095926981090343,669962.6903836287,15251000.0,0.04895971206099041,0.1897957848215235,549378.2314642112
