cur_n,cur_mean,cur_std,cur_S,next_n,next_mean,next_std,next_S
1601000.0,-0.02638843955703373,0.08311936927903589,11061.036108500923,1601000.0,-0.026371202292423575,0.07912294314832555,10022.964652057502
1601000.0,-0.030403306984626857,0.0966797979046771,14964.520299945618,1601000.0,-0.030398339984736143,0.09058069350904933,13135.98412056511
1601000.0,-0.04099495564444738,0.143311807859789,32881.777109537776,1601000.0,-0.040920785808228305,0.1350294091374342,29190.939072539364
1601000.0,0.032183763288148176,0.1455112297044,33898.80227010875,1601000.0,0.032390051859734204,0.1343680343828579,28905.684630924537
1601000.0,0.031909779105772085,0.16069161562068884,41340.694324590324,1601000.0,0.03214366640828223,0.14597996414751993,34117.550041950446
1601000.0,0.04877532169938994,0.23458519864990884,88103.37489641312,1601000.0,0.049148111982474825,0.21260638999565332,72367.56478424111
