cur_n,cur_mean,cur_std,cur_S,next_n,next_mean,next_std,next_S
1601000.0,-0.011513251383288979,0.11954845463221103,22881.22464092466,1601000.0,-0.01088732931666927,0.12075922873156077,23347.0489094701
1601000.0,0.0024526522967790346,0.11598497094576722,21537.474089950036,1601000.0,0.0030370113472061705,0.11574017140518185,21446.655430318297
1601000.0,0.004164942962304979,0.0477121103508392,3644.5892040831823,1601000.0,0.004424867049380495,0.04616739460386963,3412.416747539566
1601000.0,0.004523276559218583,0.1904430867483849,58065.97943369482,1601000.0,0.004542444664549637,0.18648842576225083,55679.470642195345
1601000.0,0.001384974506123094,0.21296038943619805,72608.75607757622,1601000.0,0.0014272079754286198,0.20927306584175048,70116.14095497582
1601000.0,9.921062058598574e-05,0.06566873478061881,6904.124747027296,1601000.0,0.00010681601491595836,0.06247081007105758,6248.0659796055725
