cur_n,cur_mean,cur_std,cur_S,next_n,next_mean,next_std,next_S
32701000.0,-0.02349795481855978,0.07351022917282882,176708.15278626033,32701000.0,-0.023454187489566573,0.07015868780890816,160962.2184761934
32701000.0,-0.023772799170372578,0.08032543836804049,210992.6089789334,32701000.0,-0.023735153387998552,0.07566983371424978,187243.4320367247
32701000.0,-0.032978747318725216,0.12120566089183032,480404.2508060018,32701000.0,-0.03289553949350439,0.11482542096292608,431158.67256484047
32701000.0,0.03220485753424178,0.13330323361239413,581088.6631448128,32701000.0,0.032422899267517694,0.12254825999617999,491106.1041946145
32701000.0,0.03228681789317243,0.1388536919585678,630486.6524439327,32701000.0,0.03250835601323021,0.12584929473192003,517919.90903884324
32701000.0,0.04883916081359212,0.20464371975161624,1369486.8805565757,32701000.0,0.04918663403397136,0.1855106690622803,1125379.0267934068
