cur_n,cur_mean,cur_std,cur_S,next_n,next_mean,next_std,next_S
1801000.0,-0.017837419358588798,0.06586367437123447,7812.780506625693,1801000.0,-0.017776225639008877,0.062152150537906674,6957.06455949239
1801000.0,-0.01902219264573748,0.08235521269992865,12215.068286989732,1801000.0,-0.0189802026714102,0.07592843713754363,10382.994746635995
1801000.0,-0.02488009915185385,0.10665965417633065,20488.68357405502,1801000.0,-0.024836085871861556,0.10027028521272922,18107.488304052356
1801000.0,0.03238884514880208,0.15084061865113613,40977.95891533851,1801000.0,0.03260051147991623,0.14152486997823754,36072.749169065035
1801000.0,0.032112447579698694,0.15850018953837916,45245.28046074751,1801000.0,0.03236218829825746,0.14428328299903764,37492.61602111767
1801000.0,0.04848859050422605,0.22361208998826979,90054.26258684864,1801000.0,0.048781670369618065,0.2075427077819157,77576.22997176282
