cur_n,cur_mean,cur_std,cur_S,next_n,next_mean,next_std,next_S
5951000.0,-0.0038798967956549363,0.0840160489543269,42006.302763762236,5951000.0,-0.008406415695577997,0.08805143225071146,46138.428647061104
5951000.0,-0.022491358389855436,0.15832531937553834,149173.16210118437,5951000.0,-0.025101132433493552,0.15374466610409937,140666.30043734843
5951000.0,-1.627775849531145e-05,0.022245248334010044,2944.858738052013,5951000.0,-1.3711609167757685e-05,0.021021892951870378,2629.86582049867
5951000.0,-0.0013669884533261151,0.23301701356801258,323121.0221709366,5951000.0,0.0014244799981260874,0.23490915618552707,328389.9366874481
5951000.0,-0.0021600794768911542,0.4413744465907154,1159322.653916502,5951000.0,-0.003720414032960113,0.43407250667734465,1121281.1182073161
5951000.0,-6.068214150556708e-05,0.08612614613330294,44142.81034730934,5951000.0,0.0003163171079264603,0.08572837298914084,43736.00526935862
