cur_n,cur_mean,cur_std,cur_S,next_n,next_mean,next_std,next_S
2301000.0,-0.017667044518550726,0.0654076932063439,9844.060726653548,2301000.0,-0.017617480818327813,0.061692641655948156,8757.564661359718
2301000.0,-0.01869608729479963,0.0816609747923101,15344.252564073733,2301000.0,-0.01865134150859102,0.07526413633689381,13034.45219285718
2301000.0,-0.02480214298326931,0.1064945006301692,26095.822006943417,2301000.0,-0.024769869541746276,0.10013036490765982,23070.033036021105
2301000.0,0.032340132692157963,0.1507368991739581,52282.43098970661,2301000.0,0.032541556052918724,0.14147717429185588,46056.3347357444
2301000.0,0.03199211684181497,0.15795087317333603,57406.44865164057,2301000.0,0.03224696349495628,0.14377687777915069,47565.79013360184
2301000.0,0.04885177541290306,0.22479127149735617,116272.09732095702,2301000.0,0.049179220598475036,0.20884455341678138,100360.52527875801
