cur_n,cur_mean,cur_std,cur_S,next_n,next_mean,next_std,next_S
3701000.0,-0.004568163996829973,0.087871351317003,28576.80658880408,3701000.0,-0.009091797819343416,0.09189608752000718,31254.541226395315
3701000.0,-0.021199341048743516,0.16114806503149154,96110.15449342054,3701000.0,-0.023811517797691042,0.15659719406019124,90758.44307503074
3701000.0,-2.6166540160786756e-05,0.022651265458830637,1898.9084393066178,3701000.0,-1.905654705082898e-05,0.021440715607176877,1701.3655615527487
3701000.0,-0.0012230933235956396,0.24204635281271827,216828.40300368384,3701000.0,0.0015691257553384227,0.24394379552164983,220241.23745735493
3701000.0,-0.002280319778893107,0.4441568613134643,730115.9498892153,3701000.0,-0.0038404789493322405,0.43687100485354124,706359.0733373303
3701000.0,0.00016651673090936912,0.08626637795173889,27542.42735814028,3701000.0,0.0005435174713139699,0.0858678563794294,27288.54169779296
