cur_n,cur_mean,cur_std,cur_S,next_n,next_mean,next_std,next_S
7401000.0,-0.017826253221591287,0.06519482144763328,31456.94946730059,7401000.0,-0.01778129989997964,0.06152919240901271,28019.01307845778
7401000.0,-0.018800828149611506,0.08020426251827685,47608.58829687105,7401000.0,-0.018758930706147443,0.07408657889989367,40622.765502040354
7401000.0,-0.023853650057803117,0.10390672435451553,79905.6911163971,7401000.0,-0.023789974964194934,0.09795026391470475,71007.07534130727
7401000.0,0.0325192616182349,0.15097537204048433,168695.15948740646,7401000.0,0.032740376204323886,0.14173457987336943,148676.40306704785
7401000.0,0.032278783576210585,0.15667175035801315,181665.22250316283,7401000.0,0.03250950147801532,0.14309725893530695,151548.98563502208
7401000.0,0.048926977581273325,0.22345274271479598,369540.2800062864,7401000.0,0.049262839476986016,0.20822816670680772,320899.732603988
