cur_n,cur_mean,cur_std,cur_S,next_n,next_mean,next_std,next_S
2651000.0,-0.017574338113120515,0.06517782364649945,11261.842191224876,2651000.0,-0.017522910876014063,0.06147549014126216,10018.754339375424
2651000.0,-0.01859176486507757,0.08125745400502009,17503.95342698296,2651000.0,-0.018541812974479776,0.07492329195094545,14881.387643108275
2651000.0,-0.02464046388108833,0.10616242669439331,29877.991691194093,2651000.0,-0.024614146166583716,0.09985220288113827,26431.695875992613
2651000.0,0.03227031499398652,0.15073618817570156,60234.4272266381,2651000.0,0.032477506713955606,0.14152259330048964,53095.93634282836
2651000.0,0.03202674181501051,0.15755517467679883,65807.4512617744,2651000.0,0.03226483861064984,0.14354898921107964,54627.33391663856
2651000.0,0.0489095330243733,0.22507779325758945,134299.69450993906,2651000.0,0.049241152378694315,0.2092617443671632,116088.55626496366
