cur_n,cur_mean,cur_std,cur_S,next_n,next_mean,next_std,next_S
2151000.0,-0.025871092978707676,0.08120922337376313,14185.711554045944,2151000.0,-0.025851004416310722,0.07726579231338956,12841.475725565895
2151000.0,-0.028845692833662756,0.09405165320659882,19027.129675893706,2151000.0,-0.028833110705671714,0.08814938898082147,16713.947086815857
2151000.0,-0.03850068791878565,0.1369591779269924,40348.06311605918,2151000.0,-0.03843098929548818,0.12910021089436183,35850.42543833567
2151000.0,0.03238261061818354,0.14426493259118103,44767.409538182255,2151000.0,0.032596618473459904,0.1330676699435341,38087.767290817064
2151000.0,0.03235709667536819,0.1579150894349192,53639.86443863406,2151000.0,0.032590595415163744,0.14349935750781742,44293.53311669141
2151000.0,0.048703813754073386,0.22758860684664528,111414.43060171966,2151000.0,0.04903375870361634,0.20647257026829896,91699.11380964814
