cur_n,cur_mean,cur_std,cur_S,next_n,next_mean,next_std,next_S
1501000.0,-0.011085073883466707,0.11966385711466909,21493.477488039473,1501000.0,-0.010460494342129553,0.1208424825411156,21918.96128563644
1501000.0,0.002598101772890756,0.11608921642375905,20228.535960993435,1501000.0,0.0031855531575351224,0.11582537899847882,20136.69314863203
1501000.0,0.00409578917623782,0.04771903127544361,3417.936024746015,1501000.0,0.004357487463563638,0.04618171000612795,3201.2582589742387
1501000.0,0.004502769109625291,0.19113443440770642,54835.090396547086,1501000.0,0.004526871391448422,0.18718937094250893,52594.83075137216
1501000.0,0.0012255105146164957,0.21436957913166518,68977.42900208797,1501000.0,0.0012795789743465455,0.21068339748532225,66625.6284579134
1501000.0,0.00023608670919965895,0.06564304063569669,6467.82218463349,1501000.0,0.00024116537021990462,0.06244551890617044,5853.063690022796
