cur_n,cur_mean,cur_std,cur_S,next_n,next_mean,next_std,next_S
3651000.0,-0.0045758276227256265,0.08793583365513144,28232.127279114386,3651000.0,-0.009100028064363887,0.09196003767266858,30875.22377849774
3651000.0,-0.02123163406026244,0.16135430302443268,95054.55574253114,3651000.0,-0.02384279821934886,0.1567962332743386,89760.04956569496
3651000.0,-2.5911089617615032e-05,0.022668701756190988,1876.1395135249586,3651000.0,-1.8712506200212714e-05,0.021458454462240754,1681.1586931323277
3651000.0,-0.0012514345850192649,0.2421995947544745,214170.01014589483,3651000.0,0.001540809560366838,0.24410153916637198,217546.88475680357
3651000.0,-0.0022297083638077647,0.4442973571657265,720707.9169248239,3651000.0,-0.0037898306638559326,0.4370090653484443,697256.7465912278
3651000.0,0.00017094638801534078,0.08628321660479778,27180.940950464817,3651000.0,0.0005479470656912269,0.08588474891009187,26930.470038121122
