cur_n,cur_mean,cur_std,cur_S,next_n,next_mean,next_std,next_S
501000.0,-0.011248945259821605,0.12176869793200167,7428.635513823589,501000.0,-0.01575216217308621,0.12618771269931453,7977.592756978659
501000.0,-0.009528198083047393,0.19503658246810673,19057.673518920135,501000.0,-0.012155224215549624,0.1907670036781482,18232.416895861643
501000.0,0.00017147256711369394,0.023825430565232522,284.3932219509768,501000.0,0.0001809419030551359,0.02269163627079697,257.9700886797204
501000.0,-0.00020766380318007553,0.33666242758307174,56784.13666320965,501000.0,0.0025950471823708594,0.33878734439117963,57503.20922453351
501000.0,-0.003024646419875338,0.48072478748290876,115779.25697154437,501000.0,-0.004581093350734467,0.4736906125286595,112415.78099528611
501000.0,0.000284523779529436,0.08657137090366812,3754.795732330378,501000.0,0.0006615618539673639,0.08617538207938942,3720.5244347409043
