cur_n,cur_mean,cur_std,cur_S,next_n,next_mean,next_std,next_S
15201000.0,-0.023471157790864998,0.07388449766164384,82981.02763863922,15201000.0,-0.023426289374450973,0.07039805569250429,75334.4268145763
15201000.0,-0.02425964594864731,0.08276075480435384,104116.85588648873,15201000.0,-0.024226645454994332,0.07761729837976142,91577.58856315607
15201000.0,-0.03344260676042455,0.12357366416733682,232126.11768175024,15201000.0,-0.03336871906767684,0.11660626432560088,206688.3143964529
15201000.0,0.032358547473111385,0.1360420937750513,281331.7668875165,15201000.0,0.03257919446102674,0.1252586898421342,238499.72833009422
15201000.0,0.03221514980147221,0.14322583297789093,311827.82996883505,15201000.0,0.032448126636685816,0.12964995407487115,255515.2901031578
15201000.0,0.048606493687902694,0.20962484453844904,667971.0893815355,15201000.0,0.04895761758761212,0.18982288726364116,547733.5063709253
