cur_n,cur_mean,cur_std,cur_S,next_n,next_mean,next_std,next_S
18551000.0,-0.023408089968042143,0.07373065546052207,100847.12344809347,18551000.0,-0.023365262353112842,0.07029173003634089,91659.14255567039
18551000.0,-0.023959793774213586,0.08201685037687614,124788.1942472763,18551000.0,-0.023928569228336246,0.07699502133293833,109974.65613491615
18551000.0,-0.033205876105227704,0.12263295509568858,278985.55192222225,18551000.0,-0.03312534210616633,0.11585787664988963,249010.9556903621
18551000.0,0.03239277574480527,0.13543934415283337,340296.12958734034,18551000.0,0.032611601497461715,0.12471406947511218,288534.8173686747
18551000.0,0.03220408328708092,0.14200601470126945,374094.0530285155,18551000.0,0.032432480910027144,0.12859015968064574,306748.74647133984
18551000.0,0.04874462738675622,0.20824379563194081,804472.9901545335,18551000.0,0.04908493969279467,0.18869693898777892,660536.8267660661
