cur_n,cur_mean,cur_std,cur_S,next_n,next_mean,next_std,next_S
9601000.0,-0.0035624648763163936,0.08203846209712098,64617.69923656653,9601000.0,-0.00808938133510151,0.08609074932539333,71158.93596343344
9601000.0,-0.023096937675633308,0.15644013247435093,234970.2179815363,9601000.0,-0.02570716270727162,0.15185538104348362,221399.6048746232
9601000.0,-2.1358019859032385e-05,0.022000319874037413,4647.01912985023,9601000.0,-1.9815190623245588e-05,0.020765859317399736,4140.15198753755
9601000.0,-0.0013866503468076869,0.22812805516409182,499659.17411788175,9601000.0,0.0014043657850980958,0.23001675022680093,507966.8794004107
9601000.0,-0.002182547774067525,0.43978779976986754,1856961.178042469,9601000.0,-0.003743026394022786,0.4324837538488906,1795792.1366923298
9601000.0,-0.00011184984063473379,0.08608198828298519,71144.45369352594,9601000.0,0.0002651469255811359,0.08568426930340835,70488.56425217251
