cur_n,cur_mean,cur_std,cur_S,next_n,next_mean,next_std,next_S
1401000.0,-0.026564335982714446,0.08466895676260994,10043.533967215464,1401000.0,-0.02654035110333456,0.08064831991889257,9112.316259541803
1401000.0,-0.030846611949961487,0.09756847491165936,13336.96982251853,1401000.0,-0.03083494105727526,0.09148162789730963,11724.812428081286
1401000.0,-0.04164627616376408,0.14532418454021423,29587.88517580181,1401000.0,-0.04158850942067151,0.1369555231673671,26278.29827179216
1401000.0,0.03238700908460347,0.1480756484254678,30718.883116928464,1401000.0,0.032592619190615034,0.13695286619656344,26277.27867079479
1401000.0,0.03184218624570335,0.16231483873567126,36910.895730175536,1401000.0,0.03206811681829842,0.147669196294721,30550.474339594708
1401000.0,0.04835467843955828,0.237117914473798,78771.09241552914,1401000.0,0.04874440548039236,0.2152745765502242,64926.74377573855
