cur_n,cur_mean,cur_std,cur_S,next_n,next_mean,next_std,next_S
1401000.0,-0.013464239139753935,0.14523357240023305,29550.99956353936,1401000.0,-0.012827551138018048,0.14671664112053245,30157.607667149252
1401000.0,-0.0057199240711263205,0.13706537694129747,26320.47149604,1401000.0,-0.005186417497278716,0.13778399011199144,26597.183531585073
1401000.0,0.0015794125009713684,0.065147917043004,5946.195784154027,1401000.0,0.0018253418387223184,0.06517941560839441,5951.947062891582
1401000.0,0.007194720906492053,0.20660479816640892,59802.445218160974,1401000.0,0.007216518745425827,0.20307950932473076,57779.043237710335
1401000.0,0.0007628143106235175,0.25477118027241163,90936.60437065414,1401000.0,0.0008180048149801593,0.2519400767091027,88926.79695531614
1401000.0,0.0005866547549540851,0.06859251419229802,6591.611137512069,1401000.0,0.0005858472712866863,0.06609027306277422,6119.461795110396
