cur_n,cur_mean,cur_std,cur_S,next_n,next_mean,next_std,next_S
26801000.0,-0.02335046858313463,0.07345578080994303,144611.54223361134,26801000.0,-0.023306003800757993,0.07008456760886342,131642.401180109
26801000.0,-0.023665493593007434,0.08068933095367026,174495.09664545467,26801000.0,-0.023629603667098327,0.07592407006296151,154493.41078441797
26801000.0,-0.03297495113536696,0.1214881097806101,395565.6292849754,26801000.0,-0.032892930410192256,0.11496417604896345,354222.43232151185
26801000.0,0.03224166997094978,0.13398310379060072,481117.4037886267,26801000.0,0.03246077966153278,0.12325407138435711,407149.1633896942
26801000.0,0.0322476932759194,0.13976961460896872,523572.14604595036,26801000.0,0.032472500296774794,0.1266639087525937,429988.43066278886
26801000.0,0.04869853890917679,0.20561103183886237,1133036.2997873707,26801000.0,0.04903825041163322,0.18636905074636576,930890.471862595
