cur_n,cur_mean,cur_std,cur_S,next_n,next_mean,next_std,next_S
7851000.0,-0.0036304771200306,0.08272138410308655,53723.0378226414,7851000.0,-0.008158264177961077,0.0867585840771885,59094.88455387798
7851000.0,-0.02284893374048454,0.15704525134504746,193630.8693256987,7851000.0,-0.025459680703485924,0.1524678473267802,182507.83552189797
7851000.0,-9.715522693365848e-06,0.022081922416865688,3828.236297649756,7851000.0,-9.234444438066881e-06,0.020853541637214652,3414.16593089692
7851000.0,-0.0014302510315087164,0.2298936759926686,414934.00385442487,7851000.0,0.0013609033420544372,0.23178602393455586,421793.09775830683
7851000.0,-0.002208678030782011,0.4401613825185585,1521068.7769287536,7851000.0,-0.0037690960405245832,0.43285786504881374,1471009.9269080784
7851000.0,-0.00016493860549845812,0.0860721084216141,58163.41001576357,7851000.0,0.00021205923350539334,0.08567474235134569,57627.60775568727
