cur_n,cur_mean,cur_std,cur_S,next_n,next_mean,next_std,next_S
19801000.0,-0.023337089116592984,0.0736025722062503,107268.7223190859,19801000.0,-0.02329342671292593,0.07017735501044098,97517.1757551333
19801000.0,-0.02387309213739286,0.08179914611996957,132490.47715823737,19801000.0,-0.02383955916502476,0.07682391374895926,116863.79364313287
19801000.0,-0.033105960230557056,0.12227448190930794,296045.7197874817,19801000.0,-0.033025579688152416,0.11556032755593611,264426.3024250427
19801000.0,0.03238970983406708,0.1353055007622517,362508.36260170565,19801000.0,0.032608090167216906,0.12458975590925371,307363.14670232043
19801000.0,0.03227656211447764,0.14183599353195178,398345.60886073933,19801000.0,0.03250344493855547,0.12848986717436892,326907.49978240835
19801000.0,0.048781831511876705,0.20787329080038117,855627.0508629888,19801000.0,0.04911990186646807,0.1884443823424539,703158.9589665296
