cur_n,cur_mean,cur_std,cur_S,next_n,next_mean,next_std,next_S
11901000.0,-0.023429407311446968,0.07405635931939865,65269.18217651785,11901000.0,-0.02338712310693365,0.07053885838634873,59216.16918568983
11901000.0,-0.024485934350144664,0.0835238882710595,83024.23119171744,11901000.0,-0.024450843846922657,0.07828757847969105,72940.57378108824
11901000.0,-0.033652778625141204,0.12438366652596737,184123.89962797082,11901000.0,-0.03357207603129159,0.11729183109950087,163726.50372146134
11901000.0,0.03240684222796218,0.1370785592730616,223626.1143387137,11901000.0,0.03262477912562356,0.1263341853007837,189943.84419616734
11901000.0,0.032275847101246764,0.1448089711942513,249559.6634843546,11901000.0,0.03251184719141482,0.13115492985246094,204716.42754841165
11901000.0,0.0485838534027461,0.21152110425394718,532464.7539607742,11901000.0,0.0489345108482191,0.1915584852766193,436703.06870280753
