cur_n,cur_mean,cur_std,cur_S,next_n,next_mean,next_std,next_S
4101000.0,-0.024114350981757928,0.13088229385873315,70250.84704231322,4101000.0,-0.0234661563177562,0.13226699873731088,71745.18627435576
4101000.0,-0.0027766556263694626,0.10257775282243953,43151.52322919026,4101000.0,-0.002277140711488759,0.10296132949195178,43474.84605544681
4101000.0,0.0031274153487815507,0.053625507969693544,11793.225625636436,4101000.0,0.0033696164037978526,0.05294940519648857,11497.72563322458
4101000.0,0.006733940919625354,0.19120312318876811,149926.959334588,4101000.0,0.0067848041993044395,0.1872406186868577,143777.16112285896
4101000.0,-0.0007608903555834218,0.2290743739962671,215200.25723812653,4101000.0,-0.0007189206100123039,0.2259229678719454,209319.9095768912
4101000.0,7.29397191329019e-05,0.0654790287253523,17583.050634746418,4101000.0,7.893637922393463e-05,0.06258439347568329,16062.822663855228
