cur_n,cur_mean,cur_std,cur_S,next_n,next_mean,next_std,next_S
4651000.0,-0.02506224329083449,0.13038609691189693,79069.4848800893,4651000.0,-0.024412682221257878,0.13176850909192664,80755.03388562587
4651000.0,-0.002691412839412632,0.09989491726107505,46412.303394370785,4651000.0,-0.0021931333402891314,0.10026565225385223,46757.437952812346
4651000.0,0.003261025600561187,0.05301721513952303,13073.147545450835,4651000.0,0.0035078386253666067,0.052269010784109636,12706.762170312917
4651000.0,0.006810426588593125,0.18983929748413356,167617.1977009718,4651000.0,0.006862548898197785,0.1858402887549286,160629.7867119204
4651000.0,-0.0008995442353602092,0.22624420679949428,238068.13760415567,4651000.0,-0.0008566971484600057,0.22305169134031116,231396.81715245626
4651000.0,-2.7414938191039416e-05,0.06537521175238081,19877.994067570802,4651000.0,-1.1867509688151165e-05,0.06243642189469856,18131.024829188504
