cur_n,cur_mean,cur_std,cur_S,next_n,next_mean,next_std,next_S
6851000.0,-0.023854541745126332,0.07535355204183036,38901.05912425306,6851000.0,-0.023813844658007413,0.07173681999408035,35256.419869955
6851000.0,-0.025263601884027487,0.08584533404660456,50487.905857753474,6851000.0,-0.025233112674096093,0.08040016670564641,44286.14380993207
6851000.0,-0.03436314848022572,0.1267061208665061,109988.97573657292,6851000.0,-0.034291139842295114,0.1194443221370982,97742.84766800837
6851000.0,0.032617987458461783,0.13916924868767372,132690.71457477755,6851000.0,0.032834569686476335,0.12833490082001064,112834.92021086995
6851000.0,0.03230291944535318,0.14799021011273353,150044.4517833847,6851000.0,0.03253823653400281,0.134098702056323,123197.846430248
6851000.0,0.048555374589615126,0.2151702760514216,317189.29496560415,6851000.0,0.04891485601217394,0.19502703457326157,260581.51341312955
