cur_n,cur_mean,cur_std,cur_S,next_n,next_mean,next_std,next_S
4751000.0,-0.01759315170220055,0.06513483545516965,20156.339798206896,4751000.0,-0.017545983829575056,0.06147615829266484,17955.54000055615
4751000.0,-0.018447795178996498,0.08018618441515458,30548.094636711663,4751000.0,-0.018405462317802063,0.0739737271534916,25998.005579960274
4751000.0,-0.024368028878990262,0.1055597175159548,52939.69917369088,4751000.0,-0.024310219442641112,0.09943260682036036,46972.392513987856
4751000.0,0.032489657769200174,0.15142855858774731,108943.32029917935,4751000.0,0.03269541542301264,0.14221463437484336,96088.98559648966
4751000.0,0.031877704051291804,0.15644154273327818,116275.76634694127,4751000.0,0.03210443260481647,0.1426530653705479,96682.3609302252
4751000.0,0.04941466309187074,0.22597457113884062,242607.47181337033,4751000.0,0.04974919444499977,0.21053367446164717,210585.35781911574
