cur_n,cur_mean,cur_std,cur_S,next_n,next_mean,next_std,next_S
14551000.0,-0.023495725347769655,0.0740064860519068,79695.2446362559,14551000.0,-0.02345194544711374,0.07050872076758802,72340.00117700298
14551000.0,-0.024275290258607817,0.08284517801440561,99868.22054299121,14551000.0,-0.024242421021724,0.07767838453077756,87799.73614060335
14551000.0,-0.03342629345550167,0.12361484599738577,222348.44932658118,14551000.0,-0.03335137626792789,0.11661120236040755,197867.00827944177
14551000.0,0.03240748409519027,0.13637553276363143,270623.65866294724,14551000.0,0.03263066406557913,0.12558620403486084,229496.83896318084
14551000.0,0.03216395440383129,0.14344048576213447,299389.34167805756,14551000.0,0.03239947123741474,0.12982720290465827,245258.59813700235
14551000.0,0.04852121290519121,0.20981722263423538,640582.5568648035,14551000.0,0.0488727375469519,0.1899613865135179,525077.6130556761
