cur_n,cur_mean,cur_std,cur_S,next_n,next_mean,next_std,next_S
29601000.0,-0.02345927103577185,0.07351253752868274,159966.56204079118,29601000.0,-0.023415672219693144,0.07015215217959599,145676.1252051596
29601000.0,-0.023761829460872394,0.08054837788829362,192052.50698206678,29601000.0,-0.023724847607678234,0.07584551803781597,170281.01369277659
29601000.0,-0.033114503786686095,0.1215733778421633,437505.3316048207,29601000.0,-0.03302838899452521,0.11512194614263907,392303.9025790769
29601000.0,0.032188864636084454,0.133449566122397,527157.8950550762,29601000.0,0.03240862247350264,0.12268229100785302,445523.0089418187
29601000.0,0.03227076298624499,0.1391830409936805,573428.1713662574,29601000.0,0.0324948812740031,0.12612080955790295,470847.08112341183
29601000.0,0.04882547363013267,0.20511612399190496,1245391.7525396124,29601000.0,0.04917188226574479,0.18588384136453506,1022797.5062233752
