cur_n,cur_mean,cur_std,cur_S,next_n,next_mean,next_std,next_S
7501000.0,-0.0036904369405845517,0.08298891564223598,51660.588056175686,7501000.0,-0.008217966763811195,0.08701871412243588,56799.49681302418
7501000.0,-0.022793682718528913,0.1572124466435317,185392.86610071943,7501000.0,-0.025404163716261634,0.15263421821129863,174752.33147187644
7501000.0,-4.48386476594738e-06,0.022083221484860534,3658.002702291694,7501000.0,-4.542692131065369e-06,0.02085823997564143,3263.431377785728
7501000.0,-0.0014174116059984206,0.23051251751198354,398573.2914935736,7501000.0,0.0013737903431002283,0.23240210212869347,405134.53879084135
7501000.0,-0.0021953851476955778,0.4403358288292285,1454411.211772578,7501000.0,-0.0037557969312630684,0.4330324551573222,1406565.8212540564
7501000.0,-0.00019193424908091398,0.08598999521107029,55464.48885227558,7501000.0,0.00018506342623957048,0.08559244725620567,54952.828771824934
