cur_n,cur_mean,cur_std,cur_S,next_n,next_mean,next_std,next_S
51000.0,3.4972492267791366e-05,0.10931127860797762,609.3967371764563,51000.0,0.00047289604091170837,0.11012826896550118,618.5400168922263
51000.0,0.002830084852836529,0.09376835735591868,448.41774690259064,51000.0,0.0032202880399456826,0.09432199961441166,453.72862017431476
51000.0,0.004507753440170662,0.04594781803795955,107.67130110492145,51000.0,0.0047695346848000714,0.04456876461176542,101.30511372996664
51000.0,0.00187503800085403,0.21015401306592701,2252.400169593405,51000.0,0.002048995772181951,0.2065759009978827,2176.3537465274385
51000.0,-0.002363504125354559,0.21106020941254663,2271.8670118606697,51000.0,-0.002440713124408694,0.20847211017151124,2216.4916566874986
51000.0,0.0018615085974369862,0.06348817643256814,205.56817588337796,51000.0,0.0019830242331457287,0.0601431697822339,184.47724444418523
