cur_n,cur_mean,cur_std,cur_S,next_n,next_mean,next_std,next_S
23801000.0,-0.023243200409072774,0.07330907530832631,127911.82265749476,23801000.0,-0.0231969947031959,0.06992969465452326,116390.75039069612
23801000.0,-0.02369948273899569,0.08108824605916688,156498.8021487064,23801000.0,-0.023664013019514183,0.07623950259778872,138342.4022630823
23801000.0,-0.03308327589260057,0.12193492995620889,353876.29414067196,23801000.0,-0.03300342793646965,0.11534118757906488,316638.73493069905
23801000.0,0.03221655658882804,0.13427410675602455,429120.98026979814,23801000.0,0.03243480872366055,0.12358278911964311,363505.6699506129
23801000.0,0.03224609531647709,0.14058873439766592,470431.3404932309,23801000.0,0.03247139447358189,0.1273905138902363,386250.7924384292
23801000.0,0.04887102254717689,0.20681913359765491,1018067.6398796364,23801000.0,0.049210250997240704,0.18753653618987143,837080.037217466
