cur_n,cur_mean,cur_std,cur_S,next_n,next_mean,next_std,next_S
20651000.0,-0.02328981330907787,0.07349531324842616,111547.63764591998,20651000.0,-0.023245463042708164,0.07008230678752252,101428.00034396243
20651000.0,-0.023790281538066258,0.08158081993957951,137441.28868877306,20651000.0,-0.023756623345176305,0.07663748632800613,121289.60731975616
20651000.0,-0.03307674578417937,0.12213819671107097,308066.23006803216,20651000.0,-0.03300008622368077,0.11545905522213185,275294.21518049034
20651000.0,0.032353257354471754,0.13510682861685358,376960.3624735033,20651000.0,0.03257171973407521,0.12440531543131846,319608.97046374215
20651000.0,0.03224188859277664,0.14153636670532516,413692.0475610795,20651000.0,0.03246845590615702,0.12823773982457579,339603.9998691822
20651000.0,0.04882812561704994,0.20768489789598213,890739.9302272465,20651000.0,0.049167045910841055,0.1883204743938551,732379.4768189609
