cur_n,cur_mean,cur_std,cur_S,next_n,next_mean,next_std,next_S
4301000.0,-0.017518324462808516,0.06497766057801667,18159.236505399538,4301000.0,-0.01747229139971196,0.06131009880833974,16167.150256535931
4301000.0,-0.018347702605659464,0.0800679616874119,27573.188380229272,4301000.0,-0.018301381369353265,0.07386894022809273,23468.924041143033
4301000.0,-0.02443729054441211,0.10571613284873933,48067.5491020614,4301000.0,-0.02438260160784092,0.09956981054745702,42640.746988735336
4301000.0,0.03238007182781427,0.1511454351591383,98256.09799118416,4301000.0,0.03258147284150539,0.14190750646271738,86612.42141939503
4301000.0,0.03186108892224129,0.15631180412562184,105087.96784883812,4301000.0,0.032085081792837734,0.14257788125362278,87432.67301014306
4301000.0,0.04943323049239636,0.2261560003636419,219981.25348856274,4301000.0,0.04977242165271533,0.21070721861760117,190953.78503550953
