cur_n,cur_mean,cur_std,cur_S,next_n,next_mean,next_std,next_S
9951000.0,-0.0035000111254399166,0.08188302510545342,66719.76134398255,9951000.0,-0.008027459529078986,0.08593311645189397,73483.1645066941
9951000.0,-0.023082592746703417,0.1562554610523959,242961.318400642,9951000.0,-0.025693609496594043,0.1516758125765333,228928.24915359975
9951000.0,-2.4113754931122313e-05,0.021996408510621106,4814.711616280306,9951000.0,-2.2274120674424257e-05,0.020760276402983963,4288.772298542842
9951000.0,-0.0014132412632692458,0.2277426825282032,516125.8247086076,9951000.0,0.0013777507205884674,0.2296327177666401,524728.0226205582
9951000.0,-0.00222214116349906,0.43966521192025504,1923583.0162987567,9951000.0,-0.0037826022921133248,0.432363017579696,1860217.8385366446
9951000.0,-9.700936084640621e-05,0.08611211355646536,73789.61150265895,9951000.0,0.0002799876885053527,0.08571442536206172,73109.62597844223
