cur_n,cur_mean,cur_std,cur_S,next_n,next_mean,next_std,next_S
1301000.0,-0.018100512709215092,0.06678514900770059,5802.793222502984,1301000.0,-0.018041562807728534,0.06304422959709435,5170.921926023983
1301000.0,-0.019663451080373668,0.08347202590561673,9064.820420533122,1301000.0,-0.019624491186245943,0.0769775591408291,7709.1335392750725
1301000.0,-0.02492569010023342,0.10652318040410835,14762.691540391483,1301000.0,-0.02487909108571938,0.10007656747744564,13029.930484846116
1301000.0,0.032833931437897874,0.1522301620994821,30149.402950937805,1301000.0,0.033024547615922294,0.14289493910376289,26565.07167153
1301000.0,0.032578969932076554,0.16041551090398154,33478.81011629963,1301000.0,0.032835040583583566,0.14600089278336692,27732.455162295806
1301000.0,0.04818618395571283,0.22230441858761835,64294.45013517632,1301000.0,0.04848220640724546,0.20616847301880142,55299.576486242426
