cur_n,cur_mean,cur_std,cur_S,next_n,next_mean,next_std,next_S
26251000.0,-0.02332206393743913,0.07343882628206992,141578.4999105168,26251000.0,-0.02327760126628366,0.07006616287798317,128873.1727538372
26251000.0,-0.023669594675547287,0.08078311743659482,171311.71755989784,26251000.0,-0.023633255710688358,0.07600179752063385,151632.9484653713
26251000.0,-0.03297285852380733,0.12152889393839618,387708.16089667304,26251000.0,-0.03289180625202865,0.11499336853121638,347129.437136405
26251000.0,0.032254501870264206,0.1341105165655543,472140.7902844987,26251000.0,0.03247371853630776,0.12339333052075452,399695.46886037645
26251000.0,0.032276395683410695,0.14001111378620898,514601.29268292116,26251000.0,0.03250192680293069,0.12688733556738083,422651.4934898914
26251000.0,0.04871937739580614,0.2058317618008013,1112168.6135722382,26251000.0,0.0490594626609365,0.18659543572532009,914003.5544865875
