cur_n,cur_mean,cur_std,cur_S,next_n,next_mean,next_std,next_S
4851000.0,-0.004158686868919664,0.08572928641276713,35652.4756724338,4851000.0,-0.008685067187899883,0.0897472356688965,39072.70117082118
4851000.0,-0.0221743183172734,0.15960781719249365,123577.55290372841,4851000.0,-0.02478268188739481,0.1550203804962926,116575.9254090636
4851000.0,-2.6312366610308248e-05,0.022422895230571064,2439.0160042581792,4851000.0,-2.111429073021242e-05,0.021200910787747825,2180.420777033934
4851000.0,-0.0013602024203939593,0.23704606605190062,272581.7523762386,4851000.0,0.0014315509549341597,0.23894265624887395,276961.0195230229
4851000.0,-0.002089568215341965,0.44255162181475305,950077.7510966817,4851000.0,-0.003649877781701734,0.43524980860574136,918985.0624688636
4851000.0,7.091790995730063e-05,0.08631508989401855,36141.37980029405,4851000.0,0.00044791682222893535,0.08591735126754854,35809.06934808076
