cur_n,cur_mean,cur_std,cur_S,next_n,next_mean,next_std,next_S
2051000.0,-0.026031267676146653,0.08160784508652305,13659.332618694852,2051000.0,-0.02601408198048668,0.07766065675988905,12369.945274781845
2051000.0,-0.029114338509485693,0.09447149382513806,18304.894311529406,2051000.0,-0.029104480112572863,0.0885452355054244,16080.370656688403
2051000.0,-0.03881730386072635,0.13776632784504153,38927.079791298216,2051000.0,-0.038751550171883316,0.1298365091604042,34574.77169657839
2051000.0,0.03242058492759653,0.14446214133699006,42802.955383600085,2051000.0,0.032633015639731665,0.13328902866351322,36437.9945473909
2051000.0,0.03233615805066268,0.1582393703524719,51356.42127390041,2051000.0,0.03256901946523624,0.1437919991639909,42406.76113735676
2051000.0,0.04855134578908963,0.2281456934587254,106755.48821715728,2051000.0,0.04888791932852959,0.2068980186559504,87796.72654382767
