cur_n,cur_mean,cur_std,cur_S,next_n,next_mean,next_std,next_S
7101000.0,-0.02381408586596965,0.07529472718260691,40257.67048061425,7101000.0,-0.023774306105391683,0.07168324460987777,36488.40014793475
7101000.0,-0.02519770631884058,0.08565883297828093,52103.130672794505,7101000.0,-0.025165314312048874,0.08023074786469078,45708.94458368878
7101000.0,-0.034323540523628376,0.12656023703889027,113740.222048914,7101000.0,-0.03425175136996264,0.11932509806015916,101107.43957119992
7101000.0,0.03261841594866816,0.1391477311023589,137490.208694705,7101000.0,0.03283475426754241,0.12832759227111912,116939.0616314665
7101000.0,0.03229859708491077,0.1477932937060519,155106.1322754961,7101000.0,0.03253507184352634,0.13392463089149823,127362.16379867012
7101000.0,0.04863941282706418,0.21502079628158172,328307.2280611483,7101000.0,0.04899719962951495,0.1949356568760377,269837.36319433706
