cur_n,cur_mean,cur_std,cur_S,next_n,next_mean,next_std,next_S
551000.0,-0.03575404461854647,0.10360364789280987,5914.2774370402285,551000.0,-0.035740983894781475,0.09897870518252748,5398.028027864941
551000.0,-0.04171802130596704,0.11848222670038965,7734.958962179271,551000.0,-0.04172468581043937,0.11165257253840982,6868.929621899121
551000.0,-0.054086955059040334,0.16743620926817127,15447.221179926257,551000.0,-0.0539848300115604,0.15901472381290724,13932.410996501636
551000.0,0.0330823806023697,0.15896660270419782,13923.979807198164,551000.0,0.03329192589732317,0.146319007375536,11796.497807568549
551000.0,0.031741411269011324,0.1821634978802688,18284.130517946058,551000.0,0.031938954813812065,0.16573596480500027,15135.093926444204
551000.0,0.04679441161833614,0.2498476448922735,34395.5389576768,551000.0,0.04719919872287434,0.22703091139028908,28400.212134414614
