cur_n,cur_mean,cur_std,cur_S,next_n,next_mean,next_std,next_S
29651000.0,-0.023461759517371568,0.0735164078730457,160253.63967961245,29651000.0,-0.023418212805624793,0.07015601294216396,145938.2532712049
29651000.0,-0.023760827994445143,0.0805412884566541,192343.04658569486,29651000.0,-0.023723628100010913,0.07583890891922017,170538.91568471902
29651000.0,-0.033109811994471015,0.12155588111745994,438118.2015775111,29651000.0,-0.03302380369155604,0.11510538290100612,392853.48722231423
29651000.0,0.032191619608842446,0.1334507992821984,528058.0934473872,29651000.0,0.03241114397299098,0.12268183842241621,446272.26347704756
29651000.0,0.03226772415941437,0.13917122382031058,574299.2344799541,29651000.0,0.03249196835006268,0.12610801859266607,471546.7425097208
29651000.0,0.04881852434216041,0.20508562263570349,1247124.3990546812,29651000.0,0.04916550896127412,0.18585526595936802,1024210.1757650181
