cur_n,cur_mean,cur_std,cur_S,next_n,next_mean,next_std,next_S
9001000.0,-0.0036019742988830728,0.08233858955289396,61023.569609369,9001000.0,-0.008128650917450969,0.0863844448064962,67167.91301304381
9001000.0,-0.023024249615343707,0.15666067461498254,220907.64530436374,9001000.0,-0.02563432288231087,0.15207657272849714,208168.68303958574
9001000.0,-2.1150900926664708e-05,0.022035632347543205,4370.607405697788,9001000.0,-1.9508843665995284e-05,0.020801521818291778,3894.7624929217773
9001000.0,-0.0013746792421214641,0.22893464720274218,471752.0652812861,9001000.0,0.0014163756467035756,0.23082012332070326,479554.6418973917
9001000.0,-0.0021749745958063063,0.4399723245385176,1742374.3928847997,9001000.0,-0.0037354295768113246,0.4326686093830427,1685006.332034649
9001000.0,-0.00010688806454158879,0.08613099696692406,66774.35629528505,9001000.0,0.00027010889711248285,0.0857334763956443,66159.41100291738
