cur_n,cur_mean,cur_std,cur_S,next_n,next_mean,next_std,next_S
20301000.0,-0.02330084303215733,0.0735212180322648,109734.40623874169,20301000.0,-0.02325602784202801,0.07010269324480456,99766.98267115607
20301000.0,-0.02380451823446085,0.08163683190161852,135297.48272786528,20301000.0,-0.023771099967891066,0.07668119747667797,119370.00274912933
20301000.0,-0.03308532706623654,0.12219588962843486,303131.19130976015,20301000.0,-0.033006716852582316,0.11550083475066583,270824.3298532706
20301000.0,0.03236305686321333,0.1351884631953413,371019.46371727966,20301000.0,0.032581676333803274,0.1244760189094455,314549.3637352396
20301000.0,0.03224089047531181,0.14162402834878157,407184.5751018563,20301000.0,0.03246665558345253,0.12831185133999604,334234.2671754283
20301000.0,0.04881540759864275,0.2078031325655588,876640.662794306,20301000.0,0.049154095539832084,0.1884114380027771,720662.5592665389
