cur_n,cur_mean,cur_std,cur_S,next_n,next_mean,next_std,next_S
3701000.0,-0.015279609242661465,0.1172925294654227,50916.64617053749,3701000.0,-0.014657489577260673,0.11857810893610331,52038.902067709685
3701000.0,0.003538688392897794,0.11769803194614992,51269.31170551262,3701000.0,0.004112237856378833,0.11744615352060886,51050.10981308655
3701000.0,0.005019619570635896,0.049004316729418206,8887.666738091522,3701000.0,0.005285850938443991,0.04749391933580628,8348.243455715348
3701000.0,0.004879449366801092,0.18262295855562977,123432.58761395328,3701000.0,0.004877484020220473,0.17855412793890182,117993.7150114844
3701000.0,0.0022497386888119513,0.20470332003346112,155084.66561030268,3701000.0,0.002273138711710662,0.2008835700686439,149350.92648576145
3701000.0,0.00011409655886753878,0.0654636170344626,15860.580559523929,3701000.0,0.00012835706169303453,0.06217650414316935,14307.76128729002
