cur_n,cur_mean,cur_std,cur_S,next_n,next_mean,next_std,next_S
24551000.0,-0.023248227963014092,0.0733101261660644,131946.27076738756,24551000.0,-0.023203782255099382,0.06993355133980116,120071.61505516965
24551000.0,-0.023693176157995655,0.08100707484937864,161107.2507584527,24551000.0,-0.023655993704246016,0.07618326512747753,142491.30057850623
24551000.0,-0.03304874464461678,0.1217920352556366,364172.34465933783,24551000.0,-0.032969021212328635,0.11521414469900472,325897.3181547932
24551000.0,0.03220656025467146,0.13418433681262135,442051.4652716916,24551000.0,0.03242687379829988,0.1234838266576622,374359.91945522634
24551000.0,0.03227982319204661,0.1404502082586499,484299.433808499,24551000.0,0.03250395573551419,0.1272840201507897,397756.1960618657
24551000.0,0.048825520279496264,0.20651409241573046,1047052.775562856,24551000.0,0.04916590280913237,0.1872484649456299,860806.8581689716
