cur_n,cur_mean,cur_std,cur_S,next_n,next_mean,next_std,next_S
8051000.0,-0.0036044861866547893,0.08263537383404189,54977.09892497813,8051000.0,-0.008132435557463336,0.08667254815263822,60480.163486937985
8051000.0,-0.02287053662535701,0.1569728978641512,198380.59033481128,8051000.0,-0.025481313797347877,0.15239499482204535,186978.31153127723
8051000.0,-1.2641399370147589e-05,0.02207863262544905,3924.588915825433,8051000.0,-1.1815198928826123e-05,0.020848613183272503,3499.4852715807447
8051000.0,-0.0014383573772983368,0.2296698612939451,424676.1219987656,8051000.0,0.0013527778543941651,0.23156268184492831,431704.89004250796
8051000.0,-0.0022101838279778114,0.4401521217642007,1559751.550753192,8051000.0,-0.003770606411479177,0.4328491940123041,1508422.6777194226
8051000.0,-0.0001476821431353875,0.08610477305125488,59690.37116671749,8051000.0,0.0002293154399175017,0.08570743488137066,59140.7491356463
