cur_n,cur_mean,cur_std,cur_S,next_n,next_mean,next_std,next_S
851000.0,-0.03004152487859375,0.09305014713130498,7368.238728865035,851000.0,-0.030014015684427693,0.08875509538015912,6703.724379505912
851000.0,-0.03496801179449893,0.10648884015414854,9650.231988846805,851000.0,-0.034980811400469713,0.1001865766249938,8541.784965596229
851000.0,-0.04677081716642919,0.15422456538676693,20241.219299995315,851000.0,-0.04667739462531543,0.14596624206081998,18131.528391975564
851000.0,0.0328151587262246,0.1538453093317305,20141.790702072838,851000.0,0.033024140221888355,0.14215510246654742,17197.07025684068
851000.0,0.0319093127648044,0.17113040767458507,24922.059582670103,851000.0,0.032118962466039486,0.1560260052355082,20716.84127759796
851000.0,0.04816619780198262,0.24283422241594232,50182.1590994784,851000.0,0.048547520486894036,0.22092130861909842,41534.09713628067
