cur_n,cur_mean,cur_std,cur_S,next_n,next_mean,next_std,next_S
28951000.0,-0.0234475430781737,0.07352603692169991,156511.36722975902,28951000.0,-0.02340329385277548,0.07016501958613094,142529.53586343947
28951000.0,-0.023740413456939283,0.08057025574058979,187937.33045362215,28951000.0,-0.023704595102491025,0.07585709652774816,166592.7130593956
28951000.0,-0.03312101313286935,0.12164234437620691,428383.8922775302,28951000.0,-0.03303671396156636,0.11517309555562058,384030.4390010058
28951000.0,0.03220742231331571,0.1335748115511392,516550.4088629829,28951000.0,0.03242574567485008,0.12281582265949183,436688.9599818238
28951000.0,0.03225662787766593,0.13926129927995223,561467.2830726925,28951000.0,0.03248096960194112,0.1261978551929029,461070.69196926866
28951000.0,0.04883940887247084,0.20531995989196922,1220466.6339605837,28951000.0,0.04918438462834891,0.18606881165557615,1002330.0189257548
