cur_n,cur_mean,cur_std,cur_S,next_n,next_mean,next_std,next_S
9851000.0,-0.023466305723106807,0.07432611079268059,54420.576214568995,9851000.0,-0.023421834894664352,0.07075625486285253,49318.5153294391
9851000.0,-0.024593869244404203,0.08400764171660151,69521.30337169791,9851000.0,-0.02456153442191682,0.07870606017098755,61023.43713415291
9851000.0,-0.03369634845698006,0.12478765397832395,153399.36402491241,9851000.0,-0.03361560640302086,0.11764450784836991,136340.1079650458
9851000.0,0.032497756767485654,0.13812027287060807,187929.59352161246,9851000.0,0.03271930846003652,0.1273522567312716,159769.40194858948
9851000.0,0.03225167063758324,0.14586752684523852,209603.0309066598,9851000.0,0.03248556459004062,0.13220097382643853,172166.88728196872
9851000.0,0.048652456607070654,0.21302894649345733,447051.50196655025,9851000.0,0.04899503333191498,0.19306819017202967,367199.2369806409
