cur_n,cur_mean,cur_std,cur_S,next_n,next_mean,next_std,next_S
19051000.0,-0.02336919965354147,0.07365712832808899,103358.77251750138,19051000.0,-0.023326712821217652,0.07022237667858539,93943.95183289936
19051000.0,-0.023908247807139477,0.081903742387207,127798.35669743794,19051000.0,-0.023876653505794772,0.07689889885823446,112656.95773949655
19051000.0,-0.03318228380701325,0.12251617828676012,285959.5858089123,19051000.0,-0.0331017747610121,0.115767289334477,255322.7456464702
19051000.0,0.03238294538901018,0.13536346886277334,349076.5920525279,19051000.0,0.032601556975907754,0.12463906646624014,295955.32064330904
19051000.0,0.03221389329871049,0.1419022855543969,383615.863456594,19051000.0,0.03244131484200667,0.12851311240151353,314639.0777463722
19051000.0,0.04879170221911845,0.20816225765717525,825508.8925468717,19051000.0,0.04913210303382823,0.18866247544249823,678092.3331733783
