cur_n,cur_mean,cur_std,cur_S,next_n,next_mean,next_std,next_S
3051000.0,-0.01607096810031659,0.11785045775965959,42374.51643258615,3051000.0,-0.015447134098027823,0.1192241306017782,43368.11401245483
3051000.0,0.003225372834618649,0.11728886705491076,41971.625600159845,3051000.0,0.0038010529567691423,0.11704763077672582,41799.15115272688
3051000.0,0.004895414100494563,0.0486269281045028,7214.327895622358,3051000.0,0.005160043217669844,0.047111330486164456,6771.625730998833
3051000.0,0.004784569982616017,0.18365940468679165,102912.60041314535,3051000.0,0.0047836709489109015,0.17962220765572376,98437.88346098675
3051000.0,0.0020592304789861624,0.20616079767124873,129674.43948865538,3051000.0,0.002089490344004774,0.2023655874867286,124944.03637748769
3051000.0,0.00010913559343635388,0.06570789959445707,13172.778138870633,3051000.0,0.0001171994325329704,0.06242719538129239,11890.219060404039
