cur_n,cur_mean,cur_std,cur_S,next_n,next_mean,next_std,next_S
5601000.0,-0.025818493608523244,0.13015265351728966,94879.33373173085,5601000.0,-0.025171219867094877,0.13155350212689684,96932.72028629
5601000.0,-0.0027175188759695147,0.09675685140089703,52435.93632917852,5601000.0,-0.002221460933107636,0.09708693776672861,52794.317389040465
5601000.0,0.0033866991426956708,0.05244074028342854,15402.924983495901,5601000.0,0.0036381764166360762,0.05162221816727849,14925.843941065055
5601000.0,0.006843311391750267,0.18793456556708743,197823.96463631827,5601000.0,0.006898227128998584,0.18390826734062335,189438.4267096853
5601000.0,-0.0009739174333256418,0.22262102438465203,277586.23490970035,5601000.0,-0.0009318185190305217,0.21938425786922405,269573.0640172499
5601000.0,-3.492162099312873e-05,0.06497661950395743,23647.204021189704,5601000.0,-1.5574876591368517e-05,0.06197407911963727,21512.245089754262
