cur_n,cur_mean,cur_std,cur_S,next_n,next_mean,next_std,next_S
7751000.0,-0.023773065675101967,0.07517942084643982,43808.22816606616,7751000.0,-0.02373214562481037,0.07157895229091084,39712.608232160856
7751000.0,-0.02505426847292877,0.08521533383373264,56285.07333617777,7751000.0,-0.02502261497643457,0.07982055037366295,49384.10335040905
7751000.0,-0.034157089079608446,0.12601748230891835,123089.02572380623,7751000.0,-0.03408300690814514,0.11881831028412569,109426.99694636324
7751000.0,0.032674342683205126,0.13910497092539226,149983.34544813138,7751000.0,0.03289141754759429,0.12827663125614508,127541.88437392029
7751000.0,0.0322926271590515,0.14725824697107576,168080.36757400713,7751000.0,0.032528259648469116,0.1334261647383982,137987.49867662264
7751000.0,0.04866945398511351,0.21435468545518477,356142.41454975837,7751000.0,0.049019990525776845,0.1943193299096424,292677.7753201029
