cur_n,cur_mean,cur_std,cur_S,next_n,next_mean,next_std,next_S
1351000.0,-0.018028944401788774,0.066528345054397,5979.553959859505,1351000.0,-0.017971751770548335,0.06279070000017054,5326.5498807969225
1351000.0,-0.019675512705448255,0.08364115717494314,9451.384127484345,1351000.0,-0.019634263504854914,0.07716178266879672,8043.773891950561
1351000.0,-0.024776366998217843,0.10611912190516146,15213.973113829323,1351000.0,-0.024732740162027145,0.09969916715147764,13428.837230373372
1351000.0,0.032709954425772646,0.1518281497206851,31142.964301316748,1351000.0,0.0329112371396587,0.1425018188157063,27434.444062174713
1351000.0,0.032703441092434,0.16071544825779133,34895.59412205749,1351000.0,0.032960465831877034,0.1463687660670315,28943.574983660266
1351000.0,0.047936413867079655,0.2216649841145964,66381.8783615903,1351000.0,0.048233063109561665,0.20562331996409916,57121.56306234177
