cur_n,cur_mean,cur_std,cur_S,next_n,next_mean,next_std,next_S
22601000.0,-0.023256266166439003,0.07337774353947098,121690.41167418979,22601000.0,-0.0232108169825165,0.06998921992742452,110710.7929676224
22601000.0,-0.023736688742236195,0.08126183821727107,149245.395006519,22601000.0,-0.023701674692845644,0.07638364626564527,131864.66248189288
22601000.0,-0.033083173547796836,0.1220034627603726,336412.3801617143,22601000.0,-0.03300336256513351,0.11537774938383026,300865.0782200944
22601000.0,0.03226531432503012,0.13456010845577154,409223.26142320293,22601000.0,0.032483034620037994,0.12387507433089673,346813.11434900574
22601000.0,0.03225273425077317,0.1408861234768297,448604.9841160124,22601000.0,0.03247677357258507,0.12767198581055897,368399.37285030226
22601000.0,0.04885267211667078,0.20711508150734512,969507.3445811371,22601000.0,0.049193596078635625,0.18780557459080674,797158.3758847049
