cur_n,cur_mean,cur_std,cur_S,next_n,next_mean,next_std,next_S
5651000.0,-0.017650284974820695,0.06508843525485304,23940.486386581284,5651000.0,-0.017602730207363755,0.061436160802783045,21329.144878001785
5651000.0,-0.018635463425561015,0.08034544228811569,36479.40943516852,5651000.0,-0.018591335031991382,0.07416301498653427,31081.363426986816
5651000.0,-0.024059292817867704,0.10459085038710464,61817.679059526745,5651000.0,-0.02399853002742716,0.0985545153237237,54888.12056491229
5651000.0,0.032455330779194984,0.15110763620186488,129032.2086273291,5651000.0,0.0326683169211951,0.1419031913414017,113791.45029345357
5651000.0,0.03208165686817582,0.15657811240426292,138543.90156034732,5651000.0,0.03230802825769893,0.14288423979442258,115370.2847021914
5651000.0,0.04901177241788023,0.22431673858488033,284347.0135320794,5651000.0,0.04934687738631068,0.20899214544917352,246822.7779727435
