cur_n,cur_mean,cur_std,cur_S,next_n,next_mean,next_std,next_S
7201000.0,-0.017800041499556846,0.06516539206497847,30579.25045379597,7201000.0,-0.017755941123219588,0.06149965358556201,27235.67542362888
7201000.0,-0.018759102926589097,0.08019263565223395,46308.614311346835,7201000.0,-0.01871864703919686,0.07406300718384236,39499.85436745309
7201000.0,-0.02384093793949819,0.10386967268541891,77690.9330160914,7201000.0,-0.02377583301579849,0.09790357960202527,69022.38358290758
7201000.0,0.03252195366912815,0.15100444046455525,164199.6578291366,7201000.0,0.032741241972198784,0.14177896659894285,144749.28393839177
7201000.0,0.03224196779087238,0.1566772961919195,176768.52879761741,7201000.0,0.032473892766308535,0.1430781641282685,147414.2709233236
7201000.0,0.04888240891326927,0.22342439045026163,359462.817844359,7201000.0,0.04922105877574969,0.20818500821581862,312098.5240475532
