cur_n,cur_mean,cur_std,cur_S,next_n,next_mean,next_std,next_S
32501000.0,-0.023498406755528417,0.07351955690709312,175671.97567924517,32501000.0,-0.02345486217065646,0.07016735103833671,160017.28088860985
32501000.0,-0.023768756603723094,0.08032707223676604,209710.7047977796,32501000.0,-0.023731312071646915,0.07566897374286426,186094.0173807814
32501000.0,-0.03299624313041182,0.12124307502685151,477760.9052471612,32501000.0,-0.032912787691489385,0.11485708489816132,428758.065567313
32501000.0,0.03220270782958014,0.13331271422744925,577616.8649571851,32501000.0,0.03242119348905909,0.12255620224555179,488165.7580604181
32501000.0,0.032276935632856586,0.13884203837336234,626525.404750902,32501000.0,0.0324984109447357,0.12583523742083136,514637.31125157914
32501000.0,0.04884547335372381,0.20467516260978177,1361529.3630757593,32501000.0,0.04919294953433252,0.18553362862063164,1118773.0615743492
