cur_n,cur_mean,cur_std,cur_S,next_n,next_mean,next_std,next_S
20151000.0,-0.02330420228771639,0.07352509212136617,108935.08024399739,20151000.0,-0.02325939762563749,0.07010467740816168,99035.43042501816
20151000.0,-0.023829194559338115,0.08168532865367782,134457.40477569334,20151000.0,-0.023795663044425108,0.07672475938780583,118622.6640565046
20151000.0,-0.03309758955506437,0.12222897324450947,301054.36621510173,20151000.0,-0.03301811788365768,0.11553021685995818,268960.0520363434
20151000.0,0.03235711422272971,0.1351917430360023,368295.94561740145,20151000.0,0.032575694382257596,0.12447715518867249,312230.9221640407
20151000.0,0.03225829875193993,0.14168636103018578,404531.8267997214,20151000.0,0.03248500888115344,0.12836962868228086,332063.52435730526
20151000.0,0.04881959599823961,0.207834649649597,870427.3133802552,20151000.0,0.04915720069298281,0.18844308685969643,715578.0700489887
