cur_n,cur_mean,cur_std,cur_S,next_n,next_mean,next_std,next_S
26451000.0,-0.02333125085368506,0.0734486864144908,142695.46193711174,26451000.0,-0.023286824086715178,0.0700774092927372,129896.71594795209
26451000.0,-0.023669654409221873,0.08075115329958973,172480.3254299653,26451000.0,-0.02363377670585019,0.07597651732864967,152686.57728476688
26451000.0,-0.03297269409461625,0.1215134808191761,390562.92877597647,26451000.0,-0.03289120964773206,0.11498280245934865,349709.8576290394
26451000.0,0.03224910763071722,0.13406762260916497,475433.64470577566,26451000.0,0.03246842927696438,0.12334984653458946,402456.8489154642
26451000.0,0.03227075858450027,0.13992636794230498,517894.4037725901,26451000.0,0.032495791222487344,0.12681252564231377,425369.5520679066
26451000.0,0.04870942482438757,0.20575356756559962,1119790.6680005193,26451000.0,0.04904989040540531,0.18651425181778034,920165.9117349526
