cur_n,cur_mean,cur_std,cur_S,next_n,next_mean,next_std,next_S
29101000.0,-0.023451527260127617,0.07352076643599144,157299.72543556348,29101000.0,-0.023407365029680036,0.07015977429731163,143246.585740916
29101000.0,-0.023747760720908433,0.08057103416942851,188914.71571306555,29101000.0,-0.023711955027945215,0.0758596654881885,167467.2001650618
29101000.0,-0.03311905578480939,0.12163216078134506,430531.3261900006,29101000.0,-0.03303435426003997,0.11516754007671748,385982.92612336704
29101000.0,0.032204080487077714,0.13354389831225286,518986.4417669864,29101000.0,0.03242328145856811,0.12278324599241575,438718.687671728
29101000.0,0.032264534215693724,0.1392548343269835,564323.94041686,29101000.0,0.03248904268563008,0.12619033134733373,463404.31601322704
29101000.0,0.048836491267965486,0.20528099769667202,1226324.5215344403,29101000.0,0.049181257226744345,0.18603368413177412,1007142.8790123762
