cur_n,cur_mean,cur_std,cur_S,next_n,next_mean,next_std,next_S
1151000.0,-0.00799462985551999,0.11754942843828421,15904.366213218564,1151000.0,-0.007396086337249301,0.11871072084778654,16220.162766075471
1151000.0,0.0030868397904784666,0.1170258017591753,15762.989057261844,1151000.0,0.003679494023338734,0.11673016968217771,15683.448323648528
1151000.0,0.003960213327376011,0.047313747255467324,2576.617871936732,1151000.0,0.004223401932968458,0.0457862483632304,2412.9340005955105
1151000.0,0.004226824036287727,0.19117908715492676,42068.409313565135,1151000.0,0.0042425363532012155,0.187375310551753,40411.042562025126
1151000.0,0.0008863865069214758,0.21863783185739832,55020.67924871889,1151000.0,0.0009414629496011706,0.21500079208872674,53205.367029195666
1151000.0,0.0004113245646106807,0.0653896443661181,4921.452234466838,1151000.0,0.0004201168996831697,0.06217113413135059,4448.902656974323
