cur_n,cur_mean,cur_std,cur_S,next_n,next_mean,next_std,next_S
18401000.0,-0.023410855475307434,0.07373685529033194,100048.51556100344,18401000.0,-0.023367983239110244,0.07029612985621825,90929.38560469905
18401000.0,-0.0239594826189282,0.08200901072100515,123755.51772349748,18401000.0,-0.023928411584808733,0.07698160123389518,109047.39765196244
18401000.0,-0.03321634952083057,0.12266327369671004,276866.57461620355,18401000.0,-0.033135585020369125,0.11588033065032015,247093.24723297812
18401000.0,0.03237982389965398,0.13543789102214698,337537.3141936207,18401000.0,0.032598943587963634,0.12470664455091596,286167.7001379275
18401000.0,0.032173976382185394,0.1419648318059595,370854.0018558461,18401000.0,0.03240243778288784,0.12854165868127188,304038.9504622163
18401000.0,0.048735135075370764,0.20826577549908784,798136.626327195,18401000.0,0.04907553741464876,0.1887022551644915,655232.7648577375
