cur_n,cur_mean,cur_std,cur_S,next_n,next_mean,next_std,next_S
4251000.0,-0.01750308920133874,0.06493580458107527,17925.016204230877,4251000.0,-0.017457214762300076,0.06126706443483545,15956.779687149146
4251000.0,-0.01834247445969372,0.08003996335112565,27233.58826204378,4251000.0,-0.018295010236854408,0.07384221701199252,23179.31297930959
4251000.0,-0.02446504784045653,0.10579129399765191,47576.3328121006,4251000.0,-0.0244121446479923,0.09963921171867025,42203.8111481634
4251000.0,0.03234150716509296,0.1510249509321204,96959.0857030139,4251000.0,0.03254337202399661,0.14179205126716354,85466.29464663978
4251000.0,0.031854248343334904,0.15626115515391875,103798.99914126759,4251000.0,0.03207884086901909,0.14253065381377958,86359.01091275636
4251000.0,0.04947264534279368,0.22629349026718792,217688.3696272873,4251000.0,0.04981340815323001,0.21082002648105208,188936.05023681934
