cur_n,cur_mean,cur_std,cur_S,next_n,next_mean,next_std,next_S
2401000.0,-0.015418334570383125,0.11881335773250361,33893.990155588166,2401000.0,-0.014785270802689912,0.12013840125023036,34654.1983273622
2401000.0,0.00274408609354999,0.1162920129162116,32470.72127571849,2401000.0,0.003322857315216609,0.11609021952118732,32358.13070341439
2401000.0,0.004607248041312441,0.04845151209474239,5636.46520726499,2401000.0,0.004884378098282484,0.046863342900604545,5273.011151674961
2401000.0,0.004746895431451773,0.18541122915609573,82539.95467711535,2401000.0,0.004757146676010778,0.1813951914487668,79003.02136924418
2401000.0,0.001888925030858773,0.2071167518979668,102996.5347491502,2401000.0,0.0019327803979435469,0.20338483866862533,99318.30763323087
2401000.0,0.00021241244770011365,0.06618776301161329,10518.348753928047,2401000.0,0.00022926307557690525,0.06287349602882353,9491.336683430456
