cur_n,cur_mean,cur_std,cur_S,next_n,next_mean,next_std,next_S
701000.0,-0.0018012747520403808,0.10823666070526419,8212.337479159163,701000.0,-0.0012580040997639285,0.10910234490281302,8344.228485967951
701000.0,0.001980639591620432,0.10522148856801519,7761.164721184736,701000.0,0.00249949712000935,0.1052885685541041,7771.063550388766
701000.0,0.004446716729399753,0.05006312838835702,1756.928093644412,701000.0,0.004735319535563524,0.04852818899305537,1650.8445739889357
701000.0,0.003074153665655106,0.19865080849995687,27662.962746098267,701000.0,0.003093789098959699,0.19497757975402175,26649.395881321874
701000.0,-0.0013064105944360532,0.22436505904088938,35288.11548261366,701000.0,-0.0012736681619847552,0.22115917433928295,34286.87765649778
701000.0,0.0007805806669684677,0.06709977695630931,3156.1684273781066,701000.0,0.0008071063276780009,0.06370626519075091,2845.000245412552
