cur_n,cur_mean,cur_std,cur_S,next_n,next_mean,next_std,next_S
29301000.0,-0.023451902544638022,0.07351098183805911,158338.63227275765,29301000.0,-0.023407827100176366,0.07014978803351865,144190.00889438574
29301000.0,-0.02374620366522885,0.08053935058368462,190063.48546553307,29301000.0,-0.023710133168230254,0.07583139075273458,168492.46522819533
29301000.0,-0.03313533876604476,0.12165500384038415,433653.0407504932,29301000.0,-0.033049503723595844,0.11519679023256936,388833.0743611569
29301000.0,0.0321956701068041,0.13349951599784346,522205.96073036455,29301000.0,0.03241432280318997,0.12273561957105475,441391.2107589884
29301000.0,0.03225962051325129,0.13919586299798106,567721.1819678303,29301000.0,0.03248337005726473,0.12613269760305304,466163.011412865
29301000.0,0.048861406373265276,0.20527846004135067,1234722.0516447453,29301000.0,0.04920590145762996,0.1860403091542351,1014136.8122615891
