cur_n,cur_mean,cur_std,cur_S,next_n,next_mean,next_std,next_S
5101000.0,-0.02516135275139007,0.13000686564770064,86216.00587436589,5101000.0,-0.02451800332951166,0.13139736886392184,88070.13484478819
5101000.0,-0.0026946862517415898,0.09815838688576366,49148.48654059383,5101000.0,-0.0022006693263018793,0.09852043087077099,49511.71030000703
5101000.0,0.0033336898505746,0.052700923408854135,14167.452760872284,5101000.0,0.0035833952709715083,0.05191116473395855,13746.016791608561
5101000.0,0.006782500614685336,0.18835711417378748,180975.33094783366,5101000.0,0.006831720737995833,0.18436514086630396,173385.56685509236
5101000.0,-0.000937637611100807,0.22416649009586725,256328.38855297473,5101000.0,-0.0008963737606326464,0.22095639229989367,249039.63094803918
5101000.0,-6.490047153962465e-05,0.065242527889215,21712.85255885786,5101000.0,-4.939075757947745e-05,0.06225669737326257,19770.947372280418
