cur_n,cur_mean,cur_std,cur_S,next_n,next_mean,next_std,next_S
20701000.0,-0.0232879562078998,0.07349383507536349,111813.21788134797,20701000.0,-0.023243623453055116,0.07008093714327687,101669.6027809653
20701000.0,-0.023792916878128983,0.08158320321290538,137782.11008114554,20701000.0,-0.02375937559854549,0.07664161001062526,121596.35710631506
20701000.0,-0.033077819772934974,0.12213857607792594,308814.0353950727,20701000.0,-0.03300104881580167,0.11546236058572834,275976.55549570726
20701000.0,0.03234975403723095,0.13510018469519464,377835.89208669163,20701000.0,0.03256840558531443,0.12439515297130066,320330.4636670759
20701000.0,0.032248088044288824,0.1415360478800354,414691.80643749284,20701000.0,0.03247491839607933,0.12824029043507504,340439.78785314946
20701000.0,0.04883094988042024,0.2076736889284312,892800.2025751291,20701000.0,0.04917026282155795,0.1883165149801143,734121.8362649056
