cur_n,cur_mean,cur_std,cur_S,next_n,next_mean,next_std,next_S
20401000.0,-0.02330390072875348,0.07353605244193669,110319.44812937132,20401000.0,-0.023259619644578535,0.07011855170367079,100303.78698890825
20401000.0,-0.023796734781805134,0.08160453562680631,135856.38409151556,20401000.0,-0.023762978397445855,0.07665323751126614,119870.53966637593
20401000.0,-0.033085133976538755,0.12218564697027715,304573.3087734475,20401000.0,-0.03300737304461282,0.11549660460764202,272138.4392539134
20401000.0,0.032372628297283726,0.13520772156799524,372953.2917487856,20401000.0,0.032591136597370084,0.12449759030180424,316208.3594654913
20401000.0,0.03223702857448818,0.14157545991754752,408909.7049684991,20401000.0,0.032463468970647266,0.12827046959316357,335664.0460542439
20401000.0,0.04882586575446728,0.2077822339235857,880781.6908359582,20401000.0,0.04916402134489714,0.18840098789173745,724132.1125993236
