cur_n,cur_mean,cur_std,cur_S,next_n,next_mean,next_std,next_S
3951000.0,-0.024333174792391905,0.07721574513836964,23556.933895528204,3951000.0,-0.024297155110051757,0.07344081662484686,21309.93006231784
3951000.0,-0.026334105245407323,0.08903042275849038,31317.27031357087,3951000.0,-0.026308741370949892,0.08328658208247776,27406.72293693114
3951000.0,-0.03523084266684333,0.12971608723013545,66480.56624415591,3951000.0,-0.03515449942952017,0.12219652404098735,58996.29441690112
3951000.0,0.03257251876006812,0.14247929141764346,80206.67685583424,3951000.0,0.03278495810803715,0.1315468603488875,68370.38162368399
3951000.0,0.032221088376783696,0.15286659305535027,92327.7395210551,3951000.0,0.03245645346703115,0.13868472409305832,75991.37160492923
3951000.0,0.04889408260230273,0.22145148873409085,193760.05011891597,3951000.0,0.04924104971192742,0.2010144357636499,159647.2801756306
