cur_n,cur_mean,cur_std,cur_S,next_n,next_mean,next_std,next_S
8151000.0,-0.02368277074324447,0.07493076754293992,45764.767005203474,8151000.0,-0.02364013066764787,0.07133461049173045,41477.395856810246
8151000.0,-0.024948283462330374,0.08492943086182247,58793.23005430815,8151000.0,-0.024915336721716596,0.07955269424146354,51584.672593928735
8151000.0,-0.034026315669882595,0.1256996171990023,128789.00957016603,8151000.0,-0.033946954487904954,0.11851999419797231,114497.0075402269
8151000.0,0.03261592161494034,0.13882782310020544,157095.56356841352,8151000.0,0.03283440813482424,0.12801831314425885,133584.1999659577
8151000.0,0.032261461118906744,0.14694477762457725,176002.6492874333,8151000.0,0.03250119386571004,0.13314822403998564,144504.592404333
8151000.0,0.04864695537764794,0.21405437000962246,373472.89683308353,8151000.0,0.048993446387123364,0.19405018409293995,306929.7681379532
