cur_n,cur_mean,cur_std,cur_S,next_n,next_mean,next_std,next_S
3801000.0,-0.004528302702179664,0.08763377650304807,29190.459058691667,3801000.0,-0.009051267001256571,0.09165953920389587,31933.991753995066
3801000.0,-0.021245905981434183,0.16091923155630722,98426.89152083987,3801000.0,-0.02385833958768206,0.15636961095807972,92939.98133371977
3801000.0,-3.4230269169289636e-05,0.02262532621838669,1945.75237404247,3801000.0,-2.6248089843278088e-05,0.021412408467103877,1742.7251894123492
3801000.0,-0.0011895883859908908,0.24150398134760923,221690.181598643,3801000.0,0.0016025779256070923,0.24339481127049897,225175.17081708027
3801000.0,-0.0022931482866786804,0.44400660143218235,749336.2179004713,3801000.0,-0.0038533421447594645,0.43672162019833405,724948.6652584488
3801000.0,0.00021012701390470793,0.08626870885149808,28288.14477236417,3801000.0,0.0005871274505001756,0.08586988088525781,28027.192120787033
