cur_n,cur_mean,cur_std,cur_S,next_n,next_mean,next_std,next_S
31951000.0,-0.02350350119884821,0.07353459850100992,172769.83013289288,31951000.0,-0.02346063212733368,0.0701812289121039,157371.61169193106
31951000.0,-0.02377816735972892,0.0803755294975913,206410.6726832225,31951000.0,-0.023740340392741626,0.07571264394681455,183156.05469113027
31951000.0,-0.03302518697401446,0.12131246187783809,470213.71006264514,31951000.0,-0.03294128998836098,0.1149140293284196,421920.43589508405
31951000.0,0.03220393653584686,0.13331199444716457,567835.9793260761,31951000.0,0.03242302733103574,0.12255384286377113,479886.26804605976
31951000.0,0.032277654741073615,0.13887449934814017,616211.0300124001,31951000.0,0.03250004225655066,0.12586257846218696,506148.208984605
31951000.0,0.04882731679797683,0.20469199786793668,1338709.0058317895,31951000.0,0.049174589205337606,0.18552900124869626,1099785.700233927
