cur_n,cur_mean,cur_std,cur_S,next_n,next_mean,next_std,next_S
29551000.0,-0.023459706553254484,0.07351928325867767,159725.66715620997,29551000.0,-0.023416093433916402,0.0701585383567555,145456.53812423404
29551000.0,-0.02375692163843704,0.08054602841655527,191716.92026095334,29551000.0,-0.023720268371882368,0.07584255732618533,169980.11507097393
29551000.0,-0.03311687649885328,0.12158086922971315,436820.15629414725,29551000.0,-0.03303084240351836,0.11512898722035557,391689.1579709691
29551000.0,0.03219255705307358,0.13346806962355487,526413.4054726847,29551000.0,0.032412019267691196,0.12270018758777822,444900.2351429788
29551000.0,0.032265779621241365,0.13918145649046992,572446.541378224,29551000.0,0.0324895880535073,0.12611960144456688,470042.7529691191
29551000.0,0.04882990348080208,0.2051302084378427,1243458.8697288085,29551000.0,0.0491758157775567,0.18589953533073636,1021242.2889664643
