cur_n,cur_mean,cur_std,cur_S,next_n,next_mean,next_std,next_S
3301000.0,-0.017515872202309202,0.06503745519119292,13962.802777140956,3301000.0,-0.017467668184524752,0.06134859861825089,12423.810473549165
3301000.0,-0.018377292600093326,0.08038557422969507,21330.535636529035,3301000.0,-0.018329334297387142,0.07415053707383272,18149.895391663213
3301000.0,-0.02459642070613868,0.10609994271030841,37160.01008017453,3301000.0,-0.02455202338043191,0.09984286890797658,32906.34355533058
3301000.0,0.03225471660344282,0.1508370975166786,75103.79078793207,3301000.0,0.032461860423464765,0.14161303190001612,66199.08190372336
3301000.0,0.03183202950638232,0.15650055466477508,80849.49033787183,3301000.0,0.03206550921524845,0.14270486138305447,67223.80030323975
3301000.0,0.049251412668015,0.22607686977372535,168716.58920511036,3301000.0,0.04959105055364248,0.2103188640713004,146016.51515258328
