cur_n,cur_mean,cur_std,cur_S,next_n,next_mean,next_std,next_S
2601000.0,-0.025303992995095757,0.07949033021717504,16434.971467490417,2601000.0,-0.025277389747092836,0.07558746522806584,14860.722203870164
2601000.0,-0.027683662425827173,0.09205048114843277,22039.030098190393,2601000.0,-0.027666774624468246,0.0862207029886061,19335.85903163236
2601000.0,-0.03713435772390688,0.1339715569750157,46683.731381683996,2601000.0,-0.03707716008870763,0.12633058634989186,41510.44374056697
2601000.0,0.03219122385889993,0.1429062863903045,53118.159600345956,2601000.0,0.032408102486177114,0.1317807617073265,45169.405975180416
2601000.0,0.03216450206853047,0.1557754742547349,63115.861784526984,2601000.0,0.032397119219834646,0.14147721535263916,52061.10220870024
2601000.0,0.048872962087620965,0.22516593849372746,131869.9193300365,2601000.0,0.04920402358189595,0.20450689542500886,108781.8057888527
