cur_n,cur_mean,cur_std,cur_S,next_n,next_mean,next_std,next_S
5251000.0,-0.004005699168971404,0.08490880461554093,37857.111286611784,5251000.0,-0.008532520054583194,0.08893661198977246,41533.94472010375
5251000.0,-0.022271172484050996,0.15900212248093837,132754.0751805309,5251000.0,-0.024880748587837537,0.15442096843797862,125214.48217544008
5251000.0,-1.3582478490684657e-05,0.022354991218259315,2624.1643155667366,5251000.0,-1.0664418746241319e-05,0.02113324534254,2345.1704222756484
5251000.0,-0.001382158899086484,0.23501597686161527,290025.90675553144,5251000.0,0.0014094443160306517,0.23691436128029253,294730.30496403796
5251000.0,-0.002150174716734586,0.44198964873856095,1025808.3152077836,5251000.0,-0.003710518272331541,0.43468838840672397,992197.427827099
5251000.0,-4.3085441207244864e-05,0.0862632181778968,39074.49109744939,5251000.0,0.00033391328742778646,0.08586600110742974,38715.46623759709
