cur_n,cur_mean,cur_std,cur_S,next_n,next_mean,next_std,next_S
6201000.0,-0.003832851496015721,0.08386034580561419,43608.889669149234,6201000.0,-0.008359723539795003,0.08789258575382076,47903.38621568547
6201000.0,-0.022508813042657044,0.1580572422483537,154913.9514201867,6201000.0,-0.025119280834854065,0.15348197157215587,146075.19342118927
6201000.0,-1.2394843972415905e-05,0.02219019632092996,3053.4022439335254,6201000.0,-1.0503206715687286e-05,0.02096855669632976,2726.45797391854
6201000.0,-0.0013846193565624483,0.2325599061213172,335375.56570790155,6201000.0,0.0014067972056216853,0.2344525262650374,340856.487833832
6201000.0,-0.0021947631225823056,0.4411041249470025,1206546.2369296623,6201000.0,-0.003755108635689504,0.4338030259658086,1166935.5901553077
6201000.0,-9.440862290353012e-05,0.0860058593670909,45868.84564977075,6201000.0,0.0002825903570659047,0.08560775607091027,45445.19366477764
