cur_n,cur_mean,cur_std,cur_S,next_n,next_mean,next_std,next_S
22551000.0,-0.023259190174713368,0.07338878520292456,121457.74195859411,22551000.0,-0.023213883526647144,0.06999990445235119,110499.59834290188
22551000.0,-0.023733676216754623,0.08125455216913052,148888.51799929247,22551000.0,-0.023698559367629844,0.07637495345007124,131542.9938855019
22551000.0,-0.033082578126600336,0.1220108985040462,335709.05508674687,22551000.0,-0.03300301080769967,0.11538419155932818,300233.0014852459
22551000.0,0.03227188548243465,0.1345872167315543,408482.4750840782,22551000.0,0.03248979985516438,0.12390221327471722,346197.5049045771
22551000.0,0.03224551575281377,0.14087601661272264,447548.3199299225,22551000.0,0.03246957443463979,0.12766225139870876,367528.3148962518
22551000.0,0.04885147659111288,0.2071318606003398,967519.2566960324,22551000.0,0.04919238984951478,0.18782376970498144,795548.9566810484
