cur_n,cur_mean,cur_std,cur_S,next_n,next_mean,next_std,next_S
2701000.0,-0.015987307368279986,0.11846518673283354,37905.835263109475,2701000.0,-0.015353547100617227,0.11980430778188778,38767.6479125258
2701000.0,0.002923642600374474,0.11696740159630409,36953.38857075211,2701000.0,0.0035066665380957198,0.11674146282363017,36810.76525308497
2701000.0,0.004768023098083693,0.048571093951244454,6372.0673037432825,2701000.0,0.005039085665615564,0.04702141004042754,5971.946118915245
2701000.0,0.0047980411397918485,0.18467638503570855,92118.5967798045,2701000.0,0.0048067090601904795,0.18063918172602245,88135.01824552144
2701000.0,0.002058162477702523,0.2065870104089863,115273.79894112077,2701000.0,0.0020923676008260984,0.20281560205411187,111103.38894718059
2701000.0,0.00016390770897082207,0.06597175902327532,11755.48934227642,2701000.0,0.00017516369429424188,0.06266777417845006,10607.502035219753
