cur_n,cur_mean,cur_std,cur_S,next_n,next_mean,next_std,next_S
651000.0,-0.0191250042607082,0.0686186039315688,3065.2418363918987,651000.0,-0.01904673902362426,0.06480003384179858,2733.577895219755
651000.0,-0.020843796758294973,0.08499843420486072,4703.301715048002,651000.0,-0.020800848731510748,0.07835221039084367,3996.5338364083013
651000.0,-0.02632293013441363,0.1094072602227875,7792.436531736338,651000.0,-0.02626828401873123,0.10274363376055985,6872.121535188959
651000.0,0.033127126060539705,0.15075012679568062,14794.366074522874,651000.0,0.0333603900340752,0.14088603693425322,12921.617887378887
651000.0,0.032041827454379876,0.15941793894676903,16544.565596981294,651000.0,0.03229053487600993,0.14453646257619596,13599.9036481401
651000.0,0.048026589673571346,0.2191178455897254,31256.222296579672,651000.0,0.048357949626698815,0.20232656254702647,26649.360680774378
