cur_n,cur_mean,cur_std,cur_S,next_n,next_mean,next_std,next_S
2201000.0,-0.005696838665939215,0.09334362180808467,19177.382842683877,2201000.0,-0.010221447037474343,0.09734702793900088,20857.652910673118
2201000.0,-0.01940453679447345,0.16664320924331763,61121.680170393614,2201000.0,-0.02201571086069273,0.16209951988339885,57834.03581648894
2201000.0,2.5676105950669404e-05,0.0231634671894004,1180.938213127978,2201000.0,3.08404927425919e-05,0.021991398129424883,1064.4511233028059
2201000.0,-0.0012723833678125126,0.25509862650106085,143230.75564324379,2201000.0,0.0015209388317989241,0.2570374470454978,145416.21645325123
2201000.0,-0.002230388190548041,0.4489419813506902,443609.13466460275,2201000.0,-0.0037901644753070046,0.4416640413320818,429342.7430181369
2201000.0,6.923992814067603e-05,0.08620128967664367,16354.887814558515,2201000.0,0.00044624369596721726,0.08580346579268582,16204.278667222567
