cur_n,cur_mean,cur_std,cur_S,next_n,next_mean,next_std,next_S
4551000.0,-0.004236374612115473,0.08588934615083378,33572.63498887297,4551000.0,-0.008762032689777191,0.08991727092545292,36795.36114421059
4551000.0,-0.02199038264216735,0.16001014392269686,116520.373265796,4551000.0,-0.024599137601331623,0.1554277557058354,109942.0897463192
4551000.0,-2.955908721219876e-05,0.02247030989936635,2297.867377556678,4551000.0,-2.355035371191647e-05,0.02125035796752602,2055.1301752671325
4551000.0,-0.0013241234276986655,0.23750517021356463,256716.02045157127,4551000.0,0.001467714151284875,0.23940297069359454,260835.02359735421
4551000.0,-0.0021091636207234356,0.44292375060498135,892821.7737162758,4551000.0,-0.003669426071564664,0.4356243584167954,863636.8150711491
4551000.0,0.00011145223207892166,0.08630418848962935,33897.72733933415,4551000.0,0.0004884512634294032,0.08590613927698765,33585.76454768674
