cur_n,cur_mean,cur_std,cur_S,next_n,next_mean,next_std,next_S
451000.0,-0.004172923120957182,0.12144793402307329,6652.069905991216,451000.0,-0.003558066371262078,0.12247636739544299,6765.207717242972
451000.0,0.004650260613663597,0.11899256616475755,6385.813091915865,451000.0,0.005274938738815173,0.11889406821744444,6375.245555239744
451000.0,0.0038144676311934276,0.04734635722488022,1010.9965716521511,451000.0,0.004081502436882037,0.04582374215360665,947.0167205770623
451000.0,0.0044662608550868465,0.20557717554591115,19060.1507725509,451000.0,0.004506940641197801,0.20188984622553044,18382.539014044716
451000.0,-0.0007213383558331,0.23783657600556438,25511.372835608825,451000.0,-0.0006542879829661472,0.23440946777308386,24781.457160328857
451000.0,0.0004163609129365634,0.06541959680003914,1930.155364111341,451000.0,0.00043310648007053177,0.062180389035648445,1743.7467520616897
