cur_n,cur_mean,cur_std,cur_S,next_n,next_mean,next_std,next_S
6851000.0,-0.017785712078463533,0.06521006723935535,29132.86950799389,6851000.0,-0.017741473081555315,0.06154499801662251,25950.12723571344
6851000.0,-0.018735880250183974,0.08024300320172234,44113.17494495944,6851000.0,-0.01869487351862282,0.07410830028327425,37625.96721067111
6851000.0,-0.02386157237675112,0.10398191998543385,74074.65407410546,6851000.0,-0.023795857312050007,0.09800238677281846,65800.20898802152
6851000.0,0.03258142686497451,0.15125465554834952,156736.9781224166,6851000.0,0.032802149001391424,0.14203732878788183,138216.20357176758
6851000.0,0.03226645236077633,0.1567931984277375,168425.7175584923,6851000.0,0.03249681777770497,0.14319025902617227,140469.1378681588
6851000.0,0.04890106709958583,0.22367215440573046,342750.27292968787,6851000.0,0.049235334327077544,0.20840916330279605,297568.9329170634
