cur_n,cur_mean,cur_std,cur_S,next_n,next_mean,next_std,next_S
4701000.0,-0.02408266820520878,0.07639047022481345,27432.704027431282,4701000.0,-0.0240486741414647,0.07266263895571959,24820.617629143522
4701000.0,-0.02585077962444138,0.08766873659501533,36130.98047535721,4701000.0,-0.02582279539742872,0.082054215276503,31651.33584406533
4701000.0,-0.03475066311094728,0.12850002982071843,77624.12327811388,4701000.0,-0.034674564659527264,0.12101090238907941,68839.74457448776
4701000.0,0.032608001002647144,0.1412763650918314,93827.31227906758,4701000.0,0.03282605234148955,0.1303692082920958,79898.80934279767
4701000.0,0.03227258960709098,0.15100750122861614,107198.15077378668,4701000.0,0.032513331043538124,0.1369884181648886,88218.1513699077
4701000.0,0.04861467164631254,0.21936032320932466,226207.19052434558,4701000.0,0.04897189242716862,0.19888588555925216,185950.854326508
