cur_n,cur_mean,cur_std,cur_S,next_n,next_mean,next_std,next_S
6251000.0,-0.003810966855920353,0.08379663234865264,43893.744331688344,6251000.0,-0.008338152951370201,0.08782874047229602,48219.51171859001
6251000.0,-0.022503862889548473,0.1579976715494258,156045.3646082165,6251000.0,-0.02511452003011936,0.1534237298885264,147141.29442156482
6251000.0,-1.312068502568864e-05,0.022186956349128838,3077.1237112704657,6251000.0,-1.1173031977632129e-05,0.02096489688143363,2747.482659708409
6251000.0,-0.0014003163529621658,0.232417285262192,337665.23334853316,6251000.0,0.00139108837445481,0.23431141618345924,343191.4003016179
6251000.0,-0.002204225315820512,0.44106603045815607,1216064.809393943,6251000.0,-0.0037645798731759986,0.4337654151331217,1176140.8734704247
6251000.0,-9.160775567941862e-05,0.0860104710964959,46243.654915145475,6251000.0,0.00028539108720902344,0.08561236700699279,45816.56313075971
