cur_n,cur_mean,cur_std,cur_S,next_n,next_mean,next_std,next_S
25401000.0,-0.023276144289106095,0.07338420070786664,136790.50444463786,25401000.0,-0.023231952022107316,0.07000952808722827,124498.78551813166
25401000.0,-0.023670370450745933,0.08088578470811089,166186.30077347826,25401000.0,-0.0236336896680526,0.07608529601904475,147045.68463803426
25401000.0,-0.03296411659541537,0.12154026687808765,375224.49844551075,25401000.0,-0.03288416991935798,0.11498335202826131,335830.9707600823
25401000.0,0.03224530379564997,0.13422125905518956,457607.8134583342,25401000.0,0.03246521155692897,0.12351828950190669,387537.15994135296
25401000.0,0.03228696414908015,0.1402701364531149,499782.7396977976,25401000.0,0.03251183505081144,0.12713289447470036,410550.593353746
25401000.0,0.04871692810639408,0.2060580521762113,1078524.4499338837,25401000.0,0.049058735084370496,0.18682364595909373,886573.000186689
