cur_n,cur_mean,cur_std,cur_S,next_n,next_mean,next_std,next_S
19651000.0,-0.0233416513917418,0.07360121806833318,106452.20440674803,19651000.0,-0.02329776531952715,0.0701749705879125,96771.87019282968
19651000.0,-0.02388488071018593,0.08182719174203854,131576.99059913924,19651000.0,-0.023851505314362878,0.0768427402159839,116035.35693138231
19651000.0,-0.03312206259357421,0.12231703196464615,294007.5779210899,19651000.0,-0.03304071003181552,0.11559599865033712,262585.20829788974
19651000.0,0.03238168315486597,0.1352865908342301,359661.67407178547,19651000.0,0.032600596825664706,0.12457447766709262,304959.9483509551
19651000.0,0.03226960477822913,0.14186713182342678,395501.589037071,19651000.0,0.03249775648196434,0.1285001606940428,324483.0363047567
19651000.0,0.04878408905930191,0.20792501295202342,849567.9691791085,19651000.0,0.04912236693334632,0.18847521407716325,698060.6321224704
