cur_n,cur_mean,cur_std,cur_S,next_n,next_mean,next_std,next_S
2601000.0,-0.020847494295738213,0.1344650469453103,47028.287858861724,2601000.0,-0.020197474722928772,0.13587057048126816,48016.57181147657
2601000.0,-0.0035801350221943804,0.11371104778575411,33631.45641257708,2601000.0,-0.003076663909950057,0.11421708081031569,33931.45356850731
2601000.0,0.002551463949557895,0.05697543919333527,8443.367945982229,2601000.0,0.0027959208856325798,0.056555377835467296,8319.326492254524
2601000.0,0.006799782677888356,0.19605877218054904,99979.94862940448,2601000.0,0.006846904339710335,0.1922297683025551,96112.89022012208
2601000.0,-0.00017587194561396595,0.23645267088954913,145421.56034965452,2601000.0,-0.00014338129119927069,0.23344405197583534,141744.42217293382
2601000.0,0.00027582325071348976,0.06653157634906597,11513.198144529637,2601000.0,0.00027991151533572015,0.0637905445489298,10584.07652558124
