cur_n,cur_mean,cur_std,cur_S,next_n,next_mean,next_std,next_S
8051000.0,-0.02370956414876025,0.07500912209054995,45297.89196259678,8051000.0,-0.023667499407723003,0.07141422255299919,41060.029013119696
8051000.0,-0.024980738486537504,0.08502785610529416,58206.607062907875,8051000.0,-0.02494868334744005,0.07964514478651992,51070.30350801713
8051000.0,-0.03405619682553374,0.1257954985196662,127403.10946232911,8051000.0,-0.03397795670805792,0.11861319781627212,113270.2491951231
8051000.0,0.032637114862438685,0.13890531786370505,155341.5277004072,8051000.0,0.03285385983811466,0.12810010536052382,132113.98743368065
8051000.0,0.03227841751838634,0.14706911000480372,174137.6804198383,8051000.0,0.03251739547178915,0.13325608319980514,142963.08604722455
8051000.0,0.048650515541319536,0.21411543202641184,369101.4621846806,8051000.0,0.04899488006560065,0.1941128299431396,303359.99531644915
