cur_n,cur_mean,cur_std,cur_S,next_n,next_mean,next_std,next_S
1101000.0,-0.0275470272539409,0.08784207697927421,8495.569767324043,1101000.0,-0.02752268503247251,0.0837194936958017,7716.857940774201
1101000.0,-0.03260038236591542,0.10125886276864624,11288.946375408685,1101000.0,-0.032598605479842516,0.09511265437523926,9960.105141556394
1101000.0,-0.0443076104617186,0.15038889184865545,24901.117489404707,1101000.0,-0.04423397797869362,0.1418923854299165,22166.92739633417
1101000.0,0.03225657660519034,0.15029583853971779,24870.311829674964,1101000.0,0.03246583038977958,0.1389845423305188,21267.69001051297
1101000.0,0.03213361887640208,0.16661079102605175,30562.830410645678,1101000.0,0.032350742510957764,0.15183399382048973,25381.971409108042
1101000.0,0.048739496393537654,0.24217989435510326,64574.86245406372,1101000.0,0.04912737770394065,0.22006876329052574,53321.71689441981
