cur_n,cur_mean,cur_std,cur_S,next_n,next_mean,next_std,next_S
1701000.0,-0.01616754990949697,0.1413810096872348,34000.59142020955,1701000.0,-0.01552167775860139,0.14280992290583716,34691.34061071133
1701000.0,-0.004880618140874992,0.1285535778156876,28110.7640500331,1701000.0,-0.004367448730352538,0.12921289148670054,28399.8472261279
1701000.0,0.0020102467657862836,0.062086778768874605,6556.960534519698,1701000.0,0.002248593560597873,0.061976014543400244,6533.585870141073
1701000.0,0.007237774601353319,0.202553311223499,69788.3624528138,1701000.0,0.00728033306027148,0.19891761459318,67305.53778964495
1701000.0,0.00038195618003295363,0.24746713019775163,104169.20687865694,1701000.0,0.00042100408183442026,0.24459267934145124,101763.30951741841
1701000.0,0.0002296205077809216,0.0676567679075387,7786.222452524445,1701000.0,0.00022580463520562423,0.06509687526845721,7208.162991688748
