cur_n,cur_mean,cur_std,cur_S,next_n,next_mean,next_std,next_S
27151000.0,-0.023364747427003594,0.07345991089854804,146516.5298839033,27151000.0,-0.023321107923991027,0.07009049967939084,133384.12432322183
27151000.0,-0.023687656463303695,0.08068551411733216,176757.1420666567,27151000.0,-0.023651290898994995,0.07592834033513707,156528.5794260802
27151000.0,-0.03298168811773805,0.12146260947531254,400563.19650549506,27151000.0,-0.03289920319872804,0.1149473526273838,358743.2816284739
27151000.0,0.032225576034317374,0.13388613640928684,486695.18323627993,27151000.0,0.03244422316635039,0.12314818143807411,411757.8006339474
27151000.0,0.03225819156699651,0.13969194747423194,529820.2749754372,27151000.0,0.03248213159197387,0.1265886141193397,435086.0113266102
27151000.0,0.04868529569811697,0.20545975811894035,1146144.5001130742,27151000.0,0.049026013289202204,0.1862129048751103,941467.6025719716
