cur_n,cur_mean,cur_std,cur_S,next_n,next_mean,next_std,next_S
16801000.0,-0.02349614508885065,0.07389411190195119,91739.16853924561,16801000.0,-0.02345161138418232,0.0704313509886253,83342.6239701953
16801000.0,-0.024099299910553904,0.0822935656478106,113780.25214105961,16801000.0,-0.0240664709391008,0.07721776363728904,100177.35733824431
16801000.0,-0.03335770410323802,0.12311191448634738,254645.0871501828,16801000.0,-0.03327963419388779,0.11623944874742634,227008.55028721842
16801000.0,0.03240763588663498,0.13572574756931016,309499.26117312134,16801000.0,0.03262828071553897,0.12496378198541314,262363.5223228522
16801000.0,0.03214354794794318,0.14232234399873614,340315.1689513503,16801000.0,0.03237439439975213,0.12883857557942932,278886.1591418075
16801000.0,0.04867725086552924,0.20875274865926086,732149.1069330545,16801000.0,0.04902294230058948,0.1890705037879651,600596.3584196694
