cur_n,cur_mean,cur_std,cur_S,next_n,next_mean,next_std,next_S
3051000.0,-0.02186984880418704,0.13297279996667277,53947.066635010124,3051000.0,-0.02122153950067438,0.13437076007293886,55087.33404702944
3051000.0,-0.003222575609035559,0.1093126878208689,36457.203605517985,3051000.0,-0.0027228532342172436,0.10977325428698975,36765.0606054629
3051000.0,0.0027390576999906657,0.05540740473964391,9366.510505447262,3051000.0,0.0029798401115605773,0.054895836401176845,9194.349758117742
3051000.0,0.006728595453694127,0.19391510451364244,114726.959731296,3051000.0,0.006777409463179325,0.19004212670098358,110189.94626907076
3051000.0,-0.00039953433432172005,0.23304229919126893,165695.8840108887,3051000.0,-0.0003641702144087682,0.22999859190914815,161395.92380686235
3051000.0,0.00014705174926392555,0.06612282333749868,13339.666914438403,3051000.0,0.00015459778942502513,0.06332769426257663,12235.720821734476
