cur_n,cur_mean,cur_std,cur_S,next_n,next_mean,next_std,next_S
6551000.0,-0.023885932829620222,0.07547167511491554,37314.32400121106,6551000.0,-0.023845736601173326,0.0718463674101339,33815.6102412193
6551000.0,-0.025343379562653975,0.08612383512883112,48590.83041627976,6551000.0,-0.025316642456784215,0.08066304776810386,42624.26018009333
6551000.0,-0.03446393340465201,0.1270349048704173,105719.16708016107,6551000.0,-0.03439337659947472,0.11973956719468992,93925.38144936637
6551000.0,0.032638550466502526,0.13938239273374933,127269.23414881687,6551000.0,0.03285312910111466,0.12853963444092834,108238.48886308128
6551000.0,0.03230588092268799,0.14836499098446262,144201.7292718687,6551000.0,0.03254464145968763,0.13447820100038804,118470.8162517143
6551000.0,0.04859198386723463,0.21571791713784272,304845.6737413684,6551000.0,0.0489571640187542,0.19553038194346964,250458.68535264517
