cur_n,cur_mean,cur_std,cur_S,next_n,next_mean,next_std,next_S
33701000.0,-0.023487329133644333,0.07345728113391523,181849.65748063542,33701000.0,-0.02344413624388095,0.07010732748767987,165641.67432093096
33701000.0,-0.023784723233783,0.08028897443539483,217247.41063482413,33701000.0,-0.023745425185961826,0.07564169247286284,192825.8537390037
33701000.0,-0.03290839282783001,0.12104271350306199,493764.7585251046,33701000.0,-0.03282519079036425,0.11468547113692057,443261.0734268337
33701000.0,0.032178543833481676,0.13322568192012835,598161.8233702274,33701000.0,0.03239744448481873,0.12247385386729727,505509.77233822364
33701000.0,0.03231055321681576,0.13885113158169768,649743.0378258955,33701000.0,0.03253386803153547,0.12585847544772916,533835.8322321399
33701000.0,0.04882608820322643,0.20450231529059829,1409416.158722514,33701000.0,0.04917434706836604,0.1854070968023542,1158498.5508471779
