cur_n,cur_mean,cur_std,cur_S,next_n,next_mean,next_std,next_S
3501000.0,-0.017567030174278946,0.06523515322603579,14898.943882701711,3501000.0,-0.01752309173837684,0.061529633144406355,13254.421037853188
3501000.0,-0.018332386260068518,0.08019015914513054,22513.046144648495,3501000.0,-0.018285098302879586,0.0739693931639255,19155.620408762905
3501000.0,-0.024600209903011257,0.10611190713924315,39420.33866538249,3501000.0,-0.02455826345390923,0.0998736241837261,34921.567567380145
3501000.0,0.032430279977576956,0.15138303846523593,80231.80199671982,3501000.0,0.03263608445801489,0.14212215317247012,70715.6711847491
3501000.0,0.031821645426052085,0.15634712906730028,85579.93111132228,3501000.0,0.032055253538323565,0.14256693967530001,71158.98834162061
3501000.0,0.04937713685989488,0.22629027968952128,179276.72467754816,3501000.0,0.04971643147713271,0.210613400566435,155297.37374804975
