cur_n,cur_mean,cur_std,cur_S,next_n,next_mean,next_std,next_S
17951000.0,-0.023441954081168122,0.073793388093403,97751.52653127575,17951000.0,-0.023398820031369307,0.0703459169626943,88831.38574616826
17951000.0,-0.02400503947162389,0.08212026273531782,121056.83279088314,17951000.0,-0.02397479690081077,0.07707775777177175,106646.54531981751
17951000.0,-0.033271805719706934,0.12284878422911033,270913.32879272714,17951000.0,-0.03319367935743809,0.11604159747854334,241721.92525177775
17951000.0,0.032401738250779716,0.13554124757415095,329785.5362313272,17951000.0,0.032620660744549904,0.12479436501688887,279562.29567597446
17951000.0,0.03217660214978078,0.1421048422564529,362498.6559457207,17951000.0,0.0324065411937655,0.12866123212897027,297155.6958330116
17951000.0,0.048760338195297945,0.20849472873554525,780330.9018455398,17951000.0,0.04909950852822303,0.18889354938292185,640505.5560956846
