cur_n,cur_mean,cur_std,cur_S,next_n,next_mean,next_std,next_S
8901000.0,-0.023513413083823837,0.07450080572207532,49403.84384387509,8901000.0,-0.02347045788912661,0.07091529651788148,44762.94457322979
8901000.0,-0.02477019963566503,0.08449517106836012,63548.101445389686,8901000.0,-0.024737510315171365,0.07914949903279976,55761.58909777135
8901000.0,-0.03380108861392818,0.1251015334171163,139304.1539971567,8901000.0,-0.033718339370767354,0.1179427007302708,123817.18831505252
8901000.0,0.03248251709738205,0.13835036020963515,170372.45813637873,8901000.0,0.03270464225475196,0.1275639752229274,144842.12576238782
8901000.0,0.032253657039281194,0.14652407544458415,191098.2810002076,8901000.0,0.03248883311766251,0.13277870182117246,156926.2647337682
8901000.0,0.04859001456276537,0.21347963160409342,405650.19623050286,8901000.0,0.04893677667827942,0.1935090020359996,333304.4771676886
