cur_n,cur_mean,cur_std,cur_S,next_n,next_mean,next_std,next_S
19451000.0,-0.023347998123364862,0.07361572719507466,105410.32367473075,19451000.0,-0.023304548002677374,0.07018656971480752,95818.63250861673
19451000.0,-0.02388523345440399,0.08182390949646125,130227.40476696011,19451000.0,-0.02385258597482416,0.07683100262947981,114819.31067320962
19451000.0,-0.03315170394828808,0.12240599953952551,291438.781896331,19451000.0,-0.033069664743266405,0.11567809578016451,260282.0362745129
19451000.0,0.0323762315825669,0.13530267975017504,356085.86143554805,19451000.0,0.03259576984772062,0.12458584451690884,301911.2767527864
19451000.0,0.03223616349725778,0.1418345525630529,391296.55089011043,19451000.0,0.03246475126041732,0.12845587928098556,320959.25724292645
19451000.0,0.04880194525982819,0.2080395165310464,841847.8469687096,19451000.0,0.049140377554909465,0.18857332680267466,691675.6067583625
