cur_n,cur_mean,cur_std,cur_S,next_n,next_mean,next_std,next_S
12351000.0,-0.023436040502625495,0.07405135143724176,67727.97632622099,12351000.0,-0.023393703778613148,0.07053699265371155,61451.99702531014
12351000.0,-0.02443066905076562,0.08333708178522414,85778.54969509313,12351000.0,-0.024396845838453078,0.07810514854469541,75346.21614471254
12351000.0,-0.033586465840580386,0.12418780579673286,190484.6698024055,12351000.0,-0.03350974560545692,0.11710458721581773,169375.2451696372
12351000.0,0.03239954843118426,0.13696453014048135,231695.8983625615,12351000.0,0.03261895861890555,0.12620967925995344,196737.6356485579
12351000.0,0.03222207039800751,0.1444880761175628,257849.40793504976,12351000.0,0.0324589885586382,0.13081788245211926,211366.5951786869
12351000.0,0.04851077131111143,0.21110981224916323,550451.3747771082,12351000.0,0.04886247458900301,0.19114949318011146,451282.4281049594
