cur_n,cur_mean,cur_std,cur_S,next_n,next_mean,next_std,next_S
31751000.0,-0.023497274089930957,0.07351542995133939,171598.86501797757,31751000.0,-0.023453795743233613,0.07016209701342069,156301.27818978814
31751000.0,-0.02378167307577588,0.08039702082500738,205228.33408274682,31751000.0,-0.023743843381745643,0.07573175219106475,182101.45600353062
31751000.0,-0.033042374246919214,0.12136795464738966,467697.9583658992,31751000.0,-0.03295905190108359,0.11496636635447671,419661.39348526095
31751000.0,0.03218868093443617,0.13326943045595746,563921.2904773492,31751000.0,0.03240798396860531,0.12251230655585597,476559.18119520164
31751000.0,0.032280536767671085,0.13889681108808954,612550.5834656141,31751000.0,0.03250308391921566,0.12588007369195497,503119.77204092423
31751000.0,0.04883105374517829,0.204741868966742,1330977.564061735,31751000.0,0.049178345846813076,0.18557371936339623,1093428.4064633925
