cur_n,cur_mean,cur_std,cur_S,next_n,next_mean,next_std,next_S
6251000.0,-0.017682939397070618,0.06503606581728463,26439.79129604561,6251000.0,-0.0176375639458304,0.06138514242639114,23554.616327637745
6251000.0,-0.018656191561429045,0.08011828436838911,40124.79075282803,6251000.0,-0.018613696811319226,0.07397009274496624,34202.81295398887
6251000.0,-0.023949535072024093,0.10421570232375936,67891.56473032598,6251000.0,-0.02388302451003855,0.09821294211960022,60295.78328067443
6251000.0,0.032455332069011654,0.150949708834173,142434.12704660714,6251000.0,0.03266882761026335,0.14175434202913365,125609.42856918789
6251000.0,0.03210864338276334,0.15633350528118345,152775.47062425985,6251000.0,0.032339269202328096,0.14272170524376035,127329.65165819027
6251000.0,0.04895239001731687,0.22389925565717742,313368.1101506719,6251000.0,0.04928284571595117,0.20859809686187453,272000.80075598933
