cur_n,cur_mean,cur_std,cur_S,next_n,next_mean,next_std,next_S
4351000.0,-0.024617239473353553,0.13058250274672717,74192.33839267929,4351000.0,-0.023967489173539684,0.1319620519913546,75768.24075426083
4351000.0,-0.0027577039106125322,0.1013823965822496,44721.276355245085,4351000.0,-0.0022571431995981133,0.10175517707332692,45050.75898238613
4351000.0,0.0032001144102085026,0.0532818341251637,12352.288191523086,4351000.0,0.0034437225371727544,0.05256854096571962,12023.777473300022
4351000.0,0.006793420987112289,0.19078062496176856,158364.4210913538,4351000.0,0.006843340403001344,0.1867928724770261,151813.25243295886
4351000.0,-0.0007818022418492804,0.2279512003320051,226085.57308742122,4351000.0,-0.0007395427435780286,0.22477590844813317,219830.83344029207
4351000.0,-1.7686796392947224e-05,0.06547510511481539,18652.690835002937,4351000.0,-6.716841023453448e-06,0.06255299393794467,17024.928047162957
