cur_n,cur_mean,cur_std,cur_S,next_n,next_mean,next_std,next_S
5201000.0,-0.02394535197177103,0.07597806218898173,30023.635522696422,5201000.0,-0.023912290858958792,0.07227775655777775,27170.40935782503
5201000.0,-0.025591196906796183,0.08697971676875312,39348.015342826235,5201000.0,-0.02556157207939506,0.08141014620930877,34470.20952217518
5201000.0,-0.034598877539746276,0.12784516357189285,85007.15079921372,5201000.0,-0.03453100369270027,0.12041868109245485,75417.92619019703
5201000.0,0.03258818910569072,0.14064267048770734,102877.6563227138,5201000.0,0.032802241920267684,0.1297352032213413,87539.19058834505
5201000.0,0.032206339557734,0.14995128478045258,116946.50198581094,5201000.0,0.03244875299715606,0.13597864815836463,96167.49251863184
5201000.0,0.04857432417409026,0.218011819557772,247199.12718129766,5201000.0,0.04893425535014032,0.19766644816515413,203213.6006219136
