cur_n,cur_mean,cur_std,cur_S,next_n,next_mean,next_std,next_S
31001000.0,-0.023488126453558154,0.07352229197067343,167576.7554426661,31001000.0,-0.02344468987105952,0.07016634259881342,152627.70796014954
31001000.0,-0.02377196229934788,0.0804468021273427,200628.79883596327,31001000.0,-0.02373390039376386,0.07577189273064548,177988.51294724582
31001000.0,-0.033099437580178706,0.12150486581017024,457681.1683143874,31001000.0,-0.033015376099903807,0.11508560238886198,410598.81688930147
31001000.0,0.03218675153342483,0.13331468226460758,550974.7125312188,31001000.0,0.03240518169097674,0.1225478306936036,465572.11300975987
31001000.0,0.03227381942746784,0.13897705491355375,598772.5901875853,31001000.0,0.032497760568295855,0.12594473176448107,491740.2013114988
31001000.0,0.04886406202020684,0.20493084035121026,1301938.1257879771,31001000.0,0.049210220890792654,0.1857308930338191,1069409.3994059658
