cur_n,cur_mean,cur_std,cur_S,next_n,next_mean,next_std,next_S
1301000.0,-0.0028347014259214875,0.1070162727861648,14899.67991599673,1301000.0,-0.0022661258591204253,0.10763813682274875,15073.345016773286
1301000.0,0.0007696411617744912,0.1059200669401128,14595.997815357965,1301000.0,0.001300516915474187,0.10571622503216814,14539.87222580267
1301000.0,0.004121153932908263,0.04864724528209243,3078.88737007042,1301000.0,0.004418823347631628,0.047076767665881786,2883.3048920815045
1301000.0,0.0033061922753824568,0.192741907945567,48331.425445125155,1301000.0,0.0033611383254921134,0.18880033509205757,46374.882056666065
1301000.0,-0.0007327027326092349,0.215468577139637,60401.14676268819,1301000.0,-0.0006833739424559104,0.21197675831876298,58459.32403359795
1301000.0,0.0006733161667392542,0.06732198843510591,5896.457415040351,1301000.0,0.0007187490835798709,0.06386283841819317,5306.079232207552
