cur_n,cur_mean,cur_std,cur_S,next_n,next_mean,next_std,next_S
3301000.0,-0.02476999470798726,0.07820685236251446,20189.945108048494,3301000.0,-0.02473747815172293,0.07436484058450929,18254.95752954144
3301000.0,-0.02686791739055286,0.09043299062398438,26995.993243345427,3301000.0,-0.026845982949167974,0.0846112493950929,23632.06869337961
3301000.0,-0.035934608805663425,0.13112031881244063,56752.56795607651,3301000.0,-0.03587533817265891,0.12361389265647232,50440.582104821035
3301000.0,0.032453684069888585,0.14278618706870852,67300.44211336436,3301000.0,0.03266418520440654,0.13175028558135338,57299.21271528574
3301000.0,0.03218677690725714,0.15419725564891937,78487.1958375217,3301000.0,0.032414613229312134,0.1398946272610644,64602.242737226596
3301000.0,0.04905431257704526,0.22276716893199128,163812.82333966927,3301000.0,0.04939217356913843,0.20241191163546807,135243.8910893229
