cur_n,cur_mean,cur_std,cur_S,next_n,next_mean,next_std,next_S
26201000.0,-0.023315093590762274,0.07342455200524452,141253.90989871364,26201000.0,-0.023270717114912787,0.07005204494740377,128575.879123404
26201000.0,-0.023669215503206387,0.08078648770845757,170999.689278838,26201000.0,-0.023632879116221087,0.07600455906690569,151355.13326561355
26201000.0,-0.03297223814908818,0.12153780873661015,387026.47199436947,26201000.0,-0.0328917814222935,0.11500092929652952,346513.82517725206
26201000.0,0.03224808239974271,0.1341021225290349,471182.5201692247,26201000.0,0.032467260143651824,0.12338639412254189,398889.3232718114
26201000.0,0.03227619624565692,0.14002178337988636,513699.42140697694,26201000.0,0.03250216943665341,0.12689982602275565,421929.5286945127
26201000.0,0.04871904444900511,0.20585906723528402,1110344.8137056702,26201000.0,0.04905955756136846,0.18662169212063262,912519.4140691365
