cur_n,cur_mean,cur_std,cur_S,next_n,next_mean,next_std,next_S
31501000.0,-0.02350259433131852,0.07354124878855804,170367.33942676196,31501000.0,-0.023459017915066903,0.07018712524585896,155181.25156630386
31501000.0,-0.023788696737485533,0.08044157867895334,203838.1696289909,31501000.0,-0.02375072631193488,0.0757739126697662,180868.84568632997
31501000.0,-0.03306793778249981,0.12142152104960788,464425.09506678564,31501000.0,-0.0329843901383005,0.11501389612372193,416701.411695388
31501000.0,0.032200941869413684,0.13332213836204884,559923.7409816001,31501000.0,0.032419651778571625,0.12255740989311094,473155.0599895219
31501000.0,0.03229253978426626,0.13895783935522774,608261.6645067267,31501000.0,0.032515601936910055,0.12593766610690724,499615.1762460723
31501000.0,0.048852425148761584,0.20480720984513254,1321340.7319364715,31501000.0,0.049198087720632236,0.185626781339844,1085439.4687455439
