cur_n,cur_mean,cur_std,cur_S,next_n,next_mean,next_std,next_S
4501000.0,-0.024078536845659505,0.07644686577715505,26304.39891546377,4501000.0,-0.024043618958684954,0.07270701051934454,23793.67851334901
4501000.0,-0.025911398349014892,0.08785424664345101,34740.37730845075,4501000.0,-0.025884271580468177,0.08220392323240201,30415.43996158869
4501000.0,-0.034883373659912786,0.1288450883628485,74721.35663533129,4501000.0,-0.034804416215102045,0.12134077884161802,66270.85432911695
4501000.0,0.03252350712260401,0.14145638317591147,90064.59744378753,4501000.0,0.03273733144167013,0.13054178437525124,76702.24976290354
4501000.0,0.03220383999933061,0.15134890611208268,103102.11770733939,4501000.0,0.03244646426465273,0.137289886489219,84837.1567079341
4501000.0,0.048742254973418386,0.2200659676649793,217979.06458958102,4501000.0,0.04909913105738159,0.19959950409073482,179319.66911173594
