cur_n,cur_mean,cur_std,cur_S,next_n,next_mean,next_std,next_S
3801000.0,-0.023464039702199926,0.13129172165276293,65519.79897945153,3801000.0,-0.022817475073269932,0.13268131123543933,66914.05966474215
3801000.0,-0.0028137041674322475,0.10413583838289729,41219.08104852955,3801000.0,-0.0023117774924014457,0.1045456198297133,41544.11896382557
3801000.0,0.003012667363767609,0.054068209915356595,11111.7344004375,3801000.0,0.003249307820225126,0.05344110633181041,10855.47296652386
3801000.0,0.006714768650351283,0.19183604975116705,139880.86700968666,3801000.0,0.006761547645682392,0.1878961493402681,134194.16412315815
3801000.0,-0.000761934991859743,0.2303879874525961,201751.85272210123,3801000.0,-0.0007208764860071542,0.22726054279570637,196311.59373914835
3801000.0,7.921761127907655e-05,0.0655279067664134,16321.138854278699,3801000.0,8.165375748803532e-05,0.06267473228330304,14930.791975844879
