cur_n,cur_mean,cur_std,cur_S,next_n,next_mean,next_std,next_S
28251000.0,-0.023424546598998074,0.0735031441441899,152632.0223362531,28251000.0,-0.023380392670495378,0.07013890795172407,138979.84551106562
28251000.0,-0.023727952262083463,0.08062361779123893,183636.2389851205,28251000.0,-0.02369076094057568,0.07589451739155291,162725.13198300265
28251000.0,-0.03311640275005352,0.12167882287293331,418276.8459206664,28251000.0,-0.03303249277398826,0.11519052230982217,374858.46300420235
28251000.0,0.03221123187984141,0.13366126561154865,504713.5487118118,28251000.0,0.032430126472859436,0.12290853407316604,426773.950389161
28251000.0,0.03225554099596816,0.13941345262350124,549089.5654312201,28251000.0,0.03248001461322662,0.12633119941233964,450873.8670170741
28251000.0,0.048845324332779036,0.20548447737131423,1192866.5638163213,28251000.0,0.0491875141254326,0.18622020760325275,979687.209550029
