cur_n,cur_mean,cur_std,cur_S,next_n,next_mean,next_std,next_S
25801000.0,-0.023299944454326486,0.07340971972706838,139041.25230744405,25801000.0,-0.02325619742892283,0.07003608684573011,126555.284338557
25801000.0,-0.023676013911132988,0.08085335129705638,168667.95919631835,25801000.0,-0.023639823129474345,0.07606161076799589,149268.29609028302
25801000.0,-0.0329751133916213,0.12156191148075775,381269.07402799686,25801000.0,-0.03289476349033363,0.11501603832568243,341313.40675015125
25801000.0,0.032257295346803355,0.1341711592647274,464467.02134375216,25801000.0,0.03247672189155084,0.1234660821574898,393307.1787110999
25801000.0,0.03229393859526769,0.14016955359340832,506925.24437179905,25801000.0,0.032518803729950696,0.12704134071699302,416415.29758246575
25801000.0,0.04872648649555243,0.20599053564257547,1094790.6320781054,25801000.0,0.049068176049763594,0.18675681519047105,899890.0650262843
