cur_n,cur_mean,cur_std,cur_S,next_n,next_mean,next_std,next_S
6601000.0,-0.023876641341548117,0.07542818587097923,37555.80348821793,6601000.0,-0.023835960296048304,0.07180028561452137,34030.0099755715
6601000.0,-0.025343180609195944,0.08611205992025732,48948.308587349624,6601000.0,-0.02531653921656753,0.08065245536440174,42938.30729018129
6601000.0,-0.03441710134034303,0.12690692065995482,106311.52434169906,6601000.0,-0.03434740717448548,0.11961477735186692,94445.09443714313
6601000.0,0.032625924859151896,0.13931244871453247,128111.93317950584,6601000.0,0.03284099895732894,0.12845703531531816,108924.48669512793
6601000.0,0.03232893430832889,0.1483637986653627,145300.00239590183,6601000.0,0.03256636584839431,0.134469207180666,119359.06865433918
6601000.0,0.04852793762801456,0.21553321873259743,306646.6058581196,6601000.0,0.048894876940929845,0.1953411332873589,251882.0032946861
