cur_n,cur_mean,cur_std,cur_S,next_n,next_mean,next_std,next_S
33301000.0,-0.023489522784332927,0.0734761187687446,179783.44171634084,33301000.0,-0.023446355247945076,0.07012610770254402,163763.36135522465
33301000.0,-0.023790182999475055,0.08033748780422961,214928.38193688163,33301000.0,-0.023751144584003177,0.07568785370664124,190769.8135685057
33301000.0,-0.032931094706119476,0.12109575532294604,488331.92335787654,33301000.0,-0.0328474976205493,0.11473152644982869,438351.82460136927
33301000.0,0.032191847843431536,0.1332626694413745,591390.4298582134,33301000.0,0.03241018834166795,0.12251207993204212,499821.6931945894
33301000.0,0.03232172195569357,0.13891073169853926,642582.4691794654,33301000.0,0.03254381315557397,0.1259179863060892,527998.653209445
33301000.0,0.048826412743746224,0.20455214697261914,1393366.483256727,33301000.0,0.049174675653347905,0.18544676691809672,1145238.1524038443
