cur_n,cur_mean,cur_std,cur_S,next_n,next_mean,next_std,next_S
8651000.0,-0.0035551938467862127,0.0823509040366068,58668.2392437372,8651000.0,-0.008082549200393795,0.08639371515156152,64569.97412702885
8651000.0,-0.022985410047273613,0.1568291303559731,212774.59888515167,8651000.0,-0.02559536191063463,0.1522449351838461,200517.3790212939
8651000.0,-1.941272834014587e-05,0.022036895184829135,4201.139706948195,8651000.0,-1.783520800010962e-05,0.020805069279171962,3744.5932026091145
8651000.0,-0.0014086251004667818,0.2290208094947504,453749.54525228764,8651000.0,0.0013824446071230108,0.230909004225416,461262.39417826035
8651000.0,-0.0021689154262203693,0.4401110442138144,1675679.0729483652,8651000.0,-0.00372934690905078,0.43280745969082496,1620525.192765981
8651000.0,-0.00011011517170359599,0.08606632228054428,64081.519749103034,8651000.0,0.00026688216567729,0.08566853628711456,63490.537745947724
