cur_n,cur_mean,cur_std,cur_S,next_n,next_mean,next_std,next_S
851000.0,-0.013213496815660513,0.1609866806324709,22055.121351243066,851000.0,-0.012559316141075808,0.1625100433651357,22474.496579552077
851000.0,-0.009211218520161024,0.16248001187515382,22466.190874366555,851000.0,-0.008602493090241674,0.16334076473897916,22704.854817112868
851000.0,4.825099974895074e-05,0.07531107147488916,4826.66562117818,851000.0,0.00031183449415204994,0.07581858914611354,4891.938149551198
851000.0,0.007871317547562443,0.2179982077487331,40442.25901299249,851000.0,0.007885593155777361,0.21465207491734392,39210.2617896392
851000.0,0.0017557740751420203,0.2697241443640378,61911.19805902837,851000.0,0.0018460888901514702,0.2669178462246241,60629.61127484647
851000.0,0.0012563612794051827,0.07111510350979659,4303.8116130749295,851000.0,0.0012437572830162255,0.06891333595319656,4041.4397392406117
