cur_n,cur_mean,cur_std,cur_S,next_n,next_mean,next_std,next_S
6351000.0,-0.0038219825236626595,0.08382190883676885,44622.83985900242,6351000.0,-0.008348735843412393,0.08785197487546968,49016.8242279425
6351000.0,-0.022553419155901505,0.1579378661096238,158421.69102006147,6351000.0,-0.025163819715968518,0.15336166730880116,149374.25614931958
6351000.0,-9.753984108534053e-06,0.02217941852643796,3124.2258757913814,6351000.0,-8.356918796272662e-06,0.020957259911570006,2789.402024799981
6351000.0,-0.001378674886460643,0.23246481865038518,343207.35352140374,6351000.0,0.0014127260157013686,0.23435516449574514,348811.8011921322
6351000.0,-0.0021913817848527735,0.44098132407708773,1235044.2185015471,6351000.0,-0.0037517681572082863,0.4336794804235393,1194482.6904434776
6351000.0,-0.00011913790251284019,0.0860191653668698,46992.934042932284,6351000.0,0.00025786082958687484,0.0856212877794577,46559.212253351725
