cur_n,cur_mean,cur_std,cur_S,next_n,next_mean,next_std,next_S
1001000.0,-0.028223124361613002,0.08947951364151072,8014.589944882823,1001000.0,-0.028196566772828006,0.08529677464499931,7282.815304604636
1001000.0,-0.0333402105360258,0.10290273549338605,10599.561944993797,1001000.0,-0.03333996680821483,0.09673750186938843,9367.50241219786
1001000.0,-0.044906912711176,0.15102895260962543,22832.554270886845,1001000.0,-0.04483258050482299,0.14270485685224676,20385.04084538946
1001000.0,0.03233554742900621,0.1515697942852151,22996.375942202092,1001000.0,0.03254257643868,0.14011435479721934,19651.6644526613
1001000.0,0.032226556352410056,0.16833072103108387,28363.56687448743,1001000.0,0.03243600339878612,0.1535186748321483,23591.551505741103
1001000.0,0.04841358307995598,0.24177742209319336,58514.77815586422,1001000.0,0.04878492314333894,0.21995032143472293,48426.52204313717
