cur_n,cur_mean,cur_std,cur_S,next_n,next_mean,next_std,next_S
3401000.0,-0.004677411306456613,0.0885105313083371,26643.822232598497,3401000.0,-0.009201370920575927,0.09253433070644486,29121.410623944288
3401000.0,-0.021019564471701103,0.1619443670634425,89194.5512581922,3401000.0,-0.02363078864110696,0.15738900036159947,84247.18257583493
3401000.0,-3.175287947707311e-05,0.022743985843804045,1759.2995219068032,3401000.0,-2.3259668298146405e-05,0.021535388108901998,1577.291772344529
3401000.0,-0.0012394534407888036,0.24367738826146493,201946.85513930762,3401000.0,0.001552913651420027,0.2455810105013287,205114.42127682146
3401000.0,-0.002232704506327035,0.44480314970320367,672887.312594014,3401000.0,-0.0037928423430451815,0.43751610762500587,651020.5914109729
3401000.0,0.00023567986626666678,0.08632535421460101,25344.479119719803,3401000.0,0.0006126801847601195,0.08592665903321803,25110.911881609707
