cur_n,cur_mean,cur_std,cur_S,next_n,next_mean,next_std,next_S
3001000.0,-0.004929383264106925,0.09001144016165843,24314.280139287424,3001000.0,-0.009453526752628514,0.09402097749228497,26528.67257002287
3001000.0,-0.020604189891512834,0.16303212502126496,79765.00084063706,3001000.0,-0.023215660240335525,0.15848253524577904,75375.2586477667
3001000.0,-1.1692150711012193e-05,0.02285056221200623,1566.9667284077057,3001000.0,-4.989876985962249e-06,0.02165250927915347,1406.9623054095655
3001000.0,-0.001248760750673092,0.24734945059263283,183606.4338761404,3001000.0,0.0015438325338510762,0.24925810497459763,186450.93828947813
3001000.0,-0.0022450454270512878,0.445734758939756,596237.1054565744,3001000.0,-0.0038051260546607363,0.43845007184564655,576907.6349698593
3001000.0,0.0001461320810402225,0.0862653764795404,22332.587252649682,3001000.0,0.0005231336470155676,0.08586708745175373,22126.843279048815
