cur_n,cur_mean,cur_std,cur_S,next_n,next_mean,next_std,next_S
33651000.0,-0.023484849019484545,0.07345258253252021,181556.6305673244,33651000.0,-0.023441559101895423,0.07010315445518342,165376.2331549543
33651000.0,-0.02378599980808609,0.08029410097558226,216952.7973648525,33651000.0,-0.02374673956397812,0.07564632243025562,192563.34153762407
33651000.0,-0.03291160023893043,0.12104748875360032,493071.0935485918,33651000.0,-0.032828004110560784,0.11469038226749553,442641.34323773684
33651000.0,0.03217576959060264,0.13321907862806823,597215.16326162,33651000.0,0.03239445067647794,0.12246848400228602,504715.5186885558
33651000.0,0.032312301835900656,0.1388587641518475,648850.3840032252,33651000.0,0.03253568779250198,0.12586570741761083,533105.0747970071
33651000.0,0.048825637522538004,0.20450500792699944,1407362.158990291,33651000.0,0.04917425796775955,0.18541108667342038,1156829.5484877974
