cur_n,cur_mean,cur_std,cur_S,next_n,next_mean,next_std,next_S
27501000.0,-0.02339515255083118,0.0734915316066161,148533.0444970899,27501000.0,-0.02335115415360555,0.07012396188548249,135232.59320923703
27501000.0,-0.023697826792394395,0.08065537556885885,178901.96951383413,27501000.0,-0.02366081681805156,0.07590578125057787,158452.17143729317
27501000.0,-0.033055026406742544,0.12161048469985991,406715.31380569766,27501000.0,-0.03297203759007087,0.11510582833370431,364370.4215523921
27501000.0,0.03223677689846992,0.13382658503290185,492530.66824799543,27501000.0,0.03245447609876894,0.12308294643799038,416623.9712677771
27501000.0,0.03224995139403839,0.13958305063892618,535813.7541339239,27501000.0,0.03247411160842165,0.1264788020608096,439930.3995826508
27501000.0,0.04877781479750246,0.2055458260101036,1161892.1303164242,27501000.0,0.049118327932169685,0.18629571931007868,954452.3195096729
