cur_n,cur_mean,cur_std,cur_S,next_n,next_mean,next_std,next_S
5501000.0,-0.0239075483504242,0.07580323073208309,31609.459971607266,5501000.0,-0.023872570976835244,0.07212614419969343,28617.195904809454
5501000.0,-0.025520202856871083,0.0868125412939224,41457.8317098253,5501000.0,-0.025493519871028054,0.08126171079287123,36325.664491054325
5501000.0,-0.03457950235096758,0.12765164417616007,89638.47737708426,5501000.0,-0.034510982513833055,0.12025282725599117,79548.54428928894
5501000.0,0.03259061145450374,0.1402837034819404,108257.02556181201,5501000.0,0.032806149585762036,0.1294063537410812,92119.77014147867
5501000.0,0.03223779904064296,0.14966443920704217,123219.34344173447,5501000.0,0.03247616758492738,0.13569254803903838,101286.98423089039
5501000.0,0.048617972238554893,0.21745013771889266,260112.37772920355,5501000.0,0.048978293766130214,0.19716035050570757,213835.99316724562
