cur_n,cur_mean,cur_std,cur_S,next_n,next_mean,next_std,next_S
3951000.0,-0.004419091070020932,0.08720614679960967,30047.007468598164,3951000.0,-0.008943196833653123,0.09122803611549098,32882.41311985632
3951000.0,-0.021407226034469408,0.16071427745050856,102050.69103591068,3951000.0,-0.024018919138182417,0.15615745380012688,96345.72914086544
3951000.0,-3.7627965656949115e-05,0.022603823930235654,2018.6957151191903,3951000.0,-2.9492478358364274e-05,0.0213876119725949,1807.3057162125149
3951000.0,-0.0012466174982756195,0.2405696137898731,228659.14310116335,3951000.0,0.0015454576437176225,0.24246260807063041,232271.84755034035
3951000.0,-0.002256128536215067,0.4438233384283855,778264.6443039167,3951000.0,-0.00381630305788139,0.4365360544760264,752917.2848139678
3951000.0,0.000217792179725991,0.08633053114827806,29446.647363566382,3951000.0,0.0005947926782392087,0.08593191950649715,29175.348715570934
