cur_n,cur_mean,cur_std,cur_S,next_n,next_mean,next_std,next_S
9801000.0,-0.023461564719228886,0.0743197574325324,54135.101605683274,9801000.0,-0.02341665171076772,0.07074889577830194,49057.98669397435
9801000.0,-0.024594534617910904,0.08400156756156192,69158.43712078939,9801000.0,-0.024561695860392745,0.07869775535907958,60700.89298256245
9801000.0,-0.03367223598683325,0.12472094418003028,152457.6317020678,9801000.0,-0.03359206693213062,0.11757624063611359,135490.71332115078
9801000.0,0.032485830915806535,0.13811335471567204,186957.00305675794,9801000.0,0.032707456277395665,0.12734298214400339,158935.3202281154
9801000.0,0.032240634758670075,0.14585571343994566,208505.38749128339,9801000.0,0.032474218399439925,0.132186773612214,171256.23589958381
9801000.0,0.04860992392957756,0.2129456856555971,444434.8232504966,9801000.0,0.04895233885945074,0.19298514260927319,365021.2428908987
