cur_n,cur_mean,cur_std,cur_S,next_n,next_mean,next_std,next_S
4601000.0,-0.0042260010551014825,0.08584517869524012,33906.585038706675,4601000.0,-0.008751619816597679,0.0898748868866898,37164.555842611226
4601000.0,-0.022004695268065127,0.1599408752859444,117698.56558486373,4601000.0,-0.024613595303835997,0.1553592641691088,111052.04093153107
4601000.0,-3.0809941986804575e-05,0.022468526812753013,2322.7444415199802,4601000.0,-2.4725190799311752e-05,0.021247404842284375,2077.131629859408
4601000.0,-0.0013221542666967965,0.2374224629095232,259355.72853840407,4601000.0,0.0014696744397833502,0.23932007168312597,263518.11896462657
4601000.0,-0.0021164110637443404,0.4428687268959153,902406.5953163429,4601000.0,-0.0036766841245520323,0.4355695934928013,872905.7264380027
4601000.0,0.00011525322719739019,0.08633535010485457,34294.90011022567,4601000.0,0.0004922522133153973,0.08593741325142568,33979.48462218939
