cur_n,cur_mean,cur_std,cur_S,next_n,next_mean,next_std,next_S
1801000.0,-0.006366150179524887,0.09637410439947053,16727.63036583888,1801000.0,-0.010889473071849773,0.10036630530573007,18142.18482854216
1801000.0,-0.018548800236706336,0.1698221226303386,51940.035555747454,1801000.0,-0.021157294513388214,0.1652639336795394,49189.21416319859
1801000.0,3.2026879696657466e-05,0.023477016590329546,992.6577246766784,1801000.0,3.878746443629287e-05,0.022307881824024448,896.2525062458271
1801000.0,-0.001208506066119567,0.26259978087071695,124194.51948894074,1801000.0,0.0015855166931315733,0.2645470808788544,126043.26956074317
1801000.0,-0.0020964629182664354,0.4518666137835642,367734.3694106568,1801000.0,-0.003656115756140108,0.4445893444829558,355985.09309523954
1801000.0,0.00014905436325383573,0.08668870891031942,13534.392986821109,1801000.0,0.0005260612545951247,0.08629271656050723,13411.025709437063
