cur_n,cur_mean,cur_std,cur_S,next_n,next_mean,next_std,next_S
5901000.0,-0.017665873378109462,0.06507526274683681,24989.494737083663,5901000.0,-0.01761823616214436,0.06142443589397779,22264.244778195873
5901000.0,-0.018627208908768,0.08021875649784276,37973.22352384917,5901000.0,-0.01858575196801849,0.07405613240307966,32362.917715111053
5901000.0,-0.024038769839303715,0.10451673082351842,64461.0311770333,5901000.0,-0.023977086523682967,0.09849795740843427,57250.602768052646
5901000.0,0.03246226637418372,0.151052389539345,134642.0806991071,5901000.0,0.03267619644874041,0.14185313137119687,118741.75650178267
5901000.0,0.032053549681611074,0.1564070105049887,144357.06547007023,5901000.0,0.032281121324155296,0.14275421273026606,120255.09375345675
5901000.0,0.0490438705337813,0.22428687543843262,296847.4593167104,5901000.0,0.049374981887688976,0.20899449799356584,257748.00983052893
