cur_n,cur_mean,cur_std,cur_S,next_n,next_mean,next_std,next_S
6501000.0,-0.0177205381184808,0.06509691388470766,27548.690890732112,6501000.0,-0.017676791240675775,0.061439483531418454,24540.040698084966
6501000.0,-0.01869599844909418,0.0802040388803567,41818.903730544225,6501000.0,-0.01865304197758879,0.07407275153373111,35669.5081510759
6501000.0,-0.023922004628108565,0.10419917383006963,70584.39834247582,6501000.0,-0.02385317595508507,0.09821193887575902,62705.94768022061
6501000.0,0.03250980391811675,0.151059321417468,148345.78973477546,6501000.0,0.03272285781099177,0.14186111744222346,130829.87274935804
6501000.0,0.03221879582632774,0.15658230925249375,159391.64523005416,6501000.0,0.03244338304715622,0.14300514958477736,132948.52372327732
6501000.0,0.04894788513020543,0.2239559518491341,326065.90066460456,6501000.0,0.04928102733000283,0.20868444090266094,283113.3223824401
