cur_n,cur_mean,cur_std,cur_S,next_n,next_mean,next_std,next_S
24601000.0,-0.02325452793420448,0.07333226410550542,132294.85320841297,24601000.0,-0.023209901367993824,0.06995557933976997,120391.95756984687
24601000.0,-0.023692850975607166,0.08100130530968584,161412.3631735362,24601000.0,-0.023655497566108317,0.0761792134280404,142766.30821202582
24601000.0,-0.03303752810057262,0.12176275807142338,364738.5897969887,24601000.0,-0.032957786967185265,0.11518809352058597,326413.3717640075
24601000.0,0.032217388416645065,0.13421882457706585,443179.4593157606,24601000.0,0.03243747078211925,0.12351487563284085,375310.99868836766
24601000.0,0.032282287462969114,0.14044423001804945,485244.4355176697,24601000.0,0.03250655082066493,0.12727967759652845,398539.06181160413
24601000.0,0.04881028324948656,0.20645988929292125,1048634.498502281,24601000.0,0.04915031125842583,0.18720223061942215,862134.0533377768
