cur_n,cur_mean,cur_std,cur_S,next_n,next_mean,next_std,next_S
21951000.0,-0.0232684490093821,0.07342008900060813,118327.0733508848,21951000.0,-0.023223470323154263,0.0700226245009083,107629.43949473673
21951000.0,-0.023752134354772258,0.08133514397299825,145214.76931577345,21951000.0,-0.023718256937880117,0.07643722851070606,128252.0080075362
21951000.0,-0.033082727320371264,0.12206241694855073,327053.0774411458,21951000.0,-0.033003076416467055,0.11542498375805424,292451.56784513406
21951000.0,0.03230576432773807,0.13476457965987915,398662.90937527176,21951000.0,0.03252374812079713,0.12407162231277397,337908.589587417
21951000.0,0.03224991595960441,0.14104925572456242,436712.7861554839,21951000.0,0.032475113290166065,0.12782083816194248,358639.0965385201
21951000.0,0.04885528776708181,0.2073153503595869,943446.3958135607,21951000.0,0.04919407143585104,0.18800856697291693,775906.8537731101
