cur_n,cur_mean,cur_std,cur_S,next_n,next_mean,next_std,next_S
5051000.0,-0.017580758786645008,0.06499615003199824,21337.947070378206,5051000.0,-0.01753205809895368,0.06134503791103657,19007.9922790242
5051000.0,-0.018527447202290225,0.0802614409190603,32538.031335837626,5051000.0,-0.01848517978045291,0.07405630828150613,27701.385158037923
5051000.0,-0.02427922179627956,0.10526511789305165,55968.84322248725,5051000.0,-0.02421490065473239,0.09916338701048048,49668.38886044455
5051000.0,0.03240176130780463,0.1510586957499223,115257.40301598304,5051000.0,0.032610256818256245,0.1418676275256718,101658.56630954168
5051000.0,0.03194668310110752,0.15649046365878905,123695.27860673715,5051000.0,0.032175265349183614,0.14273235626812988,102901.62643108025
5051000.0,0.04932997581368181,0.22557564364439123,257016.95794919156,5051000.0,0.04966156715720949,0.21012191428109997,223007.80646768844
