cur_n,cur_mean,cur_std,cur_S,next_n,next_mean,next_std,next_S
7501000.0,-0.023781504032010802,0.07521496486362464,42435.33933671161,7501000.0,-0.023741420911580612,0.07161071857577657,38465.84070705798
7501000.0,-0.025071895467398717,0.08530788491999346,54588.04165665087,7501000.0,-0.02503792070457133,0.07990235610592168,47889.28322109268
7501000.0,-0.034222196102095946,0.12624808425477269,119555.27941377935,7501000.0,-0.03415031985306082,0.11903707352789428,106287.8563805139
7501000.0,0.032644193934644364,0.13910285711379816,145141.38603402034,7501000.0,0.03286264621075739,0.12828819254813031,123450.41046484349
7501000.0,0.03224139366947808,0.14735324018092003,162869.0434160111,7501000.0,0.03247681464506086,0.13350775116843303,133700.22148501375
7501000.0,0.04867630766003745,0.21463053695779458,345543.071728329,7501000.0,0.04903036226034096,0.19459660344586574,284046.6533830791
