cur_n,cur_mean,cur_std,cur_S,next_n,next_mean,next_std,next_S
8451000.0,-0.003570822672969663,0.08237641508494326,57347.41916474827,8451000.0,-0.00809820223874877,0.08641958159688512,63114.97584865016
8451000.0,-0.02294641732640066,0.15688848342673142,208012.88215612306,8451000.0,-0.025556579576596277,0.15230578022428878,196038.2753789028
8451000.0,-2.0126081903785837e-05,0.022065853691268587,4114.807949500909,8451000.0,-1.839866323916296e-05,0.020833014592796798,3667.856514347156
8451000.0,-0.0014098494955666783,0.22913786045082332,443712.64848633134,8451000.0,0.0013812399573530723,0.23102649577561105,451057.26603227906
8451000.0,-0.002179436166468839,0.4401605920205393,1637308.1215352835,8451000.0,-0.0037398623986346917,0.4328574041199598,1583426.1134797249
8451000.0,-0.00010262009688760891,0.0861392824140081,62706.21696303688,8451000.0,0.000274377284413973,0.08574178472929143,62128.82498401567
