cur_n,cur_mean,cur_std,cur_S,next_n,next_mean,next_std,next_S
6101000.0,-0.023896981453344665,0.07562491020225671,34892.39408994939,6101000.0,-0.023860686363091934,0.07197437071403193,31605.071552093148
6101000.0,-0.025422622909638416,0.08643487063147245,45580.4908394453,6101000.0,-0.025396922908171145,0.08092554635013223,39955.10766166321
6101000.0,-0.0343822583139891,0.12692933887883168,98293.5591731937,6101000.0,-0.034307664253769396,0.11959740523675566,87265.89350946434
6101000.0,0.032637904211378646,0.13979107886668324,119222.97050306937,6101000.0,0.03285235498944532,0.12891407007318237,101391.5273607464
6101000.0,0.0322715726271392,0.14893866705184494,135336.81463994316,6101000.0,0.032513982614829566,0.13498200611617836,111161.08619037802
6101000.0,0.04840983978396021,0.21585523161961848,284266.82768812834,6101000.0,0.048767118767466484,0.1956419582383167,233520.5082980952
