cur_n,cur_mean,cur_std,cur_S,next_n,next_mean,next_std,next_S
28351000.0,-0.02342795127941481,0.07350787755135019,153192.02196871882,28351000.0,-0.023383831642485253,0.0701431842813109,139488.79970310815
28351000.0,-0.02373009490224009,0.0806187215631102,184263.87323269917,28351000.0,-0.02369329454188927,0.07589252659305358,163292.5627279954
28351000.0,-0.033119188146495365,0.1216847556139717,419798.3530591365,28351000.0,-0.033035196288208696,0.11520059233762474,376251.1242410127
28351000.0,0.03221068657890224,0.133652560872048,506434.11224108917,28351000.0,0.03242955562728927,0.12289592462475436,428196.72841202264
28351000.0,0.03225511683657489,0.13939399758726168,550879.3947577489,28351000.0,0.03247986489129494,0.12631607063854428,452361.45978897595
28351000.0,0.04884487918486362,0.20547189856076736,1196942.3948341121,28351000.0,0.04918819114386653,0.1862116598768167,983064.7522524213
