cur_n,cur_mean,cur_std,cur_S,next_n,next_mean,next_std,next_S
25901000.0,-0.023305117645091907,0.07341750774993414,139609.7686355257,25901000.0,-0.023261400253551702,0.0700447779956919,127077.32321458776
25901000.0,-0.02367188509124514,0.08083878228986545,169260.67081132616,25901000.0,-0.023635728260036747,0.07604800366867853,149793.22382443777
25901000.0,-0.032978304185121717,0.12157660515196426,382839.3377060848,25901000.0,-0.03289810865155839,0.11503159937148542,342728.99558646785
25901000.0,0.03225895332415674,0.13416375078237872,466215.72133352625,25901000.0,0.03247866667588522,0.12345725939269109,394775.1395208309
25901000.0,0.03228695846857915,0.1401420826060473,508690.5457177658,25901000.0,0.032512324559792125,0.12701086573057893,417828.71611306036
25901000.0,0.04873468738007324,0.2059942022540379,1099072.9678943488,25901000.0,0.04907521757473102,0.18675468457540173,903357.2635734277
