cur_n,cur_mean,cur_std,cur_S,next_n,next_mean,next_std,next_S
7701000.0,-0.023754716926967047,0.07514330329770097,43483.81995080563,7701000.0,-0.023713486894753378,0.07154568616415877,39419.76489220101
7701000.0,-0.025067376803799665,0.08526361885676303,55985.38207894599,7701000.0,-0.025034406482613503,0.07986562757557991,49120.970722385515
7701000.0,-0.03417248945835476,0.12608618226639087,122428.3829859128,7701000.0,-0.034099313276340325,0.11888488846148582,108842.98224135391
7701000.0,0.0326322214041249,0.13901772076488778,148828.96141400185,7701000.0,0.032848626755747866,0.12820491562574976,126577.48950805387
7701000.0,0.03229917924395789,0.14733750646977725,167175.93259884647,7701000.0,0.0325342606763046,0.13349618825593432,137241.30977953054
7701000.0,0.04867733765195792,0.21444438327167342,354141.2164726332,7701000.0,0.04902868035313119,0.19440926102591913,291058.9929101311
