cur_n,cur_mean,cur_std,cur_S,next_n,next_mean,next_std,next_S
14101000.0,-0.02349079205905142,0.0740357758314741,77291.75634795577,14101000.0,-0.023447658107548466,0.07053636056254539,70157.80745403407
14101000.0,-0.024297264242244227,0.08290228304377525,96913.19111610406,14101000.0,-0.024262499705006362,0.07772147634004352,85178.8937989953
14101000.0,-0.03350620010368514,0.12389940092827684,216465.3189219914,14101000.0,-0.033432316680512046,0.1168803565251648,192634.01117218132
14101000.0,0.032415762819416896,0.1365192793779483,262807.5798640696,14101000.0,0.03263707549462517,0.12574252400933164,222953.48223609081
14101000.0,0.0321467586812399,0.1435761079435644,290679.4067871032,14101000.0,0.03238241254704103,0.12995284131171878,238134.03534730655
14101000.0,0.04857918779014545,0.21027558722970824,623487.3142682456,14101000.0,0.0489341068222896,0.19041080294928653,511249.71797894733
