cur_n,cur_mean,cur_std,cur_S,next_n,next_mean,next_std,next_S
2651000.0,-0.00522582801905934,0.09116519796600904,22032.708391801472,2651000.0,-0.009749909755940913,0.09517514339097544,24013.574294575243
2651000.0,-0.020315231846385902,0.16443175531121235,71677.21351217972,2651000.0,-0.022924875677773123,0.15987233677917573,67757.34394223781
2651000.0,1.8434131632459846e-05,0.02297612609736226,1399.4691840414534,2651000.0,2.2316911460572467e-05,0.021788895721812918,1258.5780944332748
2651000.0,-0.0012458124410907735,0.25013111820098183,165861.34275134734,2651000.0,0.0015470579949170547,0.2520502782779373,168416.28770974188
2651000.0,-0.0021537844290646143,0.4469100138061649,529480.4137270405,2651000.0,-0.0037137317489083378,0.439623182544982,512354.90651472413
2651000.0,5.155257513131853e-06,0.08630014399403726,19743.892076341042,2651000.0,0.00038215788222497465,0.08590308056049153,19562.628351172872
