cur_n,cur_mean,cur_std,cur_S,next_n,next_mean,next_std,next_S
18451000.0,-0.023410100584878638,0.07373293878485086,100309.71507740478,18451000.0,-0.023367148895059427,0.07029205598758127,91165.8953131702
18451000.0,-0.023957448741884435,0.082002105884369,124070.8964121143,18451000.0,-0.023926435737793725,0.07697634903052648,109328.78617909114
18451000.0,-0.03320556572395116,0.12263537773159923,277492.63126268523,18451000.0,-0.03312509635402642,0.11585523617919301,247657.36202577027
18451000.0,0.0323866745022457,0.13543886374287034,338459.34691647027,18451000.0,0.03260532114969498,0.12470756611060305,286949.52846154664
18451000.0,0.032180713451914464,0.1419625057748141,371849.51704923896,18451000.0,0.032409122102652316,0.12854322636700977,304872.5346383486
18451000.0,0.04872721668646218,0.20823194052816021,800045.3430265301,18451000.0,0.04906763962114004,0.18867675104884818,656835.6062445261
