cur_n,cur_mean,cur_std,cur_S,next_n,next_mean,next_std,next_S
4001000.0,-0.023999901714993853,0.13126329080605761,68937.43610445585,4001000.0,-0.023349100824692548,0.13263982648814104,70390.88760678745
4001000.0,-0.002778554994782045,0.10305070686165184,42488.41218692907,4001000.0,-0.0022784018226923116,0.10344836509983928,42816.95853156041
4001000.0,0.0030875804966655064,0.053786411888663246,11574.805393531597,4001000.0,0.0033270162581288737,0.05312930994660881,11293.717025186708
4001000.0,0.006732346729684675,0.19180628936823238,147195.4002174816,4001000.0,0.006786292937971999,0.1878408174767045,141171.97501397677
4001000.0,-0.0007596148960841433,0.22952292111587924,210775.76604158207,4001000.0,-0.0007214838654745448,0.22638162593063602,205045.81087655266
4001000.0,5.464506680032311e-05,0.06546369529637933,17146.267102830643,4001000.0,5.9469373879243716e-05,0.06259354735695148,15675.726635078436
