cur_n,cur_mean,cur_std,cur_S,next_n,next_mean,next_std,next_S
23751000.0,-0.023237613628687672,0.0733003264941459,127612.64721138834,23751000.0,-0.023191612123606493,0.06992095081267576,116117.1987998923
23751000.0,-0.023698764114465268,0.08109202538132346,156184.5947021541,23751000.0,-0.02366331990077705,0.07624172948206824,138059.84401871517
23751000.0,-0.03308740355825838,0.12195244070361569,353234.319995055,23751000.0,-0.03300774855762401,0.11535753589079217,316063.13317247765
23751000.0,0.03220943932506139,0.13427088075741053,428198.927379475,23751000.0,0.03242767084367622,0.12358006370181124,362726.03546505794
23751000.0,0.03224428934299322,0.14059822565660435,469506.4679834619,23751000.0,0.03246934457677446,0.1273990147222195,385490.8181235195
23751000.0,0.048881155953151234,0.20685598370676955,1016290.9917862589,23751000.0,0.04921932092709145,0.1875725908537262,835642.7584168495
