cur_n,cur_mean,cur_std,cur_S,next_n,next_mean,next_std,next_S
151000.0,-0.01923109272559354,0.06945611461472356,728.4469304634159,151000.0,-0.019131750287145716,0.06573903723130678,652.56477343097
151000.0,-0.02225909404884088,0.08704209210534579,1144.0251955094006,151000.0,-0.022200491564216208,0.0799438258866425,965.0433099064655
151000.0,-0.027141634726817458,0.11010590524284383,1830.6198657712616,151000.0,-0.02712873317928974,0.10254964478317305,1587.9808764184008
151000.0,0.03298471412545596,0.14897146558738852,3351.0671314474266,151000.0,0.03323239741129217,0.1389291842793387,2914.499054922891
151000.0,0.030351533894616242,0.16064826551583133,3896.987647200001,151000.0,0.030531949417016535,0.1442827043968985,3143.442317000501
151000.0,0.04645832016697466,0.214922568120955,6974.948253443688,151000.0,0.046753638977213026,0.1962525717443002,5815.775859354005
