cur_n,cur_mean,cur_std,cur_S,next_n,next_mean,next_std,next_S
3351000.0,-0.022650493739263606,0.13257078496380328,58893.86864985448,3351000.0,-0.02200251472770594,0.13396278183897375,60137.13620234024
3351000.0,-0.003045724600983439,0.10707508380817009,38419.461541536795,3351000.0,-0.0025449147227990226,0.10752158357352604,38740.54552036595
3351000.0,0.0028321109441863195,0.054699932580785836,10026.468874171771,3351000.0,0.0030690266587904058,0.05413828252475611,9821.625629981278
3351000.0,0.006716167667647051,0.19341937721073785,125364.44691545608,3351000.0,0.0067623062862374565,0.18950531819658464,120342.00210866725
3351000.0,-0.0005286868958461095,0.23213620927905387,180576.07307546158,3351000.0,-0.0004918620904511282,0.22905326786995026,175811.55379789756
3351000.0,0.0001500601626068535,0.06580312940492693,14510.003714102706,3351000.0,0.00015538093877599202,0.06298108926088096,13292.135592636121
