cur_n,cur_mean,cur_std,cur_S,next_n,next_mean,next_std,next_S
4851000.0,-0.025147874085968493,0.13021593537601436,82254.47684520003,4851000.0,-0.02450256218079696,0.13160071787555158,84013.2511339439
4851000.0,-0.002703832473530779,0.09906209503620514,47604.31186253934,4851000.0,-0.002207439917165816,0.0994323587906995,47960.837571184304
4851000.0,0.003290605834521815,0.05287701287009138,13563.291655299541,4851000.0,0.0035397059715780877,0.052106509926827034,13170.893715636197
4851000.0,0.00680818689717013,0.1891909858753083,173632.95454102132,4851000.0,0.006862495961952993,0.18519511093865018,166375.85843967347
4851000.0,-0.0008967253424552293,0.22538038050505027,246412.9285114326,4851000.0,-0.0008529662579132749,0.22217203147799328,239447.35653120445
4851000.0,-5.204906883385057e-06,0.06533149525836611,20705.058926838174,4851000.0,1.1482112687247801e-05,0.06236374425158468,18866.686732420825
