cur_n,cur_mean,cur_std,cur_S,next_n,next_mean,next_std,next_S
2751000.0,-0.017562463961141438,0.0651157060314295,11664.391778093715,2751000.0,-0.017514350032682702,0.061413643357663104,10375.769509361615
2751000.0,-0.01858362407928951,0.08119591844176273,18136.729999075407,2751000.0,-0.0185317776471178,0.07487914751638314,15424.545401878513
2751000.0,-0.024717776492577212,0.10644664076892257,31171.271047548125,2751000.0,-0.02468726401306396,0.10012974906030324,27581.43424556495
2751000.0,0.032247820858717,0.15060616677064945,62398.78025817821,2751000.0,0.03245496374994881,0.14138742152813452,54993.598560495964
2751000.0,0.032047170636483255,0.15753352478617194,68271.04824820903,2751000.0,0.032284990386572274,0.14355303029736957,56691.15686829071
2751000.0,0.04911606316641926,0.22577301863043817,140227.97729506702,2751000.0,0.04945759514402206,0.2099275025137059,121235.34941332712
