cur_n,cur_mean,cur_std,cur_S,next_n,next_mean,next_std,next_S
151000.0,-0.014917514722612796,0.14206219215021326,3047.4316322171417,151000.0,-0.01939958463355236,0.14662642453322772,3246.395564081147
151000.0,-0.007685949587341452,0.20981647501693718,6647.465931468486,151000.0,-0.01032312420540568,0.20587705989676963,6400.189932552449
151000.0,0.0004724092519285402,0.024016788646168886,87.09772666808675,151000.0,0.0004497637937511787,0.022956527533199666,79.5773256137657
151000.0,0.0008447026532273664,0.39408835364147926,23451.150201853594,151000.0,0.003656948959565116,0.3962782258834111,23712.50127870487
151000.0,-0.0035348301597230946,0.4898751225665514,36236.62299214866,151000.0,-0.005085962595653549,0.4829678857166014,35221.954773668185
151000.0,-0.0013213175678996954,0.08494163934896445,1089.4773963887217,151000.0,-0.0009442094247692421,0.08455003185910255,1079.4548909936636
