cur_n,cur_mean,cur_std,cur_S,next_n,next_mean,next_std,next_S
15451000.0,-0.02347267242215953,0.07387937972323215,84334.07262382146,15451000.0,-0.02342819685946458,0.07039478794639134,76566.28975293889
15451000.0,-0.024231703037424987,0.08268023962601646,105623.37630233415,15451000.0,-0.0241989484543421,0.07755003009351401,92922.42474511865
15451000.0,-0.033430639921999954,0.12352323408224283,235751.19357256792,15451000.0,-0.03335702769010133,0.11657070988987234,209959.4734757389
15451000.0,0.03235887818064144,0.13598228420747768,285707.2471840942,15451000.0,0.03258013060531031,0.1251940352742437,242171.9664809087
15451000.0,0.03219763548634191,0.14305892502863266,316217.94152490597,15451000.0,0.032430389940107406,0.12950767474054992,259147.84650589462
15451000.0,0.048613281783892535,0.20949952407581812,678145.1716350998,15451000.0,0.048963858940233265,0.18971962394909342,556136.1202766162
