cur_n,cur_mean,cur_std,cur_S,next_n,next_mean,next_std,next_S
1451000.0,-0.002822294358565887,0.10740400973540268,16738.186516808826,1451000.0,-0.002242911494547718,0.10802450205072886,16932.1442058398
1451000.0,0.0007464284282110673,0.10567067808144447,16202.289991184982,1451000.0,0.0012719343976614285,0.1054968104629492,16149.016252908226
1451000.0,0.004117555182449358,0.04837210599566209,3395.13778639903,1451000.0,0.004410789651637636,0.046813047279473365,3179.8104850013924
1451000.0,0.003193956262081121,0.19207434472838336,53531.09571301771,1451000.0,0.0032371750979567414,0.18811222558069637,51345.38985815097
1451000.0,-0.0007067204448103428,0.21309216994975216,65887.40396904027,1451000.0,-0.0006776636937101888,0.2095999101420341,63745.509503077265
1451000.0,0.0004817128241295133,0.0670648043471829,6526.145262064713,1451000.0,0.0005220761621811843,0.06364413109350202,5877.384938260609
