cur_n,cur_mean,cur_std,cur_S,next_n,next_mean,next_std,next_S
21901000.0,-0.023274820485562266,0.0734408241098795,118124.24030069378,21901000.0,-0.023229898301018462,0.07004296269187466,107446.67005277473
21901000.0,-0.02375346214984382,0.08134512659358585,144919.56571915105,21901000.0,-0.023719284511977582,0.07644523726505485,127986.69105548112
21901000.0,-0.03310058164011688,0.1221088672030434,326556.5129219193,21901000.0,-0.033021259904181845,0.11546821877838738,292004.0520075402
21901000.0,0.03231673074424269,0.1348062004221324,398000.55833399383,21901000.0,0.03253464404376904,0.12411189458413123,337357.79982442607
21901000.0,0.0322483444654987,0.14106812216679476,435834.61072257115,21901000.0,0.032473942026777544,0.12783535352227693,357903.46154023515
21901000.0,0.048880164374003776,0.20739931599608302,942060.0449128594,21901000.0,0.049219620732144864,0.1880837581240287,774758.827034343
