cur_n,cur_mean,cur_std,cur_S,next_n,next_mean,next_std,next_S
8951000.0,-0.0035881484703572564,0.08232293486062421,60661.51422199994,8951000.0,-0.008115012263571147,0.08636780966819302,66769.07639313377
8951000.0,-0.02301951534381312,0.1566821901733874,219740.86233060685,8951000.0,-0.025629593290538478,0.15209810198158008,207070.93583889867
8951000.0,-2.0289685825906406e-05,0.022036243744155085,4346.570139287088,8951000.0,-1.873776142395989e-05,0.020802494674071425,3873.4896165343557
8951000.0,-0.0013840438792195114,0.22892461634195638,469090.40218740905,8951000.0,0.001407020634177122,0.23081055189887784,476851.1957782558
8951000.0,-0.002175215228157267,0.439994596694135,1732871.0390694286,8951000.0,-0.003735655662938354,0.43269097451637356,1675819.4623593928
8951000.0,-0.00011139489091162812,0.08612476712733537,66393.82331451558,8951000.0,0.00026560219540988774,0.08572725128320074,65782.34559414131
