cur_n,cur_mean,cur_std,cur_S,next_n,next_mean,next_std,next_S
19501000.0,-0.023344963655535338,0.07360962643154456,105663.77189323847,19501000.0,-0.023301593690945872,0.07018096642392163,96049.60230786267
19501000.0,-0.023889948125483923,0.08183974524788346,130612.70383755228,19501000.0,-0.023857039709173546,0.07684958978061263,115170.16512369405
19501000.0,-0.033147342251546606,0.12238557470999313,292090.4417222556,19501000.0,-0.03306543492274929,0.1156592667181318,260866.1636326088
19501000.0,0.03237580055268211,0.13529529621916325,356962.2398082861,19501000.0,0.03259511971275051,0.12457759977299059,302647.297699754
19501000.0,0.03225257963541739,0.1418655756445663,392474.0361243541,19501000.0,0.032480940842356996,0.1284911335695136,321960.9523879884
19501000.0,0.048803525289495324,0.2080082081517659,843757.8532555718,19501000.0,0.04914143437256128,0.18854968256990054,693279.7155283971
