cur_n,cur_mean,cur_std,cur_S,next_n,next_mean,next_std,next_S
19201000.0,-0.023372652453836622,0.07367445460185795,104221.59293418046,19201000.0,-0.023329752877450247,0.07024199651813948,94736.54497527775
19201000.0,-0.023907330835254228,0.08189505630984563,128777.2715617095,19201000.0,-0.02387516711439906,0.07689459674002647,113531.26972898458
19201000.0,-0.03318503063432815,0.12250168001535658,288142.909508035,19201000.0,-0.03310386057197802,0.1157595099618213,257298.4718788859
19201000.0,0.03240087224924261,0.13539961666812558,352013.0119786006,19201000.0,0.03262071038634936,0.12467992074643801,298481.1317195282
19201000.0,0.03223695745152921,0.14191224068245226,386690.5529499292,19201000.0,0.032464884352169585,0.12852850084616466,317192.36974697077
19201000.0,0.048820843403753124,0.20816840216132956,832057.7403249585,19201000.0,0.049160844730565194,0.18867864098952078,683548.4872900931
