cur_n,cur_mean,cur_std,cur_S,next_n,next_mean,next_std,next_S
21551000.0,-0.023282204991663318,0.07345458998846932,116280.07540935303,21551000.0,-0.023237804844350493,0.07005225291974239,105757.61321642417
21551000.0,-0.02374431817806606,0.08136775488633848,142682.95429602748,21551000.0,-0.02371053404531399,0.07645668226254426,125979.04848319886
21551000.0,-0.03310628111703298,0.12214819086825902,321544.81065350753,21551000.0,-0.033027247497795474,0.11550352727324663,287513.28777551564
21551000.0,0.03233055470710271,0.13489052404216348,392130.2178692387,21551000.0,0.03254929085050228,0.12419551611579908,332413.9646376855
21551000.0,0.0322156338588754,0.14112919179382644,429240.9385797362,21551000.0,0.03244231433650736,0.12788055119925032,352432.88576714403
21551000.0,0.04888852116748881,0.2075136531366992,928027.3568481187,21551000.0,0.0492269596630906,0.1881998856238868,763319.1134445386
