cur_n,cur_mean,cur_std,cur_S,next_n,next_mean,next_std,next_S
10001000.0,-0.023453480824938498,0.07429744881850352,55206.62912028243,10001000.0,-0.023409486004231317,0.07073132499294188,50034.2062729069
10001000.0,-0.024573095747547114,0.0839581330060843,70496.72994677129,10001000.0,-0.024541062954721367,0.07866042073226649,61880.80535956157
10001000.0,-0.033692932213181676,0.12479137819320059,155744.45360165555,10001000.0,-0.03361280024205562,0.11764656208966208,138420.97642873865
10001000.0,0.032488895360104755,0.13805554548771895,190612.39573275627,10001000.0,0.03271006740301289,0.12729959921374367,162068.08478775772
10001000.0,0.032255501587155115,0.14581877180728342,212652.40522805732,10001000.0,0.03249059224792567,0.13214709267163668,174646.00386976294
10001000.0,0.048669386291662974,0.2130313401083848,453868.90103561146,10001000.0,0.049011814522842596,0.1930507035292557,372723.00990553905
