cur_n,cur_mean,cur_std,cur_S,next_n,next_mean,next_std,next_S
22751000.0,-0.023259839086163,0.07338322037438075,122516.34258674715,22751000.0,-0.023214796432959806,0.06999640118548923,111468.43756660797
22751000.0,-0.023733972926976665,0.08124776841370823,150183.89829259433,22751000.0,-0.023698693726223845,0.07637474043124555,132708.880303614
22751000.0,-0.03308711998756001,0.12200280492638645,338641.45500976924,22751000.0,-0.03300780454045304,0.11538101603371659,302879.03186599136
22751000.0,0.032267276525398396,0.13454047776713401,411819.0397303054,22751000.0,0.032485617081044534,0.12385712688633368,349013.7148701055
22751000.0,0.03225678406076616,0.14085357395530357,451373.6812128904,22751000.0,0.03248004294079368,0.12764370593400778,370680.1242845741
22751000.0,0.048860548790685826,0.20708670907451687,975674.4753684595,22751000.0,0.04920084262361874,0.18778044306141098,802234.268111527
