cur_n,cur_mean,cur_std,cur_S,next_n,next_mean,next_std,next_S
30451000.0,-0.02347942828865833,0.07352191910769651,164602.04581612477,30451000.0,-0.02343607378970905,0.07016598584641226,149918.35986594707
30451000.0,-0.023766262253556922,0.08047666632920818,197215.71341826298,30451000.0,-0.023728384305734672,0.07579229541354969,174924.91821351228
30451000.0,-0.033105579579754636,0.12151365914603511,449626.3525526996,30451000.0,-0.033021355528070166,0.11508307550203169,403296.5235446096
30451000.0,0.032193299725785204,0.1333682212293138,541634.4471938116,30451000.0,0.032412801139625615,0.12260415690678375,457732.7111848588
30451000.0,0.032272437460810086,0.1390413599972989,588693.9511021983,30451000.0,0.03249586395323651,0.12600129432529983,483450.00825293956
30451000.0,0.04884402850873015,0.20496688780977496,1279289.9056721358,30451000.0,0.04919151383053862,0.18576338145973062,1050804.140025602
