cur_n,cur_mean,cur_std,cur_S,next_n,next_mean,next_std,next_S
1451000.0,-0.01803911405411061,0.06654966631093964,6426.27308292735,1451000.0,-0.01797551231771691,0.06282626054774214,5727.298709912945
1451000.0,-0.01945697275703934,0.08324633533092593,10055.36085408803,1451000.0,-0.019416703713529816,0.07679340446306712,8556.876332059945
1451000.0,-0.02471788739354443,0.1061039623906468,16335.431761578893,1451000.0,-0.024680538480834385,0.09970592539580193,14424.785032157204
1451000.0,0.032789101495632744,0.15211261731223544,33573.59834943453,1451000.0,0.0329906193437442,0.14279823635001784,29587.82897808423
1451000.0,0.0325325255401983,0.1601175936356534,37200.22114171641,1451000.0,0.03278104975428825,0.14580076237817202,30845.15821189152
1451000.0,0.047930252653363384,0.22194669628460453,71476.74752388486,1451000.0,0.0482247792250082,0.20594237994227382,61540.194855473695
