cur_n,cur_mean,cur_std,cur_S,next_n,next_mean,next_std,next_S
8651000.0,-0.023552047079540755,0.07460695945465323,48153.182350339615,8651000.0,-0.023510527324824206,0.071019164397909,43633.23652858476
8651000.0,-0.024813999716754218,0.0846515063014053,61992.00641770695,8651000.0,-0.024782164744748515,0.07929223348464325,54391.07147529549
8651000.0,-0.03382622524165492,0.1251787240590056,135558.68679135878,8651000.0,-0.033746603477389496,0.1180129179320267,120482.89915868931
8651000.0,0.03251417045515939,0.13847420510729433,165883.83750831935,8651000.0,0.03273412609279433,0.12768644319747335,141044.41409382317
8651000.0,0.03223606240731553,0.14670171182241437,186181.5643688227,8651000.0,0.03247468405809742,0.1329313982337178,152869.71566124787
8651000.0,0.048550041425444786,0.21353201286824136,394450.30841473775,8651000.0,0.04889554898780975,0.1935508653112991,324083.2209902731
