cur_n,cur_mean,cur_std,cur_S,next_n,next_mean,next_std,next_S
2301000.0,-0.01965159980236831,0.13587993727312303,42484.1852700534,2301000.0,-0.019001718859997897,0.13729117870743957,43371.244694770525
2301000.0,-0.003908723652895429,0.11759829614024378,31821.355645958578,2301000.0,-0.0033977376168910227,0.1181195409664606,32104.07192965106
2301000.0,0.0024462265173826716,0.058170564545276957,7786.157347466851,2301000.0,0.002688700545826132,0.057851340625426254,7700.935285578075
2301000.0,0.006845860073250634,0.19711947773252514,89407.85964205154,2301000.0,0.006898370220593243,0.1933504898366517,86021.53182808834
2301000.0,-6.187705146950791e-07,0.23913768111000666,131586.8970418705,2301000.0,4.238460981988749e-05,0.2361638706990983,128334.53316805855
2301000.0,0.00018590933403846355,0.06676758948511108,10257.653224005977,2301000.0,0.00018729209319765685,0.06406794239711285,9444.917560142469
