cur_n,cur_mean,cur_std,cur_S,next_n,next_mean,next_std,next_S
12651000.0,-0.023430835796695176,0.0740294173256827,69331.96641881773,12651000.0,-0.023389075421530896,0.07051705260364752,62909.05470971363
12651000.0,-0.02441422457106517,0.08327292130352773,87726.83407307998,12651000.0,-0.02438120476483058,0.07804688884925373,77061.24958381329
12651000.0,-0.03358805949729636,0.12419525763632282,195134.86900682977,12651000.0,-0.033511975825626206,0.11712347291655452,173545.25294454928
12651000.0,0.032388961492620556,0.13687125352873072,237000.54527799744,12651000.0,0.032608718854575024,0.12611236738594742,201205.66880646304
12651000.0,0.03222113083992138,0.14438151021838366,263723.00525619945,12651000.0,0.03245908156891027,0.13070609658319668,216130.74268648567
12651000.0,0.048549539168264294,0.21104219163630078,563460.4429374124,12651000.0,0.048902194609634304,0.1911027057103516,462017.60848631803
