cur_n,cur_mean,cur_std,cur_S,next_n,next_mean,next_std,next_S
11551000.0,-0.02341057995466451,0.0740402271352773,63322.06491074613,11551000.0,-0.02336804284764744,0.0705134616330196,57433.28468376528
11551000.0,-0.024475125114667907,0.08355663871620046,80645.753851372,11551000.0,-0.0244386762808661,0.07831974610703614,70853.63336225574
11551000.0,-0.033628094564313905,0.12441420650585489,178796.71360934185,11551000.0,-0.03354712639380732,0.11731368423608113,158970.64337995512
11551000.0,0.03240374799094553,0.13721967694525053,217496.5482478165,11551000.0,0.03262411908452534,0.12648093811081657,184786.2874249854
11551000.0,0.03225821273793282,0.14495935172453514,242723.63089884334,11551000.0,0.03249302270653492,0.13132567621252664,199213.5502706565
11551000.0,0.048579483429293586,0.21178249023282625,518083.4094276273,11551000.0,0.048925890599369144,0.19182263678531244,425029.7179307507
