cur_n,cur_mean,cur_std,cur_S,next_n,next_mean,next_std,next_S
4851000.0,-0.017593011665541534,0.065129961506584,20577.514558254046,4851000.0,-0.017542787938987316,0.061474384664746,18332.413954029325
4851000.0,-0.018452669298392427,0.0801808704673529,31186.943118165655,4851000.0,-0.018410834359955865,0.07396070378834163,26535.870854308905
4851000.0,-0.024372133332900472,0.10561545161819669,54111.079183121394,4851000.0,-0.024312974343530528,0.0994984773497835,48024.64287238301
4851000.0,0.032465816134782444,0.15138118875893755,111166.7981681451,4851000.0,0.032672320963610064,0.14217642974502642,98058.77943613085
4851000.0,0.03186245137760495,0.15641754833339921,118686.74616858833,4851000.0,0.03208779677998542,0.1426045190914008,98650.17304552028
4851000.0,0.049453591021121505,0.22612531786556436,248044.53065142207,4851000.0,0.04978645244971688,0.21068223257774157,215321.35215424065
