cur_n,cur_mean,cur_std,cur_S,next_n,next_mean,next_std,next_S
801000.0,-0.005086582274914817,0.11708922151264,10981.618521343298,801000.0,-0.004502302122674707,0.11824258031391281,11199.02754723299
801000.0,0.00404378193361931,0.11673603333599837,10915.468484697682,801000.0,0.004628951864829303,0.11661282098757965,10892.438564963719
801000.0,0.0038472758680881108,0.04718375813176317,1783.2719321808183,801000.0,0.004101752830736633,0.045673111497555645,1670.9125242083876
801000.0,0.003906650580454494,0.19579162661990915,30705.823204630407,801000.0,0.0039029119718441245,0.19209593351833087,29557.578987097477
801000.0,0.00044457969740060803,0.22426070685218316,40284.58457491051,801000.0,0.00047892532719559587,0.22079323934140757,39048.47328563654
801000.0,0.0004821591822834597,0.065350830308169,3420.8555485956467,801000.0,0.0004906350683233962,0.062132628442063985,3092.231277212782
