cur_n,cur_mean,cur_std,cur_S,next_n,next_mean,next_std,next_S
5451000.0,-0.023918503829520415,0.07585284982225048,31363.172457381177,5451000.0,-0.02388373308087542,0.07217258796510274,28393.61825446727
5451000.0,-0.025520601482411143,0.0868062324798792,41075.040207559396,5451000.0,-0.025493122240270245,0.08125799864367152,35992.20263482691
5451000.0,-0.03459735026116058,0.12773230160505053,88936.01330048691,5451000.0,-0.03452861338572437,0.12033270223850012,78930.25775193446
5451000.0,0.032596177208388505,0.14038015434604828,107420.60973923506,5451000.0,0.03281102325429052,0.12949410254961977,91406.3068660615
5451000.0,0.03221435638892138,0.14965552465541118,122084.82630244069,5451000.0,0.032452777677466495,0.13569052353775127,100363.36598800017
5451000.0,0.0486362537330081,0.21758262514213017,258062.3254611508,5451000.0,0.04899312532083634,0.19729237290332732,212176.25249215515
