cur_n,cur_mean,cur_std,cur_S,next_n,next_mean,next_std,next_S
27851000.0,-0.023409853344136398,0.07349390991605805,150433.13238857265,27851000.0,-0.02336530544346091,0.07012858554987648,136971.73355616492
27851000.0,-0.023711686425181636,0.08063469510204854,181085.92236353343,27851000.0,-0.02367461375705357,0.07589431461399097,160420.28363875003
27851000.0,-0.03308855894580628,0.12165324957661565,412181.2402546594,27851000.0,-0.033005502969841824,0.11515685916281501,369334.95771321916
27851000.0,0.032221076490474336,0.13373386620516475,498108.08786650846,27851000.0,0.03243970016547148,0.1229857167357066,421259.92509624467
27851000.0,0.032248760002777946,0.13948659399068178,541883.2573118315,27851000.0,0.03247302622832771,0.1263912709016864,444912.855833356
27851000.0,0.048816665263233784,0.20552369548031568,1176425.9448876157,27851000.0,0.04915662428966627,0.18626288117432266,966258.7200194751
