cur_n,cur_mean,cur_std,cur_S,next_n,next_mean,next_std,next_S
601000.0,-0.010736173348261286,0.11912716404736623,8528.96000959483,601000.0,-0.015245114712042693,0.12337101043930548,9147.464136305949
601000.0,-0.01076076823337073,0.1922119814963906,22204.21294429205,601000.0,-0.013383218206744579,0.18786610191175945,21211.497020759274
601000.0,0.00014119871530139373,0.023722461738481054,338.21586975115224,601000.0,0.00015120321374699093,0.022583132716344552,306.508727853703
601000.0,-0.0004928966550994373,0.3266945362380805,64144.321324696495,601000.0,0.0023077888637502127,0.32876817223477955,64961.1951558332
601000.0,-0.002795500575392222,0.475908154588416,136119.63153385476,601000.0,-0.004352630193297594,0.46880468335424236,132086.47651205774
601000.0,0.00031128317328763276,0.08658006502468552,4505.160703466941,601000.0,0.0006883157253763521,0.08618375977409803,4464.011909728462
