cur_n,cur_mean,cur_std,cur_S,next_n,next_mean,next_std,next_S
151000.0,-0.0014548951283364384,0.11813252051148038,2107.2491527616953,151000.0,-0.0008787532155167914,0.11858392177072805,2123.3841218814487
151000.0,0.002453987732049833,0.10258730714832376,1589.1474937796224,151000.0,0.0029398714804793466,0.10290285474515277,1598.9386247200036
151000.0,0.005437674108040098,0.05055441982416222,385.91815392740455,151000.0,0.005761526183026143,0.049085788794849164,363.82161390349347
151000.0,0.0035365600196326868,0.21744781355488219,7139.816294589619,151000.0,0.003614818189409907,0.21364167153722066,6892.057336399869
151000.0,-0.0017010474553286357,0.22939857145016432,7946.179392089797,151000.0,-0.0016734401795523096,0.22643314985675306,7742.067674461669
151000.0,0.0016539217662951754,0.0663614524986234,664.9801990367846,151000.0,0.0017429623991964543,0.0628956842253325,597.3359312200836
