cur_n,cur_mean,cur_std,cur_S,next_n,next_mean,next_std,next_S
32051000.0,-0.023499491810232708,0.07352238636623484,173253.00410969555,32051000.0,-0.02345660214324317,0.07016940921830704,157810.9827269718
32051000.0,-0.023777342641520965,0.08036459773279626,207000.37609713967,32051000.0,-0.023739213580120842,0.07570294194294873,183682.21110851862
32051000.0,-0.03301853519998329,0.12130071296868837,471594.02194609033,32051000.0,-0.032934814619981774,0.11490435450869053,423169.69546682056
32051000.0,0.0321967999808412,0.13329429890338151,569461.9797207358,32051000.0,0.03241596731608737,0.12253650614847125,481252.0258126714
32051000.0,0.032276794574349336,0.13886304600265115,618037.687667103,32051000.0,0.03249916834832649,0.1258525488873867,507651.4320336
32051000.0,0.04882657471766691,0.20469119335359984,1342888.331085128,32051000.0,0.04917398184974604,0.18552860448131434,1103223.0826022069
