cur_n,cur_mean,cur_std,cur_S,next_n,next_mean,next_std,next_S
15951000.0,-0.023485733640898565,0.07389098522372427,87090.5091501529,15951000.0,-0.02344201568854054,0.07041726007477468,79094.47732770981
15951000.0,-0.024198459943319803,0.08257105810592379,108753.59318550963,15951000.0,-0.024165050229417288,0.07745695531680162,95699.29941476355
15951000.0,-0.03342291113752954,0.12339110236640106,242859.78344811406,15951000.0,-0.03334928287527139,0.11646356909392319,216355.58243414166
15951000.0,0.032375365910120205,0.13586587105465153,294448.0414680726,15951000.0,0.032594858042648424,0.12509388407138253,249608.90180126068
15951000.0,0.032199339806841434,0.1428427875947051,325465.1924487931,15951000.0,0.03243040826177013,0.12929620598418243,266660.9841752527
15951000.0,0.04865132172981902,0.2092239471747021,698249.6027983038,15951000.0,0.04900166612116063,0.1894785444568627,572674.6971301958
