cur_n,cur_mean,cur_std,cur_S,next_n,next_mean,next_std,next_S
28751000.0,-0.023451420209239057,0.07354633970075461,155516.0014612237,28751000.0,-0.02340737333622919,0.0701844768265669,141623.42349908096
28751000.0,-0.023743009915105556,0.08060124516320959,186782.6173141916,28751000.0,-0.023706656940141138,0.07588406745324293,165559.51957258253
28751000.0,-0.03312197486467794,0.12167374272876166,425644.170001385,28751000.0,-0.03303785707682013,0.11519969421172155,381553.6454306783
28751000.0,0.032225320356119906,0.13363740367742233,513462.8342278788,28751000.0,0.032443447382318934,0.12288140667264683,434135.50288324774
28751000.0,0.03226314619175109,0.1393259924541089,558106.7117151925,28751000.0,0.03248844453801891,0.1262580033034752,458322.0887810834
28751000.0,0.04884247819210572,0.2053926517240485,1212893.7508806754,28751000.0,0.04918735322094118,0.18613668599014405,996132.0406684343
