cur_n,cur_mean,cur_std,cur_S,next_n,next_mean,next_std,next_S
22301000.0,-0.023263263354933575,0.07340662360426872,120169.66080661581,22301000.0,-0.023218272124021933,0.07001463614421968,109320.60086856107
22301000.0,-0.023737305687836635,0.08127867673255033,147325.38562138693,22301000.0,-0.02370265351335147,0.07639120585985515,130140.07983605046
22301000.0,-0.03308602618411703,0.12203797908339505,332134.77722266817,22301000.0,-0.03300665354215951,0.1154081949594056,297028.16669394006
22301000.0,0.032288526023795575,0.13467015358147924,404452.056974466,22301000.0,0.03250644465131198,0.12398227851864135,342802.17172821594
22301000.0,0.03223968993806481,0.140938107232712,442977.0301186395,22301000.0,0.03246464935601119,0.12771558586664858,363757.65174460004
22301000.0,0.04885913272912325,0.20722076441042914,957614.8684685922,22301000.0,0.04919990251823621,0.18791340762784986,787480.6189374896
