cur_n,cur_mean,cur_std,cur_S,next_n,next_mean,next_std,next_S
951000.0,-0.012449149625066417,0.15630649089667525,23234.564860707236,951000.0,-0.011801626900927308,0.15780546465110423,23682.339004737114
951000.0,-0.008132461434851043,0.15589954006823445,23113.737930406176,951000.0,-0.007550308234636112,0.1567407733443199,23363.85419717527
951000.0,0.0003934659186394888,0.07256377260290826,5007.491540742617,951000.0,0.0006578833449603981,0.07296228643661282,5062.643975197477
951000.0,0.007566538924621359,0.21463531396260882,43810.970417836106,951000.0,0.00757915003586294,0.2112634393893654,42445.261022315484
951000.0,0.0013954971215664614,0.2656870265809524,67130.70588484975,951000.0,0.0014719288849374139,0.26290349378669475,65731.45294003337
951000.0,0.000997076380750623,0.07071112696069563,4755.060365725088,951000.0,0.0009882637268862125,0.06843161510765691,4453.424534876615
