cur_n,cur_mean,cur_std,cur_S,next_n,next_mean,next_std,next_S
23001000.0,-0.023246931056183733,0.0733384132814202,123711.40436349959,23001000.0,-0.023201695547739282,0.06995268239357368,112552.58218106651
23001000.0,-0.023730019086366114,0.08121923009896571,151727.55333431886,23001000.0,-0.023694838458824162,0.07635098712601014,134083.71388090693
23001000.0,-0.03307150292257151,0.1219519336632893,342077.17713107646,23001000.0,-0.032991866564493676,0.11533548508037825,305965.60700482025
23001000.0,0.03224263174058207,0.13443378330726538,415684.24061110435,23001000.0,0.03246034545117636,0.12374941761864633,352235.43622030603
23001000.0,0.03226059879789149,0.1408029756084457,456005.8181023689,23001000.0,0.03248535861854414,0.12759667522766968,374477.24608210364
23001000.0,0.04884112097899441,0.2069881049591295,985456.5827507417,23001000.0,0.049181681600650694,0.1876800000554196,810182.2194608739
