cur_n,cur_mean,cur_std,cur_S,next_n,next_mean,next_std,next_S
3051000.0,-0.017476200606249666,0.06487538197634515,12841.095134245483,3051000.0,-0.01742871557460227,0.06119100490254778,11423.978536081046
3051000.0,-0.018403417641588316,0.08062718319626994,19833.765886673027,3051000.0,-0.018354821183791902,0.07435722087064572,16868.96769789388
3051000.0,-0.024709900107688934,0.10645368377623576,34575.11209485847,3051000.0,-0.024669556808228972,0.10016926060697659,30613.370230943143
3051000.0,0.03210182932177397,0.1502839887243321,68907.68094129719,3051000.0,0.032309371878701185,0.1410824905637553,60727.925157343576
3051000.0,0.031824649659358606,0.1567151139791983,74931.4218229645,3051000.0,0.03205882169674788,0.14284517404333472,62254.87317353275
3051000.0,0.04929808467185319,0.22636281268760786,156333.6151748952,3051000.0,0.04964332581484318,0.2105269292728326,135225.16483254623
