cur_n,cur_mean,cur_std,cur_S,next_n,next_mean,next_std,next_S
1751000.0,-0.01641641552212434,0.14068390120399707,34655.722061516,1751000.0,-0.015771066735563163,0.14211636845005446,35365.055879686784
1751000.0,-0.004734667857494934,0.12732940193089887,28388.57181973677,1751000.0,-0.004227435570807425,0.12797847519564848,28678.736188569026
1751000.0,0.002029324056567106,0.06171447501388377,6668.992422344986,1751000.0,0.0022674199116280713,0.06158320850545327,6640.652738765557
1751000.0,0.007154702971722651,0.20173559186606072,71260.88304373773,1751000.0,0.007195219155773004,0.1980934974163188,68711.05004131956
1751000.0,0.0002551140255024094,0.2461150486585152,106062.65267549697,1751000.0,0.00029418999782331495,0.24324329467609218,103601.94300894527
1751000.0,0.00027904332636811675,0.06751844592193744,7982.354685038498,1751000.0,0.0002754466214459962,0.06495544159934877,7387.835647784581
