cur_n,cur_mean,cur_std,cur_S,next_n,next_mean,next_std,next_S
7401000.0,-0.023789732467331997,0.07523884781693621,41896.20411828945,7401000.0,-0.023750872552529362,0.07163590106367179,37979.72887923209
7401000.0,-0.025109718144568634,0.08541243413619792,53992.39618142565,7401000.0,-0.025075907402212907,0.08000227197496476,47369.090420077264
7401000.0,-0.034229647673984356,0.12629242046390035,118044.28822853306,7401000.0,-0.03415790277633891,0.11908013583603258,104946.7628341377
7401000.0,0.032632970223144896,0.13909722533888172,143194.8299557167,7401000.0,0.03285095650968563,0.12829124299648956,121810.41706195365
7401000.0,0.03226280990734121,0.1474827302473005,160980.30349258642,7401000.0,0.03249888224295815,0.1336308068559439,132161.08199572325
7401000.0,0.04864112653113784,0.21464063599650823,340968.52999791404,7401000.0,0.04899447488035405,0.19460956171529234,280297.1960630455
