cur_n,cur_mean,cur_std,cur_S,next_n,next_mean,next_std,next_S
22501000.0,-0.023256246608762632,0.07338724621949333,121183.36361071977,22501000.0,-0.023211088035936647,0.06999737493760774,110246.630841009
22501000.0,-0.023737677155708403,0.0812649512703867,148596.4308543173,22501000.0,-0.02370242090670609,0.07638270971384155,131277.99704099537
22501000.0,-0.033085811178182684,0.12201972369571998,335013.1806555174,22501000.0,-0.03300649109666953,0.11539262596565343,299611.12332123413
22501000.0,0.032268679551541404,0.13459429789164806,407619.67868630326,22501000.0,0.03248670332797328,0.12390856375616585,345465.32720477803
22501000.0,0.032250100120981604,0.14090108738910012,446714.972733621,22501000.0,0.03247431671091195,0.12768136208446973,366823.23256449675
22501000.0,0.04885779802528571,0.20715237534055306,965565.31081436,22501000.0,0.04919831212334911,0.18784509459863025,793965.3259868525
