cur_n,cur_mean,cur_std,cur_S,next_n,next_mean,next_std,next_S
2551000.0,-0.02067822856243232,0.1345251309945265,46165.474727060115,2551000.0,-0.02002821403306565,0.13593679888405558,47139.452704943484
2551000.0,-0.0036559870181285753,0.11446080541197025,33421.3550136457,2551000.0,-0.0031463532014780115,0.1149566720699911,33711.55799264247
2551000.0,0.002537595010558079,0.057151742806126025,8332.386671438602,2551000.0,0.0027820333230569746,0.05674648680901637,8214.63776493813
2551000.0,0.006765400828011687,0.19632164407014618,98321.12141046359,2551000.0,0.006813325201927543,0.19250301528542868,94533.45519054806
2551000.0,-0.00010189028816774353,0.2373061826785104,143657.58628482613,2551000.0,-6.644194337555356e-05,0.23429552786466618,140035.60005670294
2551000.0,0.0002717567024007337,0.06660056602893724,11315.305893601188,2551000.0,0.00027639331269980636,0.06386234630166451,10403.996550917149
