cur_n,cur_mean,cur_std,cur_S,next_n,next_mean,next_std,next_S
4051000.0,-0.017497499698134106,0.06496522865924671,17097.168266664998,4051000.0,-0.017454830246679313,0.061290779807937484,15217.823302023027
4051000.0,-0.018322069561376123,0.08000628089782819,25930.47118654696,4051000.0,-0.018271279485817075,0.07380982494702754,22069.403438037643
4051000.0,-0.024462189587299947,0.10576573858935139,45316.07180183095,4051000.0,-0.024416571335755463,0.0996037057060047,40189.558569182365
4051000.0,0.03232247546967531,0.15101140641576022,92380.80615891458,4051000.0,0.03252379000285108,0.1417756406082318,81426.44602526164
4051000.0,0.03184303175840221,0.15622990846121784,98875.93419038985,4051000.0,0.03206540874921087,0.14248222825924975,82240.10193273956
4051000.0,0.04937333666676451,0.22606670360089523,207031.0317862258,4051000.0,0.049714026937404315,0.2105596223985499,179602.52142229528
