cur_n,cur_mean,cur_std,cur_S,next_n,next_mean,next_std,next_S
6901000.0,-0.023851417670737052,0.07535925598132008,39190.899505663125,6901000.0,-0.023810444646798334,0.07174402318233758,35520.860755338144
6901000.0,-0.025247156392512342,0.0858125918043382,50817.590094940184,6901000.0,-0.025217337902589006,0.08037253732510878,44578.6985616805
6901000.0,-0.034355499646542415,0.12668511852387818,110754.97198157792,6901000.0,-0.03428268664511299,0.11942918020796486,98431.23401659631
6901000.0,0.032623285115198866,0.1391905282618264,133699.99579202122,6901000.0,0.032841114224266485,0.12836344013151837,113708.96923330793
6901000.0,0.03230390096971373,0.14795380871024486,151065.1639613992,6901000.0,0.03253766530732202,0.13407004835389005,124043.94205060508
6901000.0,0.04857990573753991,0.21514733615596734,319436.0845358158,6901000.0,0.04893647346449774,0.19501272769902067,262444.78131979005
