cur_n,cur_mean,cur_std,cur_S,next_n,next_mean,next_std,next_S
251000.0,-0.0007932944970192345,0.11052067306405619,3065.9196128075305,251000.0,-0.00027843920852701435,0.11126596031174633,3107.4085949478726
251000.0,0.002931199478169689,0.1019731048467316,2610.0270421327114,251000.0,0.0034003466272558742,0.10243314525665637,2633.629861039987
251000.0,0.005495195416601773,0.05117399223833566,657.3131478839188,251000.0,0.005815987880448248,0.049647083531043794,618.6730586877484
251000.0,0.0033210770279767103,0.20372019690129778,10416.981575001388,251000.0,0.003308513305520561,0.20020836147396676,10060.930389026724
251000.0,-0.002412218400324739,0.22912255968024672,13176.783985961483,251000.0,-0.002392152810370409,0.2261513295336987,12837.250386314756
251000.0,0.0007011276710686816,0.06722178108743757,1134.210730994412,251000.0,0.0007821834498744387,0.06370076883848848,1018.5047756042507
