cur_n,cur_mean,cur_std,cur_S,next_n,next_mean,next_std,next_S
3651000.0,-0.017550364938329593,0.0651671947948493,15504.932725896317,3651000.0,-0.01750788053921622,0.061473415264818636,13797.058843555375
3651000.0,-0.018347555270893195,0.08017652897195549,23469.63493846447,3651000.0,-0.018297343057218966,0.07395769294257719,19970.02200101353
3651000.0,-0.02458203534246677,0.1060627193539416,41071.19589458512,3651000.0,-0.024538909979531634,0.09984090839896351,36393.92372023524
3651000.0,0.032415296176624184,0.15127885653545017,83554.20267899228,3651000.0,0.03261871416442046,0.1420355924408278,73655.67385758186
3651000.0,0.03188297338600939,0.15649067448644238,89410.54821566031,3651000.0,0.0321120678363468,0.14267536233562458,74320.70167326402
3651000.0,0.049399820991723895,0.2263180511032091,187003.70979157006,3651000.0,0.04974679613319088,0.21067124789352076,162040.04998958745
