cur_n,cur_mean,cur_std,cur_S,next_n,next_mean,next_std,next_S
11701000.0,-0.02342196515464132,0.07405191471143999,64164.6107335079,11701000.0,-0.023380184248005146,0.07052989780250069,58206.23232964896
11701000.0,-0.024493665166537365,0.08357470772455931,81728.34645534377,11701000.0,-0.02445769725049434,0.0783370589613633,71805.4659333852
11701000.0,-0.033640878014476315,0.12441005373129921,181106.45705373908,11701000.0,-0.0335597918284425,0.117309723347981,161024.1445173561
11701000.0,0.032408235573643016,0.13715552715240006,220114.9835915256,11701000.0,0.03262887945132388,0.12642440855723286,187018.6167559188
11701000.0,0.032281505472109936,0.14494379057532605,245822.82709065086,11701000.0,0.03251772168742033,0.13129713248664246,201712.80182781405
11701000.0,0.04858354692956301,0.21169296811781363,524367.5930939475,11701000.0,0.04893220258833415,0.19171984604242268,430087.7990877705
