cur_n,cur_mean,cur_std,cur_S,next_n,next_mean,next_std,next_S
7301000.0,-0.01780123703599614,0.06513442393947032,30974.44272124643,7301000.0,-0.01775653067090969,0.06147036616577511,27587.601796764182
7301000.0,-0.018786681312849742,0.0802181670446623,46981.601519563024,7301000.0,-0.018745463437881936,0.07409504380519624,40083.04134592233
7301000.0,-0.02385260646520302,0.1039034235621714,78821.02234538991,7301000.0,-0.02378873409636427,0.09794075934219479,70034.05647817825
7301000.0,0.03249354761893269,0.15089311342648143,166234.50999229954,7301000.0,0.032714950805516514,0.1416629831972586,146519.39430173975
7301000.0,0.03227791936969379,0.1567043787201979,179285.27112591753,7301000.0,0.03250747224919319,0.14312046060857062,149549.78705335353
7301000.0,0.04891801007735454,0.22347180435499156,364609.3652415737,7301000.0,0.04925521840148198,0.20823725702059226,316591.4757988709
