cur_n,cur_mean,cur_std,cur_S,next_n,next_mean,next_std,next_S
4651000.0,-0.01758925793680398,0.06516322372678411,19749.288873797643,4651000.0,-0.01754307251152403,0.06150447232301668,17593.803338272905
4651000.0,-0.018419073632267115,0.08015451663829376,29881.496145998597,4651000.0,-0.01837598515946943,0.0739363351386345,25425.071271509758
4651000.0,-0.024364275505863307,0.10552450715027999,51790.845904898444,4651000.0,-0.024307981803088175,0.0993943304279615,45948.31231660722
4651000.0,0.03249501457748141,0.15150292579720637,106755.03797830436,4651000.0,0.03270207060778024,0.14228878862855843,94164.60816699837
4651000.0,0.03186969662371081,0.15644599105736998,113834.84409645842,4651000.0,0.03209546697337538,0.1426439553179303,94635.28294564693
4651000.0,0.04937909149455803,0.22587801088998735,237298.0933626238,4651000.0,0.0497144612489117,0.21043824461087396,205966.0690511079
