cur_n,cur_mean,cur_std,cur_S,next_n,next_mean,next_std,next_S
16401000.0,-0.023476321670818267,0.0738539052473641,89457.6032520211,16401000.0,-0.023432513818864506,0.07038646150169622,81254.71924273088
16401000.0,-0.024146872177156744,0.08243674485516593,111458.19301488022,16401000.0,-0.024114749041840928,0.07734349866458474,98111.05730191508
16401000.0,-0.03338874831549676,0.12326208648080392,249189.281745023,16401000.0,-0.033314169777213534,0.1163619604146471,222071.27574308586
16401000.0,0.03236597885692114,0.13572687507267414,302135.68950330693,16401000.0,0.03258628149963207,0.12495532958168175,256082.49784460492
16401000.0,0.032178843628148275,0.14258232751363814,333427.73967510374,16401000.0,0.032408733378436035,0.12907057488703025,273227.75736066484
16401000.0,0.0486678946763848,0.2090010997630503,716419.6205752002,16401000.0,0.04901500902146982,0.18928155056139914,587606.9157853939
