cur_n,cur_mean,cur_std,cur_S,next_n,next_mean,next_std,next_S
501000.0,-0.01826064415237716,0.18486965141323877,17122.570794839863,501000.0,-0.017619340737052194,0.18663319890628313,17450.80741793011
501000.0,-0.017571089254329732,0.19208343227297286,18484.918521836644,501000.0,-0.01695706780984807,0.1931441378523408,18689.633651348737
501000.0,-0.002285284957093514,0.09089705446718575,4139.399529916078,501000.0,-0.0019932958069582445,0.09196193820133595,4236.956036950914
501000.0,0.009004017472493943,0.22602202852157327,25594.06464588045,501000.0,0.00900506640663027,0.22284052848961336,24878.60846990262
501000.0,0.0045118511066957355,0.25950437725274966,33738.60342848205,501000.0,0.00454864787183226,0.2566630806993868,33003.84443404408
501000.0,0.002141103986532252,0.0762197521119327,2910.5347566142395,501000.0,0.0021273664649719836,0.07435686289828215,2770.000473097038
