cur_n,cur_mean,cur_std,cur_S,next_n,next_mean,next_std,next_S
101000.0,0.00010949947115518781,0.11647699881790562,1370.256016616265,101000.0,0.0006161937773457897,0.11696654191148158,1381.7983645997679
101000.0,0.0026445138180290345,0.09839566035273091,977.8523036012481,101000.0,0.003102646675919378,0.09864233013340301,982.7612387088742
101000.0,0.0052988488637616665,0.04849600396205281,237.53810242903162,101000.0,0.005592074426458695,0.047202740628623945,225.0379710081677
101000.0,0.0013666053501142042,0.21940563374716923,4862.022044119693,101000.0,0.0014449260463218886,0.2157428653876198,4701.043380531724
101000.0,-0.0019329968282356027,0.2200936012033866,4892.560522358213,101000.0,-0.0018741359919061664,0.21727391278738467,4768.003270971944
101000.0,0.0017980674400836468,0.06431481949194655,417.7759966344485,101000.0,0.0019043508769899453,0.06100862779516909,375.92731921039734
