cur_n,cur_mean,cur_std,cur_S,next_n,next_mean,next_std,next_S
13951000.0,-0.02349468327780702,0.07404788273806044,76494.57377389222,13951000.0,-0.02345120792913387,0.07054417899276545,69426.88907838822
13951000.0,-0.02432207471192994,0.08296492166699687,96027.21944781965,13951000.0,-0.02428741275470836,0.0777799739595551,84399.70439497867
13951000.0,-0.03350742613428266,0.12391825067436041,214227.82899305125,13951000.0,-0.03343175101708744,0.11689516565989817,190633.1570571924
13951000.0,0.03243684757434408,0.13659473821580637,260299.4671125214,13951000.0,0.03265792796032856,0.12582016295653467,220854.28273281112
13951000.0,0.03217485163874532,0.14369865746935115,288078.4423151485,13951000.0,0.03241057965857289,0.13007618972241966,236048.34091633838
13951000.0,0.04856499083134347,0.2103525009377989,617306.284553125,13951000.0,0.04892112322552419,0.19048450509907972,506202.92057231936
