cur_n,cur_mean,cur_std,cur_S,next_n,next_mean,next_std,next_S
3251000.0,-0.01588235803808182,0.11762846589697176,44982.31842113318,3251000.0,-0.015261370412747789,0.11897802897617546,46020.41275330991
3251000.0,0.003324227787055779,0.11716351100777452,44627.4143012356,3251000.0,0.0038986972424852307,0.11691671044635386,44439.600357370386
3251000.0,0.004974291988998117,0.04866507936559465,7699.310626343444,3251000.0,0.005238204413666159,0.047147824483825734,7226.704316415879
3251000.0,0.004800369409301327,0.1830857195590543,108974.75767669069,3251000.0,0.004799045996540827,0.17904825077157474,104221.45561527667
3251000.0,0.0020966365743820535,0.20539470978085622,137149.89410618297,3251000.0,0.002128047152712435,0.20159776484207462,132126.03272408067
3251000.0,-2.8324936446290207e-05,0.06567507672544089,14022.26425010367,3251000.0,-1.4884809038976848e-05,0.062395748951864054,12656.889063095407
