cur_n,cur_mean,cur_std,cur_S,next_n,next_mean,next_std,next_S
851000.0,-0.01876431156576691,0.0680855425131816,3944.9305755164337,851000.0,-0.018685665434669277,0.06430322624180664,3518.8040742443295
851000.0,-0.020509626099391113,0.08503575496876573,6153.648759264877,851000.0,-0.020470176376113165,0.0784301876879198,5234.751483988741
851000.0,-0.025927081134976947,0.10916494519089652,10141.354455010256,851000.0,-0.02586540060436172,0.10259612592198235,8957.59626112357
851000.0,0.03319169331653863,0.15201654193571235,19665.783697800456,851000.0,0.03337887565008862,0.14233893374617798,17241.57662305902
851000.0,0.03263828824237021,0.16120083700057108,22113.83908208167,851000.0,0.03287883014953026,0.1464317511530482,18247.36134163175
851000.0,0.04869186306352024,0.22267643369242054,42196.6597978007,851000.0,0.04898538756025038,0.20625798959790856,36203.54689029828
