cur_n,cur_mean,cur_std,cur_S,next_n,next_mean,next_std,next_S
9301000.0,-0.003568110517205496,0.0821092192924973,62706.634127150544,9301000.0,-0.008094876468141773,0.08616068157118148,69047.49001698676
9301000.0,-0.023050558754843874,0.15655298485957658,227956.69357358664,9301000.0,-0.02566080991669685,0.15196947503424255,214804.00320364657
9301000.0,-2.5964769824783148e-05,0.02200388870711236,4503.275570703613,9301000.0,-2.3718280949293068e-05,0.020770007012652265,4012.388072333611
9301000.0,-0.0013791257725745889,0.228362877686979,485043.4659248521,9301000.0,0.0014118969268133383,0.23024994395755988,493092.8562765655
9301000.0,-0.002183861849318991,0.43987734108407733,1799669.7914277378,9301000.0,-0.003744333112773247,0.4325737345700282,1740403.4533465488
9301000.0,-7.666598910323291e-05,0.08604697296715107,68865.36255988634,9301000.0,0.0003003310387821084,0.08564884972468202,68229.58249565799
