cur_n,cur_mean,cur_std,cur_S,next_n,next_mean,next_std,next_S
23201000.0,-0.023233577463058708,0.07330132887602192,124660.94079259982,23201000.0,-0.023188309129956258,0.06991704786863384,113415.61951140687
23201000.0,-0.023724144816236994,0.08119189800239093,152943.87591285238,23201000.0,-0.02368863302353381,0.07632760942633353,135166.79779310364
23201000.0,-0.033076638677375536,0.12193598973141444,344961.41411487863,23201000.0,-0.03299666644609872,0.11532381780094907,308563.62407367886
23201000.0,0.03221479992085035,0.13434342215294032,418735.2459127805,23201000.0,0.0324325890240299,0.12365871018253738,354777.5486896076
23201000.0,0.03225806726621901,0.14075662575170134,459668.1349053976,23201000.0,0.03248244210437126,0.1275494762443512,377454.02712172305
23201000.0,0.04885351338593781,0.2069360273239855,993525.2727068966,23201000.0,0.04919360327881438,0.1876306085316873,816796.895230192
