cur_n,cur_mean,cur_std,cur_S,next_n,next_mean,next_std,next_S
28651000.0,-0.02344412052743442,0.07353192475346644,154914.35133920968,28651000.0,-0.023399940420956708,0.07017017828986553,141073.33869720416
28651000.0,-0.0237448386037952,0.08061704377743828,186205.9360711413,28651000.0,-0.023708674353386132,0.0758963893939428,165037.26435693292
28651000.0,-0.033120097356643854,0.12166447430274559,424099.10165026993,28651000.0,-0.033035918500020196,0.11518778639689717,380147.946994378
28651000.0,0.03221815169439538,0.1336288453315191,511611.40359609894,28651000.0,0.03243605583268558,0.12287475618520295,432578.6917276761
28651000.0,0.032267006514370034,0.13935889520855607,556428.2538545915,28651000.0,0.03249250663045397,0.12628554751385568,456927.28002605966
28651000.0,0.04884067770117337,0.20539428788224506,1208694.3934353478,28651000.0,0.04918492297421043,0.1861369562033453,992670.2361785751
