cur_n,cur_mean,cur_std,cur_S,next_n,next_mean,next_std,next_S
16001000.0,-0.023481505841073835,0.07387856306328305,87334.13132680814,16001000.0,-0.02343781184402618,0.0704044738489353,79313.59579706461
16001000.0,-0.02418606488986178,0.0825358950737888,109001.59578407925,16001000.0,-0.024152844364806594,0.0774250513110993,95920.21176699226
16001000.0,-0.03341757545108774,0.12337835094927695,243570.7019448901,16001000.0,-0.03334462891601743,0.11645352083911076,216996.32167571908
16001000.0,0.032368631197938334,0.13583906521998113,295254.47848905233,16001000.0,0.03258820614361139,0.1250616232706867,250262.19425120176
16001000.0,0.03218555174737513,0.14277905905941116,326194.141153959,16001000.0,0.032416182010958326,0.12923891314873676,267259.8494465394
16001000.0,0.04864910884457554,0.20919938243289657,700273.8701464953,16001000.0,0.048999343710268116,0.18945564868417591,574330.9785362885
