cur_n,cur_mean,cur_std,cur_S,next_n,next_mean,next_std,next_S
21301000.0,-0.023286265858178935,0.07348191103876307,115016.69321430502,21301000.0,-0.023242220970173047,0.07007665632184286,104603.62505237943
21301000.0,-0.02375764745058495,0.0814301518683068,141244.1540588276,21301000.0,-0.02372432558383171,0.07651181312394,124697.27981956837
21301000.0,-0.033076043195564876,0.1220723195939461,317420.0724465018,21301000.0,-0.03299719169839636,0.11541979986242767,283766.17499622516
21301000.0,0.032341744225044405,0.13497545898046204,388069.59579933714,21301000.0,0.03255969566903382,0.12427803842839111,328994.6018293
21301000.0,0.03222800562040306,0.14124664907545167,424968.0687543078,21301000.0,0.032453714360528234,0.12798693752446774,348924.35722397664
21301000.0,0.04883841352964374,0.2074558959553364,916751.3466780145,21301000.0,0.049178060781992335,0.1881358836503656,753951.2533807701
