cur_n,cur_mean,cur_std,cur_S,next_n,next_mean,next_std,next_S
6951000.0,-0.017795534154599148,0.06522640436816321,29572.91708008083,6951000.0,-0.017751419587213695,0.061562769910250746,26344.113715845222
6951000.0,-0.018735630908570607,0.08020341750660202,44712.92043736104,6951000.0,-0.01869530067486108,0.07407796533938824,38143.92493927288
6951000.0,-0.023837899994489434,0.10388348259120117,75013.64856712623,6951000.0,-0.02377067440303616,0.09790870374404934,66633.08028270699
6951000.0,0.032580452532822955,0.15125098683063798,159017.06093084792,6951000.0,0.03279817304002396,0.1420260491570828,140211.39194087137
6951000.0,0.032241590744238116,0.15668755390395153,170653.92835095423,6951000.0,0.032473995083705035,0.14311117888878166,142362.10699393417
6951000.0,0.04886056577025133,0.22348769795030274,347179.8671402591,6951000.0,0.04919513047326614,0.20822297455771627,301373.166386094
