cur_n,cur_mean,cur_std,cur_S,next_n,next_mean,next_std,next_S
26651000.0,-0.023339588041228213,0.07344461275052926,143758.45604744626,26651000.0,-0.023295022264628137,0.0700732362213444,130863.29753872118
26651000.0,-0.023666531029142568,0.08071461603423713,173627.24713666443,26651000.0,-0.02363070863860519,0.07594424483197311,153710.39733890278
26651000.0,-0.03297008824790806,0.12148702991759777,393344.73247644946,26651000.0,-0.03288799087297188,0.11495918191077409,352209.31553759763
26651000.0,0.03224022830856839,0.134011264996533,478625.81925927295,26651000.0,0.03245977349079578,0.12328650767358976,405083.5528294047
26651000.0,0.03225854835522385,0.13984247536098107,521184.7683549728,26651000.0,0.03248353511405066,0.12672917438091388,428022.61927013367
26651000.0,0.04869807571325665,0.20566779012593622,1127317.0424492713,26651000.0,0.0490384784865516,0.18642180405977904,926204.5757092846
