cur_n,cur_mean,cur_std,cur_S,next_n,next_mean,next_std,next_S
29201000.0,-0.023451461913344046,0.07351518291756884,157816.28236870468,29201000.0,-0.023407200158349448,0.07015422580481952,143716.09124498753
29201000.0,-0.023752203259943087,0.08056788009703836,189549.04364056126,29201000.0,-0.02371604645827746,0.07585816909305083,168036.039551795
29201000.0,-0.03312549294304779,0.12164079026983947,432072.0667200128,29201000.0,-0.0330399572102693,0.11517856362533659,387383.4304503534
29201000.0,0.03220058238793482,0.13352063138504905,520588.39071850013,29201000.0,0.03241912314216113,0.12275930306575845,440054.58733085863
29201000.0,0.03226963875960457,0.13924657596910242,566195.9700471943,29201000.0,0.0324940722715337,0.12618204645555395,464935.66026202566
29201000.0,0.048848087178056714,0.20528483869603525,1230584.5998199491,29201000.0,0.04919232333655137,0.1860376035015291,1010646.3155544074
