cur_n,cur_mean,cur_std,cur_S,next_n,next_mean,next_std,next_S
25701000.0,-0.02329507644742753,0.07340756935430809,138494.2395008826,25701000.0,-0.023251354269422916,0.07003280908262699,126052.97933804264
25701000.0,-0.023667494497990764,0.08085101638011198,168004.5289240661,25701000.0,-0.023631362741970273,0.07605628013662265,148668.918687013
25701000.0,-0.032980548857979006,0.12158281680466139,379921.9828747476,25701000.0,-0.03290072084913916,0.11503315499580055,340091.74005774665
25701000.0,0.03225660469468612,0.13419284235201323,462816.384438704,25701000.0,0.032476540960298894,0.12348811748839425,391922.6489484266
25701000.0,0.0322808111328979,0.1401808199958638,505041.67163641285,25701000.0,0.03250647625617593,0.12704926942245878,414853.1248389202
25701000.0,0.04873794544215334,0.20605293579148715,1091208.2351634197,25701000.0,0.04907943915348369,0.1868139571431292,896950.8822498887
