cur_n,cur_mean,cur_std,cur_S,next_n,next_mean,next_std,next_S
29451000.0,-0.023462865305696554,0.07353427062577778,159250.06705685437,29451000.0,-0.02341911002593021,0.07017278614002412,145023.20070646203
29451000.0,-0.023757677436358635,0.08055583258537073,191114.6709578946,29451000.0,-0.023721091096297033,0.07585139002994665,169444.36616441084
29451000.0,-0.03313242992082347,0.12162730339276173,435674.56060695066,29451000.0,-0.033045995461116605,0.11517292063247447,390661.6733062171
29451000.0,0.03220409701622709,0.13351034381024196,524964.4255943939,29451000.0,0.032423016042709606,0.12274094355417389,443689.30550277873
29451000.0,0.03227083190029302,0.13920238231513776,570680.9577863202,29451000.0,0.03249459885746009,0.12614254166146174,468622.56899597775
29451000.0,0.04885550892980737,0.20521295693987,1240251.0465050412,29451000.0,0.04920044043449668,0.18597925121421963,1018659.4897127255
