cur_n,cur_mean,cur_std,cur_S,next_n,next_mean,next_std,next_S
451000.0,-0.0008830747054471978,0.10822099825258262,5282.014792716257,451000.0,-0.0003441174004907617,0.10919986421469349,5377.9992653728805
451000.0,0.002671828915485794,0.10578076970807264,5046.496629254566,451000.0,0.003181850099361026,0.1059512564380324,5062.776602099763
451000.0,0.004736477185497495,0.052131849839409675,1225.6961252231201,451000.0,0.005034347767678607,0.05053322310664332,1151.6765935331514
451000.0,0.0029281233375389004,0.20215815503393056,18431.43176067194,451000.0,0.002922365499320409,0.19857368549284457,17783.61036516523
451000.0,-0.0018802660029211095,0.23011903905779035,23882.602233733258,451000.0,-0.0018306461736350324,0.22701756627160272,23243.175903542568
451000.0,0.0009249432138001038,0.06829486380732258,2103.548978529794,451000.0,0.0009727383909047965,0.06485461733660898,1896.9607468349702
