cur_n,cur_mean,cur_std,cur_S,next_n,next_mean,next_std,next_S
4501000.0,-0.024814916255274235,0.13058069797063304,76747.98538992209,4501000.0,-0.024166070103913372,0.13196784300423686,78387.21765394627
4501000.0,-0.0027322908710095653,0.10067421493035535,45618.97428084707,4501000.0,-0.0022326206058186173,0.10104197898050829,45952.87630485495
4501000.0,0.003237779567127169,0.05315330968817582,12716.55976296287,4501000.0,0.0034845843038200067,0.05241741110720859,12366.880027306699
4501000.0,0.006860239367119132,0.1902404298450204,162897.58658542924,4501000.0,0.006908815006367153,0.1862496721458558,156134.92062534892
4501000.0,-0.0008279675807483315,0.22718991176733272,232320.26729582675,4501000.0,-0.0007892699428043908,0.22400445870947497,225851.16684528365
4501000.0,2.5178733003078923e-07,0.06549099487777818,19305.10591577534,4501000.0,1.40290565381432e-05,0.06254671764882215,17608.32559077531
