cur_n,cur_mean,cur_std,cur_S,next_n,next_mean,next_std,next_S
21051000.0,-0.023283200716374054,0.07347211628263618,113636.49503745699,21051000.0,-0.023238611879329928,0.0700629466761959,103335.49607732543
21051000.0,-0.023759335939223913,0.08146966487052391,139721.93479742494,21051000.0,-0.02372627958280208,0.07654050056117695,123326.19360880002
21051000.0,-0.033069142628979586,0.12207604805776713,313713.82233442715,21051000.0,-0.03299049231278366,0.11541202862521954,280397.9801330792
21051000.0,0.03234057079290801,0.13501327705561594,383729.9424412729,21051000.0,0.03255883070541987,0.12430966854349432,325298.86513962486
21051000.0,0.03221947357738812,0.14133438552859634,420502.32502283406,21051000.0,0.03244507061308085,0.12805811383321986,345212.8337954044
21051000.0,0.048830561765152936,0.20753266251803784,906662.4863549448,21051000.0,0.04916875829777655,0.1881889030838867,745522.4963476862
