cur_n,cur_mean,cur_std,cur_S,next_n,next_mean,next_std,next_S
25051000.0,-0.023268061037699753,0.07337035292508048,134854.76085187754,25051000.0,-0.023223582746316297,0.06999269053591048,122724.26602454456
25051000.0,-0.023672406496625286,0.08092371641306187,164050.17799432468,25051000.0,-0.023635370500897146,0.07611549937242415,145134.70314931794
25051000.0,-0.0330040380524768,0.12165975104773608,370782.2314712028,25051000.0,-0.03292546040313295,0.11509612903523256,331853.5760372362
25051000.0,0.032236494077352754,0.1342433414492487,451450.9530973859,25051000.0,0.032456589286787116,0.12353358324335514,382291.9425792099
25051000.0,0.032274128850609055,0.14032607733852065,493289.4613374541,25051000.0,0.03249888125487069,0.1271826306669307,405210.485082734
25051000.0,0.04876923369352959,0.20626110983114607,1065760.86163627,25051000.0,0.049111379644117284,0.187024193191123,876235.101460541
