cur_n,cur_mean,cur_std,cur_S,next_n,next_mean,next_std,next_S
9501000.0,-0.0035473765095788215,0.08206042500642667,63978.91075958831,9501000.0,-0.008074510697647324,0.08610931560250484,70448.15003278549
9501000.0,-0.02307291075018701,0.15647969771103845,232640.49595530648,9501000.0,-0.02568321465308343,0.15189592669465932,219210.61156362496
9501000.0,-2.4531998236006682e-05,0.022001589966787742,4599.14870009429,9501000.0,-2.2513004886454064e-05,0.02076708622537795,4097.514039646977
9501000.0,-0.0013975387952519448,0.22824115781671123,494945.3421804939,9501000.0,0.001393478779645138,0.23012933949236616,503168.332017226
9501000.0,-0.0021864928627472295,0.439828301761566,1837958.3317244307,9501000.0,-0.0037469697221976183,0.4325247226058406,1777424.6164556288
9501000.0,-8.804116420415812e-05,0.08606916463377622,70382.46835828346,9501000.0,0.00028895577229743377,0.085671222471614,69733.14397627719
