cur_n,cur_mean,cur_std,cur_S,next_n,next_mean,next_std,next_S
401000.0,-0.021868129514790058,0.1974865714020407,15639.379299537462,401000.0,-0.021203915087676446,0.19935423205217961,15936.586044682825
401000.0,-0.02298063137150511,0.20726404520110722,17226.312157683773,401000.0,-0.022371490007736305,0.2084287805534029,17420.465181754407
401000.0,-0.003790686101029525,0.0988161402351174,3915.6164579575207,401000.0,-0.0034771738224241054,0.1001586081248412,4022.730459383708
401000.0,0.010083520087816688,0.23150686365797368,21491.7665962214,401000.0,0.010065754751157265,0.22833807590270744,20907.449039687184
401000.0,0.006475926784346835,0.2556553800293057,26209.22900850942,401000.0,0.006507854715723606,0.2528023746194489,25627.525285906104
401000.0,0.0028669290959758074,0.07928353488735997,2520.6374405983247,401000.0,0.002865777456604119,0.07760108377137273,2414.793209199135
