cur_n,cur_mean,cur_std,cur_S,next_n,next_mean,next_std,next_S
24351000.0,-0.023256667562982343,0.0733369999799104,130967.3623489658,24351000.0,-0.023211530164002125,0.0699606048953087,119185.63436491825
24351000.0,-0.02369218094451582,0.08102042695074484,159847.50266247516,24351000.0,-0.023655320119254523,0.07618915003084756,141352.35806858243
24351000.0,-0.033047424684327434,0.12178502195147692,361164.08636299544,24351000.0,-0.032968073077464397,0.11520107799455842,323169.143124859
24351000.0,0.03222133863570513,0.13424021928194996,438815.6485507602,24351000.0,0.03244090621648804,0.12354078128430014,371652.86731680454
24351000.0,0.03226061617464104,0.14046685631905273,480468.0645209569,24351000.0,0.032484967998781485,0.12728463817367125,394519.7828294236
24351000.0,0.04881663480222406,0.206521377576299,1038596.4343722941,24351000.0,0.049155865696219415,0.18724392751248287,853753.0825921939
