cur_n,cur_mean,cur_std,cur_S,next_n,next_mean,next_std,next_S
12751000.0,-0.023445645963639555,0.07405974925504934,69937.27720789968,12751000.0,-0.023403844557202857,0.07054478187816092,63456.19625677583
12751000.0,-0.024408878368281893,0.08326363545382888,88400.55344258738,12751000.0,-0.02437629028114999,0.07803823881878853,77653.16562043093
12751000.0,-0.033570547593446395,0.12416115820259262,196569.3293723739,12751000.0,-0.03349464693010116,0.11709186672960935,174822.65249661784
12751000.0,0.03241120851497457,0.13691367767479076,239022.02331919977,12751000.0,0.03263157680113006,0.12613814616615954,202879.01778941992
12751000.0,0.032225738865047364,0.14436466128063982,265745.5728455184,12751000.0,0.032462021304326655,0.13068331363016353,217763.21601079727
12751000.0,0.04854178598797479,0.21097838825495344,567570.9858411986,12751000.0,0.04889261732376633,0.19103970721064972,465362.6602416485
