cur_n,cur_mean,cur_std,cur_S,next_n,next_mean,next_std,next_S
29001000.0,-0.02344518414385076,0.07351322293825828,156727.02865027863,29001000.0,-0.023401007158515265,0.07015199518103601,142722.69171095075
29001000.0,-0.02374653226106746,0.08057997409772456,188307.3276743345,29001000.0,-0.02371059570693033,0.07586739051307897,166925.7232156
29001000.0,-0.03312202278077206,0.12164174258959216,429119.4893802856,29001000.0,-0.03303776736151091,0.11517409910647029,384700.3851177292
29001000.0,0.032200046081715325,0.13354644025865575,517222.73411870835,29001000.0,0.03241858477718891,0.12278705289144548,437238.22703559004
29001000.0,0.03226543904957287,0.13927221895921127,562525.174991826,29001000.0,0.032489659864162836,0.12620815535758997,461942.3843826803
29001000.0,0.04884131312616997,0.20531110233606778,1222468.96617983,29001000.0,0.049185995838219,0.18606033523175886,1003969.6204984265
