cur_n,cur_mean,cur_std,cur_S,next_n,next_mean,next_std,next_S
9751000.0,-0.0035270251911086294,0.08201556896630129,65590.62369399756,9751000.0,-0.008054367421123261,0.08606078127662743,72220.37267902314
9751000.0,-0.023103558786371707,0.15637661264962657,238447.4922367544,9751000.0,-0.02571396512795472,0.15179306498792255,224674.1032742483
9751000.0,-2.174039785908287e-05,0.021994311953400777,4717.043893217509,9751000.0,-2.015018196682991e-05,0.02075955138117998,4202.280951065102
9751000.0,-0.0014079369316414556,0.22806180309763005,507170.8259994184,9751000.0,0.0013830659387797852,0.22994995551658104,515603.45189229865
9751000.0,-0.002191617142452926,0.439745358188659,1885609.1814526506,9751000.0,-0.003752085866764434,0.4324418755905129,1823495.2696771105
9751000.0,-0.00010948050913929984,0.08607868263813123,72250.42068558685,9751000.0,0.0002675162704284889,0.08568093182189421,71584.25648129167
