cur_n,cur_mean,cur_std,cur_S,next_n,next_mean,next_std,next_S
28801000.0,-0.023447593779111747,0.07353469342700193,155737.12010834843,28801000.0,-0.023403717785345283,0.07017316178373012,141823.9761527309
28801000.0,-0.02374283917923976,0.08059502369086195,187078.56145728496,28801000.0,-0.023706625597793806,0.07587958112900711,165827.82968146322
28801000.0,-0.03311850131696316,0.12165497981329158,426252.902399238,28801000.0,-0.03303412559878658,0.11518138583455569,382095.71406338376
28801000.0,0.0322162362477358,0.13360928671231578,514139.3665197814,28801000.0,0.032434252789328794,0.12285464603914048,434701.09800204524
28801000.0,0.0322617940688141,0.13930986245763752,558947.8552431955,28801000.0,0.0324871248435394,0.1262451508842074,459025.67574527906
28801000.0,0.04883722691398971,0.20536421746592323,1214666.6747450763,28801000.0,0.0491820751099305,0.18610590459601564,997534.3779021624
