cur_n,cur_mean,cur_std,cur_S,next_n,next_mean,next_std,next_S
5451000.0,-0.02566471293347498,0.13020408323133817,92411.36603440727,5451000.0,-0.025016490334267727,0.13160399900087666,94409.20802652698
5451000.0,-0.0027187328859582497,0.0972010459154262,51501.284175764784,5451000.0,-0.002222383868568538,0.09753680684511333,51857.69978668771
5451000.0,0.0033635699134864595,0.05255937541110432,15058.321780593024,5451000.0,0.003615350184062227,0.05174719424670239,14596.53578472483
5451000.0,0.006823635185189705,0.18829284719119965,193260.8240496615,5451000.0,0.0068781170179696115,0.18427143948089386,185093.95653897434
5451000.0,-0.0009347534880062226,0.22317139234248948,271489.6189328254,5451000.0,-0.0008955264819059185,0.21994274144359427,263691.08665930823
5451000.0,-2.3786617446591237e-05,0.06506470978976016,23076.353123600158,5451000.0,-6.444964509231013e-06,0.06206800728173736,20999.636964723544
