cur_n,cur_mean,cur_std,cur_S,next_n,next_mean,next_std,next_S
8201000.0,-0.02368191341630324,0.07492674063909097,46040.54901140317,8201000.0,-0.023640022716729575,0.0713314215973933,41728.09616996865
8201000.0,-0.024923971304631334,0.08489428305430026,59104.92926078526,8201000.0,-0.02489156696343213,0.07951969828100533,51858.0591829721
8201000.0,-0.034005950084197496,0.1256624302143151,129502.37125878184,8201000.0,-0.03392734178213494,0.11848604499830784,115133.3703894558
8201000.0,0.032628698616786314,0.13883634717876625,158078.63217442983,8201000.0,0.032847428383608226,0.12803675591067565,134442.36249672962
8201000.0,0.03224627542715029,0.14690202909679165,176979.27065874066,8201000.0,0.0324854997025797,0.1331098607642279,145307.24550294416
8201000.0,0.04863215661271123,0.21401289453970598,375618.2575589884,8201000.0,0.048979484917542594,0.19401773937395994,308709.28505580296
