cur_n,cur_mean,cur_std,cur_S,next_n,next_mean,next_std,next_S
3001000.0,-0.025061386140286794,0.07893144934254515,18696.751259639626,3001000.0,-0.02502655705606045,0.07506207329722314,16908.578857880777
3001000.0,-0.027079512518552205,0.09096727405812013,24833.409893644974,3001000.0,-0.027058211090398066,0.08516313941177976,21765.533703725177
3001000.0,-0.03637441180187064,0.13206572516193013,52341.50864340194,3001000.0,-0.03632154250780849,0.1245371656291887,46544.0263744789
3001000.0,0.03243414433947085,0.14304278875764548,61404.17948610874,3001000.0,0.03264191348822213,0.13195399695741408,52252.98379642478
3001000.0,0.03210531365255248,0.15452563024265517,71658.38937607124,3001000.0,0.03233702238706322,0.14025882646405263,59037.28774162078
3001000.0,0.04892287680358991,0.22323448668103812,149550.7417672835,3001000.0,0.04926046327456704,0.2028503706508269,123485.96689240672
