cur_n,cur_mean,cur_std,cur_S,next_n,next_mean,next_std,next_S
1501000.0,-0.026288971885343695,0.08345046358782919,10452.933789408431,1501000.0,-0.026268228630886604,0.07944302283490966,9473.102009599115
1501000.0,-0.030656713367969435,0.09724746014482025,14195.059825432223,1501000.0,-0.030652622034254718,0.09116564577066341,12475.073628141903
1501000.0,-0.04138093358832087,0.1444204384968264,31306.75184647904,1501000.0,-0.04130024737048157,0.13610420128028178,27805.05476282133
1501000.0,0.032040698005827574,0.14627201902586173,32114.650828402988,1501000.0,0.03224470327958518,0.13512812907425123,27407.676511928355
1501000.0,0.03207748973314942,0.16178679468334525,39288.625367800276,1501000.0,0.03230549144534807,0.14714000798895294,32496.923108434694
1501000.0,0.04872464554794151,0.23613836471135927,83697.75226012095,1501000.0,0.049106420407912015,0.214263553827685,68909.21461880277
