cur_n,cur_mean,cur_std,cur_S,next_n,next_mean,next_std,next_S
9951000.0,-0.023451316444410713,0.07429732524961324,54930.440858045076,9951000.0,-0.02340771938817508,0.07072840904175656,49779.95557134699
9951000.0,-0.024575936037860274,0.08396723732071987,70159.49508252049,9951000.0,-0.024543860515890973,0.0786697916039648,61586.10324067294
9951000.0,-0.033668336474628274,0.12472928265022992,154811.62720083786,9951000.0,-0.033588958192435604,0.11758530358902719,137585.54732385086
9951000.0,0.03248091828827647,0.1380703556751641,189700.1234299661,9951000.0,0.03270323115453773,0.12730228467225077,161264.62911529175
9951000.0,0.03224782433402899,0.1458205890210744,211594.52325959067,9951000.0,0.03248325984572109,0.13215676194378978,173798.2921980293
9951000.0,0.048629073086893994,0.2129521331234896,451264.0280793539,9951000.0,0.0489707231619731,0.1929779313859904,370580.0364020614
