cur_n,cur_mean,cur_std,cur_S,next_n,next_mean,next_std,next_S
21001000.0,-0.023284420393750914,0.07347581445509052,113378.00020192652,21001000.0,-0.02323987546825642,0.0700673072785735,103102.88796222012
21001000.0,-0.023767452432384224,0.08149772475417193,139486.10382138222,21001000.0,-0.02373435026600512,0.07656707389974053,123118.71543374045
21001000.0,-0.033061302298579405,0.12207286259989897,312952.3612337934,21001000.0,-0.032982957945555516,0.11540718711455158,279708.51441039325
21001000.0,0.032342818874561315,0.13502546870939244,382887.6530812137,21001000.0,0.03256143612832361,0.12432590712714692,324611.01177393016
21001000.0,0.0322314506910707,0.1413802046090216,419775.5957233203,21001000.0,0.03245673099373664,0.1281025269120841,344631.8156838871
21001000.0,0.04881735121348191,0.20753862107258825,904560.9362501755,21001000.0,0.049155592234637425,0.18819145545221805,743771.9180336128
