cur_n,cur_mean,cur_std,cur_S,next_n,next_mean,next_std,next_S
3901000.0,-0.004437069006850127,0.0873883059234538,29790.829163479662,3901000.0,-0.008961409285900952,0.09140541338817945,32592.65837658617
3901000.0,-0.02134480306590388,0.16076186107346185,100818.91068160768,3901000.0,-0.023956894781418752,0.1562083153462472,95188.44839270248
3901000.0,-3.7052818043066206e-05,0.022601341689950347,1992.7113407711474,3901000.0,-2.885318214577065e-05,0.021386827477567753,1784.3033156550187
3901000.0,-0.001258363172963005,0.2409611724775126,226500.98018941825,3901000.0,0.0015337420404237672,0.24285516732638765,230075.64459109536
3901000.0,-0.0022760695428391004,0.4438767335968485,768600.5896061982,3901000.0,-0.003836226583983786,0.43659061265877375,743574.9273039391
3901000.0,0.00022099975678830912,0.08627332720520235,29035.4823365051,3901000.0,0.0005980003198751534,0.08587443685831093,28767.608151260654
