cur_n,cur_mean,cur_std,cur_S,next_n,next_mean,next_std,next_S
21701000.0,-0.0232710957124859,0.07343222207580248,117018.11217732143,21701000.0,-0.023226558111706787,0.07003231035931735,106433.08605001762
21701000.0,-0.023754963866575267,0.08137567509153944,143704.03277679888,21701000.0,-0.02372096129112728,0.07646999023512295,126900.05678175422
21701000.0,-0.03310727481397157,0.12214210250871183,323750.56124710134,21701000.0,-0.03302844786820419,0.11550022805446622,289497.90847243206
21701000.0,0.03231245331329087,0.13482302928426265,394464.485440083,21701000.0,0.03253000618859027,0.12413170702076591,334383.77960788494
21701000.0,0.032239858524213565,0.1411277235824272,432219.56272357167,21701000.0,0.03246603101892136,0.1278873371693495,354923.56605039956
21701000.0,0.04888630947877507,0.20747300750318332,934120.604929269,21701000.0,0.04922627310314024,0.18816260195071238,768327.4807358833
