cur_n,cur_mean,cur_std,cur_S,next_n,next_mean,next_std,next_S
4901000.0,-0.025078482446055532,0.13022259749260326,83110.78992372847,4901000.0,-0.02443325779070769,0.13160661631925594,84886.79745057783
4901000.0,-0.0026983752717153527,0.09895132358495601,47987.4771165911,4901000.0,-0.0022025947534803814,0.09931945365175303,48345.198334919005
4901000.0,0.003294420251297407,0.05286903019362936,13698.95346706659,4901000.0,0.003543254852408621,0.05209439375509346,13300.460543343243
4901000.0,0.006800230283708611,0.1890812899695397,175219.24939528783,4901000.0,0.006852816545683802,0.18508661153222805,167893.82051932978
4901000.0,-0.0009271038667845887,0.22537158998489615,248933.324857941,4901000.0,-0.0008862506259451197,0.22215911263765512,241887.2441782846
4901000.0,-3.187037153722882e-05,0.06533320315533596,20919.5628566629,4901000.0,-1.4659099641698877e-05,0.06236316216521745,19060.79274069677
