cur_n,cur_mean,cur_std,cur_S,next_n,next_mean,next_std,next_S
27451000.0,-0.0233875246366273,0.07347671842608336,148203.2315639307,27451000.0,-0.023343728780392,0.07010850680002714,134927.2300239992
27451000.0,-0.023692237806987503,0.08065033033939942,178554.364742583,27451000.0,-0.023655593864704325,0.07590013282231935,158140.5487892974
27451000.0,-0.033044928257976586,0.1215954559718139,405875.52281657996,27451000.0,-0.032962249057776484,0.11508938479702437,363604.04579817754
27451000.0,0.03222965460664726,0.1338217741706497,491599.8440650932,27451000.0,0.03244776603278392,0.12307867572293685,415837.6418266078
27451000.0,0.03224535559308886,0.1395847812057376,534852.8448209066,27451000.0,0.03246981572057541,0.1264824558000416,439155.92692362546
27451000.0,0.0487680222752034,0.20554053860925844,1159720.0090864843,27451000.0,0.04910772576062921,0.1862924642969246,952683.7227496381
