cur_n,cur_mean,cur_std,cur_S,next_n,next_mean,next_std,next_S
3201000.0,-0.022281753654499532,0.1327955175156289,56448.5129606521,3201000.0,-0.021630495681584056,0.13418985650656437,57640.14320319672
3201000.0,-0.003130087578546432,0.10810323177552351,37407.87421372049,3201000.0,-0.00263049283590481,0.10855503408770832,37721.209557933034
3201000.0,0.0028013715733660963,0.05494521409139677,9663.743941509714,3201000.0,0.003039009152371987,0.05441854417045833,9479.370816772429
3201000.0,0.0067319124332618045,0.19362028894050837,120001.70094238843,3201000.0,0.006779842280113107,0.18972300136665746,115219.41000948024
3201000.0,-0.00047106575873955887,0.23249430350594905,173025.57732185503,3201000.0,-0.0004353765561519363,0.2294282958861645,168492.13479328746
3201000.0,0.0001197187936863294,0.0658625884805391,13885.555676903246,3201000.0,0.00012780151956049557,0.06305734207946201,12727.907076794256
