cur_n,cur_mean,cur_std,cur_S,next_n,next_mean,next_std,next_S
401000.0,-0.01205552207688459,0.12435732370151974,6201.36232724003,401000.0,-0.016552395554695103,0.12891036599413044,6663.770866757006
401000.0,-0.009159281277302417,0.20034275721065742,16095.025367074137,401000.0,-0.011781911516620365,0.1960610355909583,15414.41180047661
401000.0,0.0001984024253083909,0.02401496738895436,231.26418213570906,401000.0,0.00021020155512234393,0.022881539116817163,209.94949777412796
401000.0,0.0001086157358552247,0.3453038654512391,47813.138557722545,401000.0,0.0029131553159565185,0.34746721297303373,48414.11910059027
401000.0,-0.0028051277199603267,0.4845675306056174,94157.0823786076,401000.0,-0.004361044054264069,0.47752839851106177,91441.3819252003
401000.0,0.00040101216410184205,0.08677328973523503,3019.371128401493,401000.0,0.0007780620614614139,0.0863776503994768,2991.9004939022275
