cur_n,cur_mean,cur_std,cur_S,next_n,next_mean,next_std,next_S
5251000.0,-0.01760137583002375,0.06501194529237031,22193.629964195985,5251000.0,-0.01755216878617213,0.061365896887479246,19774.075602525663
5251000.0,-0.018543842687341883,0.08021634614879242,33788.4111568696,5251000.0,-0.018498878179293576,0.07402586257792931,28774.57856296441
5251000.0,-0.024255285411482988,0.10513799614049728,58044.544718538345,5251000.0,-0.024191813516081836,0.09905726477967303,51524.606296264436
5251000.0,0.032395674099205365,0.151016610895435,119754.39404006823,5251000.0,0.03260697605316967,0.1418276643772636,105624.31859560878
5251000.0,0.031951598026559294,0.15634335011325534,128351.46964746332,5251000.0,0.03217755921514708,0.14262590398112454,106816.62170225945
5251000.0,0.049329374650703896,0.22536923892605149,266705.08402791945,5251000.0,0.0496614142758183,0.20993705196901039,231430.29396034402
