cur_n,cur_mean,cur_std,cur_S,next_n,next_mean,next_std,next_S
3301000.0,-0.01586667725832835,0.11768882545795875,45721.02746396148,3301000.0,-0.015242348589287772,0.11903814810415425,46775.43640412372
3301000.0,0.0033467923827495733,0.11710105349581983,45265.479865171656,3301000.0,0.00391925831005166,0.11686861892166807,45085.96276666029
3301000.0,0.004985464727696711,0.04864944165382059,7812.701739827257,3301000.0,0.005248209236472466,0.04713630030123817,7334.263490898157
3301000.0,0.004838594149888373,0.18319864946711312,110787.32079486139,3301000.0,0.004837731297256847,0.179151366521765,105946.2952299587
3301000.0,0.0021140373960233435,0.20508291396585526,138836.76428399782,3301000.0,0.002141858677699375,0.2012915998761074,133750.93530443433
3301000.0,-4.7655185088072e-05,0.0655879215195596,14200.160757993757,3301000.0,-3.414769596852813e-05,0.062314885951152185,12818.261681657948
