cur_n,cur_mean,cur_std,cur_S,next_n,next_mean,next_std,next_S
8551000.0,-0.023591461814710276,0.07471298819746992,47731.94370673504,8551000.0,-0.023549714816905383,0.07112266929668731,43254.66988551275
8551000.0,-0.02482867059238534,0.08466204666626358,61290.67900805679,8551000.0,-0.02479640048031528,0.07929987845459766,53772.71315163728
8551000.0,-0.03386088820886731,0.12526544266942702,134177.42756840933,8551000.0,-0.03378269564926119,0.11809899673854136,119263.98678508817
8551000.0,0.03256001882476304,0.13863493088137427,164347.1763611937,8551000.0,0.03278058835436474,0.12783577243070612,139740.31128048062
8551000.0,0.03221612456632617,0.14667032444449843,183950.68600526804,8551000.0,0.03245617358183379,0.13290171617456037,151035.16855248823
8551000.0,0.04855682577603898,0.2135940651554518,390117.353350018,8551000.0,0.04890472795855533,0.19362679821931128,320588.42259004776
