cur_n,cur_mean,cur_std,cur_S,next_n,next_mean,next_std,next_S
6701000.0,-0.023880218568084876,0.07543628930151204,38132.936715739095,6701000.0,-0.023839634941226196,0.07181054913573306,34555.41503504325
6701000.0,-0.025306755466469398,0.08599182935750031,49551.17919358759,6701000.0,-0.025278098372394784,0.08053759466838714,43464.72414245008
6701000.0,-0.0344183471232683,0.12690049048679683,107911.1247892762,6701000.0,-0.034346827492476834,0.1196255906802577,95893.19931746933
6701000.0,0.03264009231444904,0.13931123238732862,130050.45806362033,6701000.0,0.032856930855628935,0.12845844498637032,110577.03456380771
6701000.0,0.032314821927060054,0.14820845789459658,147192.470590004,6701000.0,0.03255037247438525,0.1343050169071899,120871.54953271826
6701000.0,0.04856343159711965,0.21545999588981576,311080.58886305295,6701000.0,0.04892827240992661,0.19529752826433072,255583.67558379847
