cur_n,cur_mean,cur_std,cur_S,next_n,next_mean,next_std,next_S
20851000.0,-0.023287289570370788,0.07349256776496098,112619.53538044856,20851000.0,-0.02324265885874099,0.07008205198354178,102409.56160717756
20851000.0,-0.0237812159677247,0.08154466980182137,138649.41619205952,20851000.0,-0.02374818365624299,0.07660916833764365,122373.78240475943
20851000.0,-0.0330707794610626,0.12211529250751695,310933.12839315966,20851000.0,-0.03299343010591054,0.11544488314112714,277892.1412773617
20851000.0,0.03234851767943936,0.13507670909207864,380441.45223853405,20851000.0,0.03256722647671889,0.12437474148099409,322545.7103162952
20851000.0,0.03223902670776359,0.1414629899823129,417265.57337677956,20851000.0,0.03246651741889185,0.12817848301648163,342576.16487378324
20851000.0,0.04882661782126154,0.20762055342242317,898809.3404357871,20851000.0,0.04916537759731995,0.1882709316643779,739083.3722924737
