cur_n,cur_mean,cur_std,cur_S,next_n,next_mean,next_std,next_S
13051000.0,-0.023457106070349464,0.07404867504125602,71561.32509979555,13051000.0,-0.023413767343860085,0.0705390912504409,64938.688060810695
13051000.0,-0.02436927135365092,0.08314015865618679,90212.24434293702,13051000.0,-0.02433716435535391,0.0779267169507963,79253.15302543501
13051000.0,-0.033579197012112774,0.12418148561709424,201260.01092076508,13051000.0,-0.03350261830165154,0.11711584802281368,179009.10637009953
13051000.0,0.03241815060883783,0.13682489375118748,244328.44377935983,13051000.0,0.0326376626938326,0.1260584479410592,207389.9472121762
13051000.0,0.03218954781368916,0.14412543661137733,271097.21843486134,13051000.0,0.03242483164855804,0.13046594827215827,222145.81710778136
13051000.0,0.04859554769670935,0.21097392265883763,580899.9583448886,13051000.0,0.04894445389547238,0.19102552467341208,476240.79230269516
