cur_n,cur_mean,cur_std,cur_S,next_n,next_mean,next_std,next_S
17101000.0,-0.023496629267076897,0.07390129762195434,93395.43201435855,17101000.0,-0.023452757467280858,0.07044187361416698,84856.14630404838
17101000.0,-0.02407302610320198,0.08223217604052008,115639.19840651672,17101000.0,-0.024041069100702105,0.07716752661246075,101833.49932275423
17101000.0,-0.03333321052010871,0.12299816260871178,258713.29943554185,17101000.0,-0.03325453625356966,0.11614523941322898,230687.6442325307
17101000.0,0.032428032226963395,0.13572508552119641,315022.63145832665,17101000.0,0.032648634202855395,0.1249629054739029,267044.5601583455
17101000.0,0.03214107726351915,0.14221817550906887,345884.9875211393,17101000.0,0.03237171065092624,0.128752619413616,283487.33003733924
17101000.0,0.0486877236138866,0.2085917759660972,744073.556440808,17101000.0,0.049033190585930406,0.18894358060710548,610500.17043669
