cur_n,cur_mean,cur_std,cur_S,next_n,next_mean,next_std,next_S
7151000.0,-0.023808659661549342,0.07529126610323511,40537.40824746277,7151000.0,-0.023769386583841555,0.07168225081363515,36744.30567930033
7151000.0,-0.025185984860012455,0.08562620585844785,52430.03882457973,7151000.0,-0.025153191632181455,0.08020218790903791,45998.02765053128
7151000.0,-0.03429586391600887,0.12649748843929148,114427.54587193955,7151000.0,-0.03422390715996164,0.11926388643564058,101714.92731990134
7151000.0,0.03262079930755027,0.13914701953188177,138456.8971619767,7151000.0,0.03283606292227503,0.12833274192576086,117771.91174146534
7151000.0,0.03229690103387414,0.147757792576183,156123.24402421914,7151000.0,0.03253347092854802,0.1338929718613492,128198.32191204185
7151000.0,0.04861925020344474,0.21494005768808616,330370.6822809473,7151000.0,0.048977790931247774,0.19485530647550556,271513.3903913535
