cur_n,cur_mean,cur_std,cur_S,next_n,next_mean,next_std,next_S
6801000.0,-0.017775939055824065,0.06520536165379617,28916.078220324398,6801000.0,-0.017732300863469785,0.06154142908550692,25757.75030592193
6801000.0,-0.01872782457639581,0.08023171224285865,43778.90514371136,6801000.0,-0.018687572911972133,0.07409988974302793,37342.88768117643
6801000.0,-0.023878237264249938,0.10404624296669963,73625.04621397684,6801000.0,-0.02381134633718056,0.09806541511323591,65404.03118669401
6801000.0,0.03257159109573127,0.1512650076652563,155614.37840154028,6801000.0,0.03279195875626314,0.14204683002305704,137225.83035519457
6801000.0,0.0322583807308302,0.15675607192024713,167117.34183637056,6801000.0,0.032489426216968854,0.14316576610568515,139396.2652120533
6801000.0,0.04892724979567874,0.22378987755248306,340607.0651149914,6801000.0,0.04926128067886002,0.20852410993187057,295723.15237999894
