cur_n,cur_mean,cur_std,cur_S,next_n,next_mean,next_std,next_S
1401000.0,-0.018009866573073116,0.06647454867104428,6190.830735047669,1401000.0,-0.01794922205083919,0.06274147105386195,5515.025558193639
1401000.0,-0.019525311554298454,0.08333950637171092,9730.608124514903,1401000.0,-0.01948411245905303,0.07687445128009403,8279.463444721385
1401000.0,-0.024851856647404223,0.10650692946069414,15892.560158426533,1401000.0,-0.02481182069167199,0.10008830868753923,14034.75501984093
1401000.0,0.03270649272630157,0.15183857737610118,32299.989965017172,1401000.0,0.03290662730703945,0.1425232707192677,28458.348657821258
1401000.0,0.03252386718789939,0.1602312144482345,35969.33295906211,1401000.0,0.032783758741334254,0.1459033310562947,29824.182600665146
1401000.0,0.048170363164863714,0.22262036167753907,69433.31543224707,1401000.0,0.04846284360839191,0.20657805561035159,59786.96477671467
