cur_n,cur_mean,cur_std,cur_S,next_n,next_mean,next_std,next_S
6901000.0,-0.0037898995544029482,0.08345196292841123,48060.15203469057,6901000.0,-0.008316559880176969,0.08748530708154051,52818.0384695001
6901000.0,-0.02265841760697265,0.1575861150004982,171375.18050619768,6901000.0,-0.02526900859432315,0.15301015769423423,161566.95977589715
6901000.0,-1.1017770005349653e-05,0.022129153272398422,3379.415728842336,6901000.0,-9.821477795015281e-06,0.020905090198685458,3015.8943166809217
6901000.0,-0.0013739752570239513,0.23154485697796215,369983.4564921131,6901000.0,0.0014173330625746995,0.23343381354527837,376044.7739587196
6901000.0,-0.002200894978491252,0.4407121534234547,1340361.922210632,6901000.0,-0.0037612923702885267,0.4334106997658885,1296317.2040684156
6901000.0,-0.00012917708479378485,0.08599576983381213,51034.775034668266,6901000.0,0.00024782134668724137,0.08559783252911579,50563.55063134331
