cur_n,cur_mean,cur_std,cur_S,next_n,next_mean,next_std,next_S
8701000.0,-0.023540648489458787,0.07458004553524569,48396.555953934134,8701000.0,-0.023498957782215415,0.07099163235898183,43851.40303730267
8701000.0,-0.0247988412875752,0.08461164620522518,62291.595990629874,8701000.0,-0.02476775867901859,0.07925723110271667,54657.14724268619
8701000.0,-0.03382050143180975,0.1251524621417873,136284.97052609822,8701000.0,-0.0337404698563418,0.11798581889787282,121123.60576417531
8701000.0,0.03250562693675556,0.13845813884500477,166803.87970428917,8701000.0,0.03272591821836026,0.12766088520741067,141802.82132548722
8701000.0,0.03223329551059906,0.14665557540162125,187139.87068630772,8701000.0,0.03247077872045316,0.13289528380560603,153669.72233907916
8701000.0,0.048559391171172014,0.2135223031609373,396694.02511416265,8701000.0,0.04890635235796438,0.19354120391474958,325923.7774287177
