cur_n,cur_mean,cur_std,cur_S,next_n,next_mean,next_std,next_S
6601000.0,-0.017735954477020893,0.06510811571643126,27982.07949888389,6601000.0,-0.0176910347746036,0.06144938005691273,24925.549668210144
6601000.0,-0.018707681243415087,0.08022241718948697,42481.63468639874,6601000.0,-0.0186644965958089,0.07409126220410604,36236.28940611911
6601000.0,-0.02389716241551006,0.10411620177971541,71556.05110550017,6601000.0,-0.023827610721436788,0.09813175531223713,63566.5830857618
6601000.0,0.032520826521761484,0.15108222125939602,150673.35387002307,6601000.0,0.0327386714442609,0.14188033522128857,132878.32487805694
6601000.0,0.0322347801708317,0.15667531776513083,162035.77145410798,6601000.0,0.03246224359369848,0.14309232804347802,135158.21009070025
6601000.0,0.048924794223661326,0.22384812948361177,330762.8094689313,6601000.0,0.049257449056216436,0.2085848171769602,287193.8389404798
