cur_n,cur_mean,cur_std,cur_S,next_n,next_mean,next_std,next_S
5151000.0,-0.025211413101349636,0.12999115522324145,87040.05494724146,5151000.0,-0.02456782750919285,0.13138661969889207,88918.84819872757
5151000.0,-0.0027024574207040793,0.09801428830744399,49484.63046964838,5151000.0,-0.0022086416792330144,0.09837445531257726,49848.97484239628
5151000.0,0.0033350343345537417,0.05266947788459633,14289.254662175945,5151000.0,0.003584078260700298,0.05187755690153409,13862.787967780396
5151000.0,0.006801185450448675,0.18826455154185873,182569.68158274173,5151000.0,0.006850108659465023,0.18427144171770357,174907.17176274603
5151000.0,-0.0009249105610298665,0.22397465372464168,258398.0890275378,5151000.0,-0.000885218350620867,0.22076311573292573,251040.95568403025
5151000.0,-8.864415825553254e-05,0.06522246431698397,21912.198705489853,5151000.0,-7.35761003825322e-05,0.062234718545575,19950.648151294172
