cur_n,cur_mean,cur_std,cur_S,next_n,next_mean,next_std,next_S
4101000.0,-0.017517175202688882,0.06503056863399258,17343.025887984575,4101000.0,-0.01747224752624646,0.06135834785883191,15439.636939910195
4101000.0,-0.01831897121689392,0.07999989198835154,26246.32912712459,4101000.0,-0.0182674449791171,0.07380160247602859,22336.820441449996
4101000.0,-0.02447883100155064,0.10582799638121654,45929.41531887546,4101000.0,-0.024430931325017717,0.09967125551916704,40740.80698392182
4101000.0,0.03236824854960385,0.15116721685140336,93714.11407490735,4101000.0,0.03256978056728022,0.14192909896602135,82610.0073156907
4101000.0,0.03183810804059831,0.15622168413164617,100085.78504559703,4101000.0,0.03205929487617154,0.14246803076192563,83238.57027543122
4101000.0,0.04941832364950605,0.22620359137993037,209840.23355278507,4101000.0,0.04976354082443282,0.21071626922484546,182089.92042187
