cur_n,cur_mean,cur_std,cur_S,next_n,next_mean,next_std,next_S
1551000.0,-0.01504456246410386,0.14391097391136135,32121.781407192735,1551000.0,-0.014393756052296891,0.14535100119810804,32767.84291495251
1551000.0,-0.005297981862706708,0.1327347244532313,27326.304474372304,1551000.0,-0.004772796873470486,0.13341277035218665,27606.198271513247
1551000.0,0.001829325630129959,0.06347930508068671,6249.943991140219,1551000.0,0.002071202800224918,0.06343635470222465,6241.489372852919
1551000.0,0.007208583324279925,0.20562861509998864,65581.13051665382,1551000.0,0.0072419609695543825,0.20201458628965374,63296.14415743271
1551000.0,0.0006969341805140816,0.2517168009537515,98273.45056558773,1551000.0,0.0007455124219049504,0.24885368360120508,96050.56971076934
1551000.0,0.00039954793997040483,0.06803465875552654,7179.136642362444,1551000.0,0.00039841196727359595,0.06550685883448651,6655.571407814444
