cur_n,cur_mean,cur_std,cur_S,next_n,next_mean,next_std,next_S
1451000.0,-0.010526568004533205,0.11914149035530801,20596.50204464581,1451000.0,-0.009914867036001083,0.12034350863972586,21014.19466406539
1451000.0,0.002675918266888238,0.11615543833726669,19577.016576073038,1451000.0,0.003259760412869812,0.11588575645188758,19486.21690376642
1451000.0,0.004113603702585205,0.04759874114818901,3287.4438705527295,1451000.0,0.0043750100906139195,0.04606634560762922,3079.1789947778743
1451000.0,0.0044464368191970164,0.19052772161082088,52672.47923090739,1451000.0,0.0044648927586691065,0.1866217823666955,50534.97768755099
1451000.0,0.001142520311374678,0.21488599604589242,67001.36337141781,1451000.0,0.001191064460429529,0.21120635723153403,64726.389861105854
1451000.0,0.0001865102744357903,0.06562799869614272,6249.506642861182,1451000.0,0.00019525538266800568,0.06243326911194977,5655.87189649946
