cur_n,cur_mean,cur_std,cur_S,next_n,next_mean,next_std,next_S
51000.0,-0.058252295821130125,0.27706963287114394,3915.1466544268746,51000.0,-0.05741897049014369,0.280123496577973,4001.927840088552
51000.0,-0.06086215587763852,0.304390145888316,4725.321406609424,51000.0,-0.05983767595887823,0.30649003121411095,4790.743100914961
51000.0,-0.019056609683342204,0.13954152706938128,993.0637266195985,51000.0,-0.0186308041309052,0.14218395573351222,1031.0301406694975
51000.0,0.020589768732334403,0.23499512101940234,2816.3580520491014,51000.0,0.020577460495651147,0.23202174921796262,2745.53869761832
51000.0,0.019351897845518006,0.274398078622184,3840.009583128861,51000.0,0.019386710682242313,0.2711700274331514,3750.1923726828995
51000.0,0.008406875077365797,0.09457373961365703,456.15380345010186,51000.0,0.008438933289727597,0.09409269462910144,451.52519431083215
