cur_n,cur_mean,cur_std,cur_S,next_n,next_mean,next_std,next_S
4601000.0,-0.024072330447325964,0.07639293160485616,26850.88387624665,4601000.0,-0.024039110299522676,0.07265702695371579,24288.879446029467
4601000.0,-0.025862281213934635,0.08773873353056594,35418.890748480764,4601000.0,-0.02583433551174271,0.08210044371524118,31012.96163075987
4601000.0,-0.0348146887537255,0.12874161086523933,76258.82529598105,4601000.0,-0.03473453101796123,0.12124341170819318,67634.53842503784
4601000.0,0.03256451747987386,0.14135971455663182,91939.79950674869,4601000.0,0.03278087872512536,0.13044661157074464,78292.08128179844
4601000.0,0.03223038945448274,0.15119837178690737,105183.2200502856,4601000.0,0.032471677306265566,0.13713925048183875,86531.80767853708
4601000.0,0.04868162542979254,0.21986222862642088,222409.5774518288,4601000.0,0.04904014405314014,0.19937474657715715,182891.08232401861
