cur_n,cur_mean,cur_std,cur_S,next_n,next_mean,next_std,next_S
8751000.0,-0.0035683391515241797,0.08241911942409436,59444.76631937401,8751000.0,-0.00809572513076488,0.08645927045496046,65415.5228719826
8751000.0,-0.022971186009779054,0.15675695952201374,215036.08588198829,8751000.0,-0.025581513656210565,0.15217527826959515,202649.66633406773
8751000.0,-2.3813994362508146e-05,0.022044182826425354,4252.513415239067,8751000.0,-2.170653365014329e-05,0.02081058346954461,3789.8864433845715
8751000.0,-0.0014101562075622299,0.22916070387590834,459555.51138609124,8751000.0,0.001380917331221145,0.23104861027406903,467158.6611691226
8751000.0,-0.0021877042449171317,0.4400617291768906,1694669.0023293428,8751000.0,-0.0037481388627018425,0.43275896386782237,1638890.087390381
8751000.0,-8.361751198271673e-05,0.08611264157669445,64892.051981056466,8751000.0,0.00029337991683057513,0.08571488037263011,64293.95331704234
