cur_n,cur_mean,cur_std,cur_S,next_n,next_mean,next_std,next_S
3451000.0,-0.004606313218221323,0.08826596939840305,26886.33155210123,3451000.0,-0.009130955177236775,0.09228261376640709,29388.994853085103
3451000.0,-0.021085247511073536,0.16183014494646167,90378.22455201852,3451000.0,-0.023696218925384167,0.15727209711569118,85358.80274505868
3451000.0,-3.0343041927920958e-05,0.022745038596268308,1785.3292303535313,3451000.0,-2.2188552872037934e-05,0.021534771521069286,1600.3887727875306
3451000.0,-0.001273561129527963,0.2430870778162669,203924.17086171993,3451000.0,0.0015187761789238708,0.24499036619857986,207129.9846584243
3451000.0,-0.002220062689368084,0.444698879221603,682459.7285674579,3451000.0,-0.003780205470991596,0.4374107719107008,660273.5608565107
3451000.0,0.000218743264726245,0.08638705232724898,25753.856416588238,3451000.0,0.0005957438286303386,0.08598875196141527,25516.919915856088
