cur_n,cur_mean,cur_std,cur_S,next_n,next_mean,next_std,next_S
5251000.0,-0.023923676470359072,0.07592246830829276,30267.92548981855,5251000.0,-0.023891406910337528,0.07222795919516788,27393.826847958386
5251000.0,-0.025569811729118003,0.08692304929693152,39674.54223665221,5251000.0,-0.025541663570704413,0.0813531377964766,34752.86673702501
5251000.0,-0.03460027829085499,0.12786550929051865,85851.68903561561,5251000.0,-0.03453301086730458,0.12044880648767542,76181.06158258808
5251000.0,0.03256216448246838,0.14053362878726702,103705.67900643629,5251000.0,0.03277583825484664,0.12963866603861826,88249.27077816236
5251000.0,0.0322004374336737,0.14986772005413893,117939.21128319945,5251000.0,0.032443206726795876,0.1358882536811745,96962.95743221449
5251000.0,0.048590249733688695,0.21797263991755428,249485.88877304844,5251000.0,0.048948209937491195,0.1976425496028441,205117.59399835512
