cur_n,cur_mean,cur_std,cur_S,next_n,next_mean,next_std,next_S
51000.0,-0.019072588391604924,0.06983040410763855,248.6905522296412,51000.0,-0.01897838792039981,0.0658033762574125,220.83430067060456
51000.0,-0.024109672338105362,0.08926129946912152,406.3465587287258,51000.0,-0.023995913540390528,0.08212766118944845,343.99258935489075
51000.0,-0.029583770814454086,0.11794489706963603,709.4609359831188,51000.0,-0.02949232520824263,0.11032400300764533,620.7406676211777
51000.0,0.0342874566310532,0.15454868075772601,1218.1500309216292,51000.0,0.034546604644692315,0.1443208149683753,1062.253379289937
51000.0,0.03170639760995323,0.16505937558758904,1389.474470937604,51000.0,0.03207646439069735,0.1492554611380915,1136.1368266567613
51000.0,0.05180653975643891,0.23296923441856962,2768.0078734642966,51000.0,0.05215610496254115,0.2146941184713896,2350.771789816561
