cur_n,cur_mean,cur_std,cur_S,next_n,next_mean,next_std,next_S
3601000.0,-0.004551493362085526,0.08794336071927333,27850.258935255424,3601000.0,-0.00907625262784515,0.09196414122138076,30455.10917738041
3601000.0,-0.021214812127176297,0.16145912260506137,93874.64282889887,3601000.0,-0.023825838961517774,0.1569000541333204,88648.07478032698
3601000.0,-2.4241931730352618e-05,0.02270065589831007,1855.6665213467404,3601000.0,-1.7248579845404196e-05,0.021489739397981312,1662.9738467147338
3601000.0,-0.0012793939883498102,0.2421980374210787,211234.2614795707,3601000.0,0.001512873552499582,0.24410252666895338,214569.3427377277
3601000.0,-0.0022228448486402283,0.44434905562884713,711003.345740932,3601000.0,-0.0037829601978628118,0.43705995480109316,687868.0761307317
3601000.0,0.00016068474969574848,0.08636387354922583,26858.845874590435,3601000.0,0.0005376855803640398,0.08596585033687548,26611.848854335614
