cur_n,cur_mean,cur_std,cur_S,next_n,next_mean,next_std,next_S
3601000.0,-0.02450566714399725,0.07761935261436914,21695.17480488586,3601000.0,-0.02447160275598971,0.07381112503128856,19618.543924362635
3601000.0,-0.026642745956219526,0.08995869342720385,29141.332049789868,3601000.0,-0.0266187629257397,0.08415305180799679,25501.331799086405
3601000.0,-0.0355797911541538,0.13048162591780568,61308.662382457194,3601000.0,-0.03550805328998032,0.12296825665844222,54451.41291636508
3601000.0,0.03247218444119336,0.1425555854889082,73179.86392966159,3601000.0,0.03268106324746688,0.13160059880414066,62364.70209779581
3601000.0,0.03226302570686776,0.1540093257555147,85411.65958322535,3601000.0,0.03249699141203957,0.13970804531660216,70285.53487219494
3601000.0,0.04906912251549672,0.22238144078960698,178082.07225278896,3601000.0,0.04941006621962356,0.2019818710923205,146908.83117608714
