cur_n,cur_mean,cur_std,cur_S,next_n,next_mean,next_std,next_S
22051000.0,-0.023269822606873058,0.07342133945703747,118870.17327611253,22051000.0,-0.02322485501858668,0.0700257618744952,108129.44514790844
22051000.0,-0.02374900445838514,0.08132237994266264,145830.52835330964,22051000.0,-0.023715156123253787,0.07642776829374297,128804.38425204987
22051000.0,-0.03308377870141457,0.12205381509008158,328496.69693964435,22051000.0,-0.033004021254945344,0.11542044059514982,293760.7341413933
22051000.0,0.032306578977132065,0.134747523473207,400377.69345676474,22051000.0,0.032524544000668024,0.12405666519811598,339366.12882688764
22051000.0,0.03224988476042818,0.14102407836329098,438545.6722453329,22051000.0,0.03247462756318779,0.12779772396486047,360142.62668395136
22051000.0,0.048856728045054934,0.20728505504313027,947467.3907693941,22051000.0,0.049195883304812504,0.18798092664853408,779212.4115080799
