cur_n,cur_mean,cur_std,cur_S,next_n,next_mean,next_std,next_S
23151000.0,-0.023233633595435423,0.07330370178462141,124400.3403295549,23151000.0,-0.02318855616992507,0.06991882252899446,113176.94501166354
23151000.0,-0.023724908569650496,0.08119505100380355,152626.12315517,23151000.0,-0.023689561460472026,0.07632970948047287,134882.92454254333
23151000.0,-0.033078334160435,0.12195026041264077,344298.57010657206,23151000.0,-0.03299844764451077,0.11533752221557061,307971.82705768157
23151000.0,0.03221683843245345,0.13435610230768186,417911.71712450654,23151000.0,0.032434687185691126,0.1236700802746169,354078.07897001895
23151000.0,0.03225882501242979,0.1407629554533299,458718.7670968125,23151000.0,0.03248293217864258,0.12755621278971202,376680.3693894582
23151000.0,0.048857123187948354,0.20695876725388862,991602.0425275632,23151000.0,0.04919631424381158,0.18765504626360785,815248.9538031443
