cur_n,cur_mean,cur_std,cur_S,next_n,next_mean,next_std,next_S
501000.0,-0.019254270704035795,0.06862605369437781,2359.4771580774764,501000.0,-0.01917941090768458,0.06485785400534028,2107.477154315195
501000.0,-0.02147277020618513,0.08616990974883731,3720.051926407507,501000.0,-0.0214414631174046,0.07935830091898037,3155.1677022984677
501000.0,-0.027191314032082112,0.11103348312029118,6176.545621285818,501000.0,-0.02712227935604541,0.10426785475891183,5446.764553548792
501000.0,0.032670738071667996,0.1475978404078737,10914.346369027144,501000.0,0.032903887508143,0.1375930896612569,9484.861019587874
501000.0,0.031588606839858764,0.1588871823611666,12647.813496053977,501000.0,0.03183647324985931,0.1434802540224656,10313.878230469978
501000.0,0.04810101982353768,0.21695692783033588,23582.22457532236,501000.0,0.04839679091706372,0.19981480556467893,20002.90421794807
