cur_n,cur_mean,cur_std,cur_S,next_n,next_mean,next_std,next_S
28001000.0,-0.023421750336190015,0.07350983736434,151308.89699747742,28001000.0,-0.02337753193041601,0.07014453281374387,137772.07379791862
28001000.0,-0.02371275146475144,0.08061563418311639,181975.15217336395,28001000.0,-0.02367579811411624,0.07587922818669113,161220.16122309258
28001000.0,-0.03310455342559508,0.12167703579178135,414563.2343951234,28001000.0,-0.03302104647295828,0.11518268811854275,371490.7130336199
28001000.0,0.03222627618250939,0.13372087189516033,500693.485522833,28001000.0,0.03244504157659942,0.122969476214665,423416.89974633424
28001000.0,0.03224089258395007,0.1394336653630254,544388.3587709448,28001000.0,0.03246551143134031,0.12634335972108213,446970.00992164685
28001000.0,0.04883570644897712,0.20552702543930934,1182800.2705642402,28001000.0,0.0491760702258199,0.18626060431229208,971439.0491385655
