cur_n,cur_mean,cur_std,cur_S,next_n,next_mean,next_std,next_S
28501000.0,-0.023435318600443497,0.07351398445962605,154028.12277312015,28501000.0,-0.023391121936961388,0.0701501258881678,140254.56566074712
28501000.0,-0.023735757284847895,0.08061045836252473,185200.8089723629,28501000.0,-0.023699120408507825,0.07588750541302831,164134.7930311313
28501000.0,-0.03311054163577667,0.12165450702366178,421809.64357542904,28501000.0,-0.03302658579894837,0.11517291063500121,378060.04610727646
28501000.0,0.032211812908004504,0.1336334501595561,508967.9794430786,28501000.0,0.03243025876225649,0.12287632184022056,430324.9269564407
28501000.0,0.03225706846512423,0.13936502823151115,553563.8387892361,28501000.0,0.03248229659288413,0.12629034736621006,454569.62663136085
28501000.0,0.048828872009058194,0.20540347833009584,1202473.9745268214,28501000.0,0.049172592646726986,0.18614454941958783,987553.7582339877
