cur_n,cur_mean,cur_std,cur_S,next_n,next_mean,next_std,next_S
6051000.0,-0.017684543018843094,0.06507758426085197,25626.541530004375,6051000.0,-0.017636655786977335,0.061429732410344065,22834.126357263187
6051000.0,-0.018616638023214206,0.0801113986481617,38834.32680604971,6051000.0,-0.018575041203563823,0.07395875494482876,33098.34936701784
6051000.0,-0.023995432118979046,0.10437226029412897,65916.98431809663,6051000.0,-0.023929035954541756,0.09835521174014031,58535.847190185836
6051000.0,0.03248251636372991,0.15105542658434537,138070.15624040083,6051000.0,0.03269716885562514,0.14186565110673607,121781.59679478983
6051000.0,0.03204961145910857,0.1562540420860866,147737.13561852337,6051000.0,0.03227669843753459,0.14262806779854204,123094.07539559423
6051000.0,0.04900183915042123,0.224123444992957,303949.7088214372,6051000.0,0.049329987656522155,0.20880556703411404,263822.1769526737
