cur_n,cur_mean,cur_std,cur_S,next_n,next_mean,next_std,next_S
3701000.0,-0.023259004170993098,0.1315815486419968,64078.01829313987,3701000.0,-0.022611846007722976,0.13294970201011094,65417.481702200566
3701000.0,-0.0028761602554909123,0.10487959434258456,40709.99817433032,3701000.0,-0.0023735279179758787,0.10528891638039123,41028.38263237351
3701000.0,0.002976592593727467,0.05417032680179872,10860.304355816403,3701000.0,0.003213758747593734,0.05356071424086174,10617.244157077615
3701000.0,0.006714900812420037,0.19211414633396048,136595.93516523924,3701000.0,0.006763767838250575,0.18817550645576567,131052.48857180036
3701000.0,-0.0006846271551072483,0.23127058719753416,197951.998744464,3701000.0,-0.0006405470233527965,0.22814057943531282,192630.1068687821
3701000.0,7.811546831760438e-05,0.06559830027252833,15925.91003198437,3701000.0,8.190180229440824e-05,0.06275216063095307,14573.922389919719
