cur_n,cur_mean,cur_std,cur_S,next_n,next_mean,next_std,next_S
22901000.0,-0.02325227081148053,0.07335555239235753,123231.12986650992,22901000.0,-0.023207175406118115,0.06996835825428259,112113.47506186842
22901000.0,-0.023733435537080898,0.08123574629588368,151129.34355258243,22901000.0,-0.023698178363049598,0.07636614198923017,133553.76879675346
22901000.0,-0.03307802785936517,0.1219710042021634,340696.4792591934,22901000.0,-0.03299793964357529,0.11535453100675151,304735.9998325597
22901000.0,0.03225360219971845,0.13448113281804003,414168.59459921805,22901000.0,0.03247148028833489,0.12379096984311,350939.60072079365
22901000.0,0.032261757842479054,0.14082871997853014,454189.3124194906,22901000.0,0.03248604848971474,0.12762285350684502,373002.16127529566
22901000.0,0.048849801768791785,0.20701663664358447,981442.6875892283,22901000.0,0.04918971401537591,0.18771685896208715,806976.7158928982
