cur_n,cur_mean,cur_std,cur_S,next_n,next_mean,next_std,next_S
2751000.0,-0.0051724693580847405,0.09106245764329038,22812.313149291185,2751000.0,-0.009696301963484756,0.09506686510742796,24862.737022564583
2751000.0,-0.020414928856769318,0.1639974959954377,73988.63658382019,2751000.0,-0.02302503065728653,0.15944063434471556,69934.0399865548
2751000.0,1.272362737044169e-05,0.022944664416924825,1448.28492693977,2751000.0,1.6979048834493376e-05,0.021753860122782468,1301.8569135946009
2751000.0,-0.0012333097513757179,0.24985061320726287,171732.07985904458,2751000.0,0.0015594645598066789,0.2517641337691778,174372.62757354975
2751000.0,-0.002176684667942199,0.446536647274309,548535.5827145557,2751000.0,-0.003736631805472918,0.439250211447801,530779.9984548361
2751000.0,2.378743736846227e-05,0.08632885991656697,20502.300821913665,2751000.0,0.00040078993427129696,0.08593177412714262,20314.126232559847
