cur_n,cur_mean,cur_std,cur_S,next_n,next_mean,next_std,next_S
3151000.0,-0.004826295213228186,0.08938047970439728,25172.929849544937,3151000.0,-0.00935000503848083,0.09339279352677884,27483.695944499705
3151000.0,-0.020804498355628708,0.1626722606883058,83382.5951163464,3151000.0,-0.023415438058183385,0.15811752452673136,78778.62857331615
3151000.0,-2.3127083691243796e-05,0.022774458066399945,1634.347887627578,3151000.0,-1.5114877662607925e-05,0.02157427048563576,1466.630262157216
3151000.0,-0.0012270319029315804,0.24592395514498544,190568.0424912955,3151000.0,0.0015654662729444463,0.24782550140048495,193526.47678400998
3151000.0,-0.0022184719645693845,0.445364722105706,625000.0171790185,3151000.0,-0.0037786377905735216,0.43807773053997434,604715.0207824162
3151000.0,0.00021162983222530445,0.08615313892560164,23387.866905558887,3151000.0,0.0005886305012786931,0.08575385714888736,23171.584374138023
