cur_n,cur_mean,cur_std,cur_S,next_n,next_mean,next_std,next_S
22851000.0,-0.023258391785291262,0.0733730551479446,123020.7629220566,22851000.0,-0.02321334636753309,0.06998603951603474,111925.24291087559
22851000.0,-0.02373590443539548,0.08124618671441793,150838.1451940939,22851000.0,-0.02370056177472319,0.07637562314143034,133295.27149983513
22851000.0,-0.03307465209330955,0.12195591882425921,339868.54745988984,22851000.0,-0.03299528099661975,0.1153370519225714,303978.52486598614
22851000.0,0.03226488245820012,0.13451198503179113,413453.97705197276,22851000.0,0.032482472726341076,0.1238250754982853,350366.369660588
22851000.0,0.032263911677703996,0.14084753175978582,453318.7596117283,22851000.0,0.032487721155791634,0.12763989113066138,372287.1622511139
22851000.0,0.0488432942457214,0.20700760378025154,979214.4344699536,22851000.0,0.04918349023398826,0.18770392718660062,805103.8965913616
