cur_n,cur_mean,cur_std,cur_S,next_n,next_mean,next_std,next_S
5851000.0,-0.02621723811500638,0.13006480847915836,98980.51512201755,5851000.0,-0.0255698557642333,0.13146697123943585,101126.13604672016
5851000.0,-0.0027114823567795598,0.09598479965107459,53905.741401497085,5851000.0,-0.002217126160271189,0.09631002319093669,54271.6559377438
5851000.0,0.0033939824528204346,0.05238058093306413,16053.536489737782,5851000.0,0.0036444199158089095,0.051544937094286675,15545.408039855783
5851000.0,0.0068662220441525175,0.1877479473778564,206243.60599764486,5851000.0,0.006925169330864733,0.18370412955695334,197454.909422442
5851000.0,-0.0009894089863850743,0.22162905522831428,287397.8324482832,5851000.0,-0.0009510548683358138,0.2183859532069892,279048.376089591
5851000.0,-2.8080878210933464e-05,0.06487997724699227,24629.266379733435,5851000.0,-9.67756614982708e-06,0.06187471511870015,22400.43865083978
