cur_n,cur_mean,cur_std,cur_S,next_n,next_mean,next_std,next_S
2551000.0,-0.015819749095092817,0.11879068288042598,35997.73839129392,2551000.0,-0.015187190204533246,0.12014245409688852,36821.66786415498
2551000.0,0.0027568772524291106,0.11673291051084524,34761.38618304549,2551000.0,0.0033377696682244384,0.11651803120326708,34633.52802008356
2551000.0,0.004696228415310867,0.048464757116140234,5991.872172614813,2551000.0,0.004969283363406971,0.04691223149036158,5614.132289146852
2551000.0,0.004727802178333514,0.18537579538472024,87663.03724753455,2551000.0,0.004734113222302024,0.18134570954648405,83892.8655122112
2551000.0,0.0020162221505038063,0.20680492988388458,109101.87979093424,2551000.0,0.002057823352394103,0.2030528955062657,105178.95033074354
2551000.0,0.00019324605436009176,0.06596027156987297,11098.782192632621,2551000.0,0.0002053891037393135,0.06266606968328053,10017.869574641467
