cur_n,cur_mean,cur_std,cur_S,next_n,next_mean,next_std,next_S
30651000.0,-0.023478354492415053,0.0735052527840257,165608.03304894065,30651000.0,-0.023435216032267628,0.07014938561593662,150831.61860159424
30651000.0,-0.023768605087601518,0.08046509624524875,198453.93665837022,30651000.0,-0.023730935877286717,0.07578441473510529,176037.19916567265
30651000.0,-0.033102028882891335,0.121499658885422,452475.1840663544,30651000.0,-0.03301766613539613,0.11507364254063321,405878.80125521054
30651000.0,0.03218197873504672,0.13331690577023161,544772.4026085254,30651000.0,0.032400732102348735,0.12255158397387633,460344.0199033453
30651000.0,0.03227205507239069,0.1390109570615777,592301.3395605215,30651000.0,0.03249569013726599,0.1259746203206229,486419.26177991903
30651000.0,0.048845173952193344,0.20493193645155172,1287253.0685076215,30651000.0,0.049192733053077926,0.18572830555462197,1057306.351793939
