cur_n,cur_mean,cur_std,cur_S,next_n,next_mean,next_std,next_S
801000.0,-0.0017693017760170681,0.10673419174449188,9125.142337567317,801000.0,-0.0012407625584201797,0.1076033563407316,9274.364318928163
801000.0,0.0018643680307277397,0.10554841905159905,8923.515480197857,801000.0,0.0023832937526730696,0.10553685383748407,8921.560041849496
801000.0,0.0043796370588857735,0.04976192605990191,1983.4756774381071,801000.0,0.004674884468668468,0.048209451361033245,1861.6451116259962
801000.0,0.0028877394751026064,0.19611170031762348,30806.299000176958,801000.0,0.0029191721228130395,0.19242069052418212,29657.603435584257
801000.0,-0.001264333141019566,0.2223826456296217,39612.686902861155,801000.0,-0.001219988024638436,0.21912595471265836,38460.96340701593
801000.0,0.0008663170844852966,0.06737070395493595,3635.588212858282,801000.0,0.0008995084919572779,0.06392562971515284,3273.2753937175435
