cur_n,cur_mean,cur_std,cur_S,next_n,next_mean,next_std,next_S
1951000.0,-0.01772851089846851,0.06558958013876115,8393.188387441774,1951000.0,-0.017674533367493875,0.06188557953498388,7471.988485996972
1951000.0,-0.018960026854700725,0.08232422492758605,13222.4693973691,1951000.0,-0.018918569162447673,0.07590871468934837,11241.92141625413
1951000.0,-0.02487842761586487,0.10673552217212902,22226.712273739595,1951000.0,-0.024843512624177517,0.10035034102280475,19646.942530560154
1951000.0,0.032235555464571145,0.15040751608591468,44136.343166407765,1951000.0,0.03244608053781132,0.14111729010083404,38852.38874210117
1951000.0,0.032147601128446966,0.1586090735376655,49080.99134473782,1951000.0,0.0324050304107611,0.14441460617515825,40689.23360809254
1951000.0,0.04864433564472344,0.2240632025841244,97948.62588564827,1951000.0,0.04893952140634451,0.20804460675026556,84444.27143424953
