cur_n,cur_mean,cur_std,cur_S,next_n,next_mean,next_std,next_S
25351000.0,-0.02327816854801592,0.07339335930458778,136555.32115200238,25351000.0,-0.02323383038287869,0.07001851041158254,124285.60472831248
25351000.0,-0.023665541946278117,0.08088091522771823,165839.20578110733,25351000.0,-0.023628724735466972,0.07607941969076333,146733.5679253523
25351000.0,-0.032969460317796934,0.12155371324520084,374568.7622189103,25351000.0,-0.03288962681023167,0.1149935136070136,335229.15566042246
25351000.0,0.03224999694286968,0.13424312199234062,456855.84180285106,25351000.0,0.032470026819546034,0.12354074045070733,386914.93618516513
25351000.0,0.032279127401435,0.14026739028686544,498779.42366023455,25351000.0,0.03250354556497266,0.12712796665946366,409710.69116158894
25351000.0,0.04872368190389208,0.2060938747436513,1076775.7446789008,25351000.0,0.04906603793973585,0.1868526165487745,885102.2867872883
