cur_n,cur_mean,cur_std,cur_S,next_n,next_mean,next_std,next_S
14751000.0,-0.02346804980243361,0.07391330492942237,80587.31869909474,14751000.0,-0.023423639381218213,0.07041803038146736,73145.7689903804
14751000.0,-0.024274538996771615,0.0828330591024277,101211.26759960792,14751000.0,-0.02424124419021922,0.07767421735445292,88996.97289803685
14751000.0,-0.033426962069205014,0.12361394469076875,225401.28840700546,14751000.0,-0.03335296667612592,0.11662000692524607,200616.93395087076
14751000.0,0.03236248424154522,0.1361993692029812,273635.0057946986,14751000.0,0.032585306251511674,0.1254071116012271,231988.14563603897
14751000.0,0.03218984137467418,0.14340824902742821,303367.97279030393,14751000.0,0.03242557532597254,0.12980836807202709,248557.48342988372
14751000.0,0.04854878509753568,0.20980320264608346,649300.4290320056,14751000.0,0.04890099164395502,0.18995724780933163,532271.4846866087
