cur_n,cur_mean,cur_std,cur_S,next_n,next_mean,next_std,next_S
201000.0,-0.0007991208729598075,0.1145981809692451,2639.6813593734296,201000.0,-0.00025185269343994116,0.1151904229822763,2667.0355429139813
201000.0,0.0025365875631493404,0.10293084771356874,2129.5466416178097,201000.0,0.0030363279447824885,0.10326090779036828,2143.225830615879
201000.0,0.005551096650720205,0.05086424712589489,520.0214987725054,201000.0,0.005870358913913095,0.04937441387129521,490.00438177192376
201000.0,0.002915447579356949,0.2108265709551508,8934.016447162154,201000.0,0.002943955811257814,0.20715861081898812,8625.85269732705
201000.0,-0.0019072237952613607,0.2305644870179772,10685.156517446458,201000.0,-0.001847231012400983,0.22756477326343857,10408.930932118483
201000.0,0.001028942781723435,0.06676587667111802,895.9941398202513,201000.0,0.0011243095730718525,0.06323391737664609,803.7041896660972
