cur_n,cur_mean,cur_std,cur_S,next_n,next_mean,next_std,next_S
2101000.0,-0.014098900840993068,0.11842788298905886,29466.86844893673,2101000.0,-0.013472161747685776,0.1197653446329346,30136.193065370797
2101000.0,0.0020789399459390182,0.11678917851827735,28657.035372064493,2101000.0,0.0026712327632826822,0.11653696001703101,28533.39326807329
2101000.0,0.004402784779706747,0.04826607876510554,4894.51976901404,2101000.0,0.0046781867434986905,0.04667082987286487,4576.327524507003
2101000.0,0.004584608908604873,0.18621113656842558,72851.30808980229,2101000.0,0.004599898001309815,0.18223864086233404,69776.14759125996
2101000.0,0.001976386277205592,0.20980093704697533,92478.5261233425,2101000.0,0.0020271296363567597,0.20604758557010305,89199.23139798404
2101000.0,0.00027555213147274066,0.06610914825639182,9182.25133417293,2101000.0,0.0002904180984815431,0.06281517357837235,8290.012412561882
