cur_n,cur_mean,cur_std,cur_S,next_n,next_mean,next_std,next_S
12451000.0,-0.02343131847334149,0.07404364720400632,68262.1305180196,12451000.0,-0.023389077782500867,0.07052909189846075,61935.666762871966
12451000.0,-0.02443140651656047,0.08334063918553264,86480.43930331143,12451000.0,-0.024397749786485453,0.07810982680743142,75965.3569414362
12451000.0,-0.033583189809474924,0.12418207797850594,192009.21790218473,12451000.0,-0.033507210402406465,0.11710054648672627,170734.81048223723
12451000.0,0.0323930056866533,0.136936414380445,233475.94229457647,12451000.0,0.03261242088309036,0.12617911555252104,198234.47772932652
12451000.0,0.03223540501759723,0.14449498615145037,259961.95153622545,12451000.0,0.03247235469030553,0.13081965669395576,213083.70687275683
12451000.0,0.04851891149990062,0.2110858955328916,554782.385652182,12451000.0,0.048871330915965766,0.19112509030245617,454820.0905820123
