cur_n,cur_mean,cur_std,cur_S,next_n,next_mean,next_std,next_S
3951000.0,-0.023977600022067468,0.1313511706049516,68167.11670621914,3951000.0,-0.023326995760969967,0.13272121114168597,69596.54847320508
3951000.0,-0.0027779079805270047,0.10326952976606438,42135.81791928913,3951000.0,-0.0022750079229427738,0.10367303715995699,42465.73770281477
3951000.0,0.003059962450189289,0.05387096920093236,11466.12330578147,3951000.0,0.0032980168755001797,0.05322028731910752,11190.808379179338
3951000.0,0.006724778098208695,0.1919644962537757,145595.80326458716,3951000.0,0.006780115130786948,0.1879977379934945,139640.78363763957
3951000.0,-0.0007747109745765101,0.2297808897426703,208609.8655564771,3951000.0,-0.0007340812442617698,0.2266404175505192,202946.58740538856
3951000.0,6.026224050565792e-05,0.06546416776488514,16932.23673879981,3951000.0,6.375493708232326e-05,0.06260208017974646,15484.04976962688
