cur_n,cur_mean,cur_std,cur_S,next_n,next_mean,next_std,next_S
27601000.0,-0.023407780369570436,0.07351650454502204,149174.4744347441,27601000.0,-0.023363555344055865,0.07015038686664307,135826.64013687297
27601000.0,-0.023705812192490617,0.08065196346849687,179537.30697174693,27601000.0,-0.023669132068480696,0.07590553791898684,159027.32060555945
27601000.0,-0.03306247874685974,0.12161545895607,408227.6183756942,27601000.0,-0.03297981182220089,0.11511361456585144,365744.8326765236
27601000.0,0.03224452983313939,0.13382893246161828,494338.9655044961,27601000.0,0.03246234603768005,0.12308479426803588,418151.4674747102
27601000.0,0.032253035333696445,0.13954958165006556,537504.2404740881,27601000.0,0.03247764028519337,0.1264513074577227,441338.14508754126
27601000.0,0.04878340448624141,0.20551869157992875,1165809.177381423,27601000.0,0.04912374508532624,0.1862675417031483,957633.1753399929
