cur_n,cur_mean,cur_std,cur_S,next_n,next_mean,next_std,next_S
5301000.0,-0.025355174994226924,0.13013963466130335,89779.45622633059,5301000.0,-0.024710456593925467,0.1315402677917721,91722.36571092566
5301000.0,-0.002693995648016025,0.09750716974596545,50400.04285305501,5301000.0,-0.0022008011699537217,0.09786215283778461,50767.682078601385
5301000.0,0.0033467369970735933,0.052650128631936834,14694.563074330283,5301000.0,0.003597950877438098,0.05184363662784495,14247.82985429894
5301000.0,0.006787977850527496,0.1883742211305945,188105.17493594455,5301000.0,0.0068368788984861425,0.1843645995557162,180182.6098230692
5301000.0,-0.0009665406935979146,0.2232365724796516,264173.041217345,5301000.0,-0.0009297999591965973,0.22002335684914145,256622.88134113178
5301000.0,-2.5004542104808356e-05,0.06516061520459311,22507.54650713141,5301000.0,-8.639344868537454e-06,0.06216562075811036,20486.055906882608
