cur_n,cur_mean,cur_std,cur_S,next_n,next_mean,next_std,next_S
1851000.0,-0.012648876466819423,0.1188969144535283,26166.617569420385,1851000.0,-0.012016340862793773,0.12020498092726813,26745.538500930783
1851000.0,0.002280861444525209,0.11580339462873337,24822.698910153125,1851000.0,0.002858789100613581,0.1155941523570373,24733.07691747175
1851000.0,0.00428661974519952,0.04786339684248897,4240.46470576523,1851000.0,0.004552544704837493,0.04628790968299525,3965.898148801904
1851000.0,0.004616947880194271,0.18832964349359735,65651.36909870555,1851000.0,0.004641719856994913,0.18436143952098696,62913.89884754573
1851000.0,0.001627506972706574,0.21037925322225848,81924.20527494338,1851000.0,0.0016705327778654608,0.20668226547798493,79070.20145562076
1851000.0,0.00019872116375166916,0.06585282740579664,8027.0371179519725,1851000.0,0.00021200025250894973,0.0625934294254231,7252.102140792768
