cur_n,cur_mean,cur_std,cur_S,next_n,next_mean,next_std,next_S
29851000.0,-0.02345832219977231,0.07349782147270971,161253.00530260534,29851000.0,-0.023414770322749485,0.07013885712412218,146850.77892781777
29851000.0,-0.023756742240369517,0.08050823768147722,193481.5351634648,29851000.0,-0.023719095163339268,0.07581066933537992,171561.3861721727
29851000.0,-0.033109495492778966,0.12154761292057374,441013.36669189204,29851000.0,-0.033024677248135445,0.11510141540844664,395476.07283230877
29851000.0,0.03218345185066708,0.13340948767674665,531290.8264462369,29851000.0,0.03240295684027788,0.12264065307253409,448980.8248436073
29851000.0,0.03226061233941824,0.13911974130500174,577745.2815624232,29851000.0,0.03248474971997188,0.12606356362083337,474392.7508946724
29851000.0,0.04883075108755089,0.20507036490089137,1255349.6124880149,29851000.0,0.04917760763074257,0.1858479599476253,1031037.5463325366
