cur_n,cur_mean,cur_std,cur_S,next_n,next_mean,next_std,next_S
19101000.0,-0.02336889294866833,0.07365585462837378,103626.45717671113,19101000.0,-0.02332631955706504,0.07022202860816909,94189.57719857033
19101000.0,-0.023909039286921778,0.08190569971040362,128139.89216411558,19101000.0,-0.02387703424915056,0.07690176322976457,112961.04456906115
19101000.0,-0.03318325940671138,0.12251176357818397,286689.4344394188,19101000.0,-0.033103027498699894,0.11576425806853739,255979.4431850816
19101000.0,0.03238678474529518,0.13536212369816758,349985.79946722224,19101000.0,0.03260570353872506,0.12464052464850287,296739.008607277
19101000.0,0.03222392805199559,0.14191661019482096,384700.3334837546,19101000.0,0.032451372342745734,0.12852597116083098,315527.99144540663
19101000.0,0.04879803654078084,0.20816679456622178,827711.5476898936,19101000.0,0.049139543849278954,0.18866791503679795,679911.2149209133
