cur_n,cur_mean,cur_std,cur_S,next_n,next_mean,next_std,next_S
4001000.0,-0.01748673228964693,0.06493074360899406,16868.22186393331,4001000.0,-0.017446798934182876,0.06125177542217426,15010.87174946625
4001000.0,-0.018336126110226777,0.08005560075184665,25642.00574616801,4001000.0,-0.018284877872545586,0.07386719679580775,21830.907412644836
4001000.0,-0.024468497751057108,0.10576750363817312,44758.24606822972,4001000.0,-0.024422349252670488,0.09960234536428782,39692.42943546954
4001000.0,0.03230312744948055,0.1509346217940389,91147.82148449437,4001000.0,0.03250415243959857,0.14169415878787933,80329.01577305366
4001000.0,0.03186114538221338,0.15630789817431556,97753.06828572048,4001000.0,0.03208572830386066,0.14257745053169427,81333.64592987101
4001000.0,0.0493624362369431,0.22604079341224598,204428.8555860371,4001000.0,0.04970440434175076,0.21053695677793277,177347.56648742183
