cur_n,cur_mean,cur_std,cur_S,next_n,next_mean,next_std,next_S
8451000.0,-0.023597990750217877,0.0747101849649511,47170.2007935889,8451000.0,-0.023556535015804337,0.07111565178814327,42740.391038112415
8451000.0,-0.024846084823562604,0.08470743737542673,60638.882399661765,8451000.0,-0.024813763242196935,0.0793414013875351,53199.534939439865
8451000.0,-0.03390472011949002,0.12539211492395166,132876.61518159276,8451000.0,-0.03382675455222896,0.11822298466403959,118116.87284338598
8451000.0,0.03254748567825426,0.13859106397652637,162322.43895254473,8451000.0,0.03276845099255268,0.12778529479679052,137997.06831682374
8451000.0,0.03221656599230639,0.14671231494433554,181903.57786431018,8451000.0,0.03245562551430228,0.13293247452168433,149337.98255455468
8451000.0,0.048591612523703594,0.21373974289114503,386081.21116810123,8451000.0,0.04893833533929826,0.19376823631498458,317302.3395984411
