cur_n,cur_mean,cur_std,cur_S,next_n,next_mean,next_std,next_S
1901000.0,-0.017799508951982856,0.06581968356748848,8235.57064610112,1901000.0,-0.017743765722254615,0.06211503381460843,7334.585386426692
1901000.0,-0.01899854598716808,0.08235621354118934,12893.619772708602,1901000.0,-0.01895597989000422,0.0759327762885346,10960.760164795705
1901000.0,-0.024972536957239003,0.10699939981235726,21764.304835949093,1901000.0,-0.024935216523159186,0.10061366086020312,19244.029736966433
1901000.0,0.03235650822120449,0.15084644272028835,43256.58828387531,1901000.0,0.03256723076468535,0.14155194120250247,38090.245862631964
1901000.0,0.032158144955857115,0.15861706502722872,47827.96867723686,1901000.0,0.032415364075587864,0.14440389926745908,39640.576121051934
1901000.0,0.0487789032174448,0.22448676551932042,95799.5793052134,1901000.0,0.04907431962918851,0.20844970783459982,82600.88460372337
