cur_n,cur_mean,cur_std,cur_S,next_n,next_mean,next_std,next_S
9451000.0,-0.003532389830247878,0.08204877164524133,63624.14077518693,9451000.0,-0.008059862802517134,0.0860969748208946,70057.32443185053
9451000.0,-0.023063236365019026,0.15649791585082848,231470.08953808647,9451000.0,-0.025673580714060215,0.15191464118170397,218110.72809891286
9451000.0,-2.7424579943366144e-05,0.022003275581186383,4575.646232186733,9451000.0,-2.500015766189561e-05,0.020768504263294532,4076.507100980201
9451000.0,-0.0014144776896957464,0.22822154036298004,492256.0106108907,9451000.0,0.001376541842672245,0.23011162667195428,500443.3102555712
9451000.0,-0.0021885142009591455,0.4398401175086511,1828384.1180956971,9451000.0,-0.003748993849700316,0.4325366630743022,1768168.356302529
9451000.0,-6.776931424050721e-05,0.08606554040538954,70006.1772450632,9451000.0,0.0003092278097730362,0.08566744038191809,69360.04163836228
