cur_n,cur_mean,cur_std,cur_S,next_n,next_mean,next_std,next_S
1851000.0,-0.0178416059612487,0.06590415927367331,8039.556045913515,1851000.0,-0.01778254953691466,0.062192656970773044,7159.532101586938
1851000.0,-0.019050074788324805,0.08245184232981952,12583.664967929206,1851000.0,-0.019005840906386698,0.07601908922354324,10696.74746572388
1851000.0,-0.024881275389796894,0.10661508138479747,21039.90159614962,1851000.0,-0.024838723468491527,0.10023610977309769,18597.51102722475
1851000.0,0.03241662923851457,0.1509746126934982,42190.46063788877,1851000.0,0.03262938683456416,0.14166197500888697,37146.081167487675
1851000.0,0.03220307402755993,0.15878121846919824,46666.44085168059,1851000.0,0.032457895710051796,0.14453214082046625,38666.53804050225
1851000.0,0.0485136757001517,0.22358223536309746,92529.66856039506,1851000.0,0.0488185713112529,0.2075726049021132,79752.90105212611
