cur_n,cur_mean,cur_std,cur_S,next_n,next_mean,next_std,next_S
2101000.0,-0.005798471908677054,0.09409483442184993,18601.913354103122,2101000.0,-0.01032334632066038,0.09808033985825841,20211.101193160805
2101000.0,-0.01924297796265433,0.16729631111040205,58802.905049122855,2101000.0,-0.021853388479232128,0.16274832135664521,55649.220835356704
2101000.0,3.875299511361501e-05,0.023230977709836693,1133.8641615707063,2101000.0,4.267682923678626e-05,0.0220634261934866,1022.7558231057995
2101000.0,-0.0012857817779392288,0.2570263176952398,138797.3713027341,2101000.0,0.0015077074990864521,0.25896245008570223,140896.31771477303
2101000.0,-0.0021922199121327257,0.44947461100685177,424459.6218994372,2101000.0,-0.0037519824391868814,0.44219531166999493,410822.5933858033
2101000.0,7.211500387761036e-06,0.08624061857043168,15626.07045625385,2101000.0,0.0003842155726767361,0.08584344601401961,15482.473266703551
