cur_n,cur_mean,cur_std,cur_S,next_n,next_mean,next_std,next_S
13701000.0,-0.023484646883888585,0.07405361978135919,75135.44279589568,13701000.0,-0.023441262177565567,0.07054872582632579,68191.55832805352
13701000.0,-0.02433470928903482,0.08301710576546904,94425.09778039818,13701000.0,-0.024301430798596476,0.077822447393348,82977.82279389698
13701000.0,-0.03354660553855066,0.12403236708425629,210776.56878605924,13701000.0,-0.03346910209791934,0.11699398765117196,187533.7137005058
13701000.0,0.032437503596028684,0.13666861973177366,255911.54749723713,13701000.0,0.03265886230769556,0.12590730316591628,217197.1438190316
13701000.0,0.03218142863265656,0.14383090154679684,283437.08421301155,13701000.0,0.032416671662868796,0.13019565712124462,232244.40603442118
13701000.0,0.04860744873281411,0.21061606226982885,607764.3810245494,13701000.0,0.0489616633822856,0.19071513400851514,498336.3663187765
