cur_n,cur_mean,cur_std,cur_S,next_n,next_mean,next_std,next_S
701000.0,-0.01477513697369017,0.16991666367226116,20239.042488052135,701000.0,-0.014126068032110167,0.17151977698191082,20622.74276104302
701000.0,-0.011673871219127266,0.17301664214747098,20984.265680450204,701000.0,-0.011073804704202043,0.17394589620903417,21210.279540382828
701000.0,-0.000570463725358358,0.08073615282902448,4569.346787915751,701000.0,-0.0002905862450185521,0.08142731623080961,4647.915887815142
701000.0,0.008259216297439467,0.22244922255123253,34688.04328616709,701000.0,0.008266174754189629,0.21917129773539637,33673.27648346345
701000.0,0.0025419785128110244,0.26955877077520335,50936.013562188884,701000.0,0.00260479225321836,0.2667494733089809,49879.85233894373
701000.0,0.0016893022230512857,0.0726686141448536,3701.789964695264,701000.0,0.0016724157854126039,0.07053606657977043,3487.7110186706113
