cur_n,cur_mean,cur_std,cur_S,next_n,next_mean,next_std,next_S
3601000.0,-0.01755697193496991,0.06519903822672994,15307.543423071822,3601000.0,-0.017512696272955836,0.06150322763049696,13621.31187929638
3601000.0,-0.018347382336319808,0.0801968197633592,23159.93917046435,3601000.0,-0.018298617963038916,0.07397467964900938,19705.583878253994
3601000.0,-0.024582987212264137,0.10603364161572328,40486.522488604205,3601000.0,-0.02454276893433366,0.0998031529944707,35868.37032084346
3601000.0,0.03242387427318879,0.1513327702977226,82468.68812490575,3601000.0,0.03262746433739985,0.14208611164795046,72698.65570676506
3601000.0,0.031885630669125926,0.15650094926283356,88197.66217972498,3601000.0,0.03211362872782938,0.1426828079520112,73310.5396499389
3601000.0,0.04938457681472754,0.22623415596992366,184305.9978720529,3601000.0,0.04972840103223562,0.2105715462420777,159669.69428849284
