cur_n,cur_mean,cur_std,cur_S,next_n,next_mean,next_std,next_S
19001000.0,-0.02337283124166331,0.07366263082969057,103102.90661745507,19001000.0,-0.02333012320989288,0.0702281155339858,93712.70800585374
19001000.0,-0.02391342573570215,0.08191112059750122,127485.91130490691,19001000.0,-0.023881857431407437,0.07690485057730778,112378.679160085
19001000.0,-0.03317869865326751,0.12251739366292508,285214.7337609169,19001000.0,-0.03309815676609523,0.11576651542468469,254649.23766399498
19001000.0,0.03238306401139856,0.13537031802680602,348195.6621738962,19001000.0,0.03260149350219263,0.12464613925688772,295212.0772613331
19001000.0,0.03221256687524189,0.14190553710872156,382626.5849616424,19001000.0,0.03244074149700189,0.12851606575752972,313827.7203772381
19001000.0,0.04877961102301778,0.20815574313637922,823290.7834259081,19001000.0,0.049119105447716124,0.1886516644204533,676235.1487340279
