cur_n,cur_mean,cur_std,cur_S,next_n,next_mean,next_std,next_S
351000.0,-0.019530716094144116,0.06944618302405214,1692.793090150162,351000.0,-0.01944613993512826,0.06570745915091271,1515.4320360121708
351000.0,-0.021640534629400705,0.08612531290963177,2603.5669028474767,351000.0,-0.02160282055372651,0.07925253458019607,2204.6184473221965
351000.0,-0.028856934366286727,0.11506035252922397,4646.848538176403,351000.0,-0.028759174001177182,0.10800226409448924,4094.235656387066
351000.0,0.032832497757354605,0.14721334373267767,7606.790769107382,351000.0,0.03307787958804964,0.1370580027293069,6593.498535363492
351000.0,0.031027273998189442,0.15838514613900756,8805.134935633649,351000.0,0.031270505251546475,0.14256091397360182,7133.588581739034
351000.0,0.04973894142021126,0.22113551820661168,17164.222011789847,351000.0,0.05004020655394156,0.20330958118199602,14508.509815939919
