cur_n,cur_mean,cur_std,cur_S,next_n,next_mean,next_std,next_S
28601000.0,-0.0234416232754219,0.07352804435112795,154627.6829278072,28601000.0,-0.023397487410391774,0.0701659145240494,140810.0323000525
28601000.0,-0.023742044363928502,0.08061588480565092,185875.6361746252,28601000.0,-0.02370559903227951,0.07589489984169911,164742.78454449406
28601000.0,-0.03311552083268332,0.12166568520331315,423367.4166803184,28601000.0,-0.033031508957965326,0.11518709282189782,379479.96575530316
28601000.0,0.03221674093654627,0.13363320843494159,510751.92157762975,28601000.0,0.0324346369287674,0.12287715725045613,431840.65793083893
28601000.0,0.03226284595919869,0.13935756741962474,555446.6242090935,28601000.0,0.03248842663174944,0.1262860326772562,456133.3827737745
28601000.0,0.04883478076368056,0.20540298195240075,1206687.2012402297,28601000.0,0.049178613853206536,0.18614222306591247,990993.9670737174
