cur_n,cur_mean,cur_std,cur_S,next_n,next_mean,next_std,next_S
23451000.0,-0.023235942736998687,0.07330253701014293,126008.36557022523,23451000.0,-0.023190201496369058,0.06992066395332647,114649.57625720312
23451000.0,-0.023721550508395455,0.08117475287731479,154526.6241755585,23451000.0,-0.023686489472080543,0.0763167709862196,136584.47581627822
23451000.0,-0.033086025509202234,0.1219599673777976,348815.6531571493,23451000.0,-0.033006058316708844,0.11535594701517972,312062.3282954936
23451000.0,0.03221369372654468,0.13431446405456124,423064.8400877455,23451000.0,0.032431905463711434,0.12363029078869774,358435.6088204776
23451000.0,0.032268998584459925,0.14073685202507843,464490.70945694885,23451000.0,0.032494008169580424,0.12753148540665588,381413.6248869285
23451000.0,0.048879333022067525,0.20692996590462456,1004172.0730196183,23451000.0,0.0492176645630193,0.18763663155361354,825651.2114989448
