cur_n,cur_mean,cur_std,cur_S,next_n,next_mean,next_std,next_S
9301000.0,-0.023468474380212954,0.0743620510776525,51431.87587106168,9301000.0,-0.02342365605895802,0.07078283722575288,46599.96363531079
9301000.0,-0.0246966543501324,0.08429899012421688,66095.87986419014,9301000.0,-0.024663701968478297,0.07896676850965446,57998.71566890227
9301000.0,-0.033664530683732014,0.12474697350169753,144740.37060724685,9301000.0,-0.033582674381626244,0.11759496128689,128619.57533152601
9301000.0,0.03246342628728983,0.13818042429530777,177591.70965306938,9301000.0,0.03268639181920845,0.1274260042022422,151023.93227318054
9301000.0,0.032272067585447616,0.14633016218644496,199157.81471562048,9301000.0,0.032505675210373786,0.13260399748736118,163547.11121169088
9301000.0,0.048520427938196414,0.21305144259039438,422180.9207827773,9301000.0,0.04886160502672182,0.1930904443860949,346777.7372526556
