cur_n,cur_mean,cur_std,cur_S,next_n,next_mean,next_std,next_S
22351000.0,-0.02326249431570555,0.07340414273626919,120430.94678659191,22351000.0,-0.023217443719383887,0.07001287160113105,109560.1807450348
22351000.0,-0.023734995121495222,0.08127073145237539,147626.83045626283,22351000.0,-0.02370032460441241,0.07638402159802542,130407.32870390365
22351000.0,-0.03308877653308787,0.12203841620560502,332881.82529491483,22351000.0,-0.033009213902393676,0.11540910974635368,297698.8386507785
22351000.0,0.03228350554733362,0.1346550107157396,405267.70417954115,22351000.0,0.032501707416879584,0.12396618611953254,343481.5695931557
22351000.0,0.032238912787616786,0.1409228484732196,443874.0793565861,22351000.0,0.03246353534623967,0.12769887676874442,364477.82691390504
22351000.0,0.04886292916327609,0.20721133611141396,959674.5566600922,22351000.0,0.04920364336187594,0.18790194502386384,789149.907233782
