cur_n,cur_mean,cur_std,cur_S,next_n,next_mean,next_std,next_S
3701000.0,-0.01755050020123226,0.06515649542792931,15712.110285760615,3701000.0,-0.017507767803034115,0.06146112769887184,13980.417276881031
3701000.0,-0.018327557245933344,0.08007873781473246,23733.048329252448,3701000.0,-0.018277020172448838,0.07387279011794619,20197.056932417283
3701000.0,-0.024555594817372003,0.10596480700489405,41556.82773758603,3701000.0,-0.024510263590685918,0.09975493929970441,36828.828332259225
3701000.0,0.03242666525514844,0.1513056216196459,84728.44058585129,3701000.0,0.03262986309292756,0.14204771387489515,74677.12371622819
3701000.0,0.031859661162693335,0.15629205705326035,90405.0934694744,3701000.0,0.03208649044590858,0.14252024104103578,75174.78271276767
3701000.0,0.049370347383796344,0.22616073825422806,189301.26293200828,3701000.0,0.04971791135435973,0.21055156538943487,164072.5902070714
