cur_n,cur_mean,cur_std,cur_S,next_n,next_mean,next_std,next_S
16301000.0,-0.023487783060236102,0.07387602378918658,88965.42798856842,16301000.0,-0.02344444906931408,0.07040610998566392,80804.3882903318
16301000.0,-0.02415099595538266,0.08244843003818615,110810.01868053108,16301000.0,-0.024119840478124703,0.0773525034753797,97535.56305050456
16301000.0,-0.03340638377085515,0.12332379818157205,247917.9836854425,16301000.0,-0.03333247351553149,0.11641974879239358,220936.54747271852
16301000.0,0.03237868462671581,0.1357724290824696,300495.1198854529,16301000.0,0.032600108708832336,0.12499987096448004,254702.59914826867
16301000.0,0.03217159196396731,0.14259990383134397,331476.475667722,16301000.0,0.03240090224031365,0.1290872863521507,271632.16174102086
16301000.0,0.048676738562766726,0.20908571149168467,712628.1232594891,16301000.0,0.0490241996326066,0.1893641571686942,584534.0383134418
