cur_n,cur_mean,cur_std,cur_S,next_n,next_mean,next_std,next_S
1251000.0,-0.008688995123409142,0.11754005330771901,17283.395828608365,1251000.0,-0.008094958478010639,0.11876246272283052,17644.75771254163
1251000.0,0.0025204831638051314,0.11625923437031786,16908.778180041998,1251000.0,0.003108868021897832,0.11599430654884121,16831.80361883493
1251000.0,0.004008931120505296,0.047228151556492064,2790.3533726031724,1251000.0,0.004268116036827038,0.04571567065315043,2614.4931016274168
1251000.0,0.004288238052110652,0.18982059077163527,45075.852707796665,1251000.0,0.004290089827609157,0.18602168628451524,43289.6887779364
1251000.0,0.0012016830332125222,0.21580835295725065,58263.12975285772,1251000.0,0.0012566146102707433,0.21218190977257087,56321.474706254
1251000.0,0.000322899512880255,0.06516081147849553,5311.66012202258,1251000.0,0.00033037925796389856,0.06196419787115905,4803.291834088007
