cur_n,cur_mean,cur_std,cur_S,next_n,next_mean,next_std,next_S
3151000.0,-0.017501228644333955,0.06501509491383374,13319.159047529307,3151000.0,-0.017455006827846824,0.06132817369140874,11851.36754310766
3151000.0,-0.018411725167423322,0.08054946023807766,20444.36718117845,3151000.0,-0.01836107756882447,0.07430055997506173,17395.326192927005
3151000.0,-0.024700591164339054,0.10638441591253674,35661.896083461594,3151000.0,-0.02465791387068988,0.10011318628747597,31581.37036625586
3151000.0,0.03218884039627921,0.15068938075532937,71550.66912761,3151000.0,0.03239690487276716,0.1414726583734943,63065.73067494705
3151000.0,0.03185752763354239,0.15664530289722464,77318.45314817401,3151000.0,0.03208973704488836,0.14282690191954556,64278.89984650873
3151000.0,0.04935555671451049,0.2263749385297153,161474.92591494133,3151000.0,0.04969949540700519,0.21061853056957258,139778.88123617013
