cur_n,cur_mean,cur_std,cur_S,next_n,next_mean,next_std,next_S
7951000.0,-0.0036188492803883566,0.08271865850523397,54403.73527246376,7951000.0,-0.008146663649388947,0.08675481591579727,59842.39117052635
7951000.0,-0.02284786621294872,0.15697872858033549,195931.0960734809,7951000.0,-0.02545889010614901,0.1524023740666619,184673.77127180132
7951000.0,-1.0307012927749413e-05,0.022081812537990356,3876.958843900401,7951000.0,-9.758937615875535e-06,0.02085259227610494,3457.338137440731
7951000.0,-0.0014316123310629011,0.22990321407211636,420253.98382132116,7951000.0,0.0013595344968575275,0.23179479727432703,427197.9117734421
7951000.0,-0.0022225134313023477,0.44014272634759477,1540312.4010952713,7951000.0,-0.00378294958326273,0.4328399976862949,1489623.5360603177
7951000.0,-0.00016158869325564665,0.08609584847592401,58936.748737199465,7951000.0,0.00021540894040249833,0.0856985683816279,58394.08899477406
