cur_n,cur_mean,cur_std,cur_S,next_n,next_mean,next_std,next_S
5201000.0,-0.017596611369502895,0.06503521823538393,21998.043556415796,5201000.0,-0.017548415907967605,0.061387273321225656,19599.434491563105
5201000.0,-0.018534989765219518,0.08019557564159195,33449.34916328123,5201000.0,-0.018490788218748198,0.0740043010477956,28483.986819151927
5201000.0,-0.024239112651030546,0.10511315853198869,57464.684478265706,5201000.0,-0.024176517347673978,0.09902893664403153,51004.80425310042
5201000.0,0.03240004907423385,0.1510852651904463,118721.96501722855,5201000.0,0.032610359394391435,0.141893765449359,104716.10534234146
5201000.0,0.031941477093769495,0.1563106202469949,127076.08502040332,5201000.0,0.03216836160737207,0.14259278110585438,105750.37906343442
5201000.0,0.04928868599204504,0.22529651339978723,263995.0570594728,5201000.0,0.04961844780163195,0.20987594157506456,229093.18434135558
