cur_n,cur_mean,cur_std,cur_S,next_n,next_mean,next_std,next_S
4451000.0,-0.017539651856095947,0.0650806052415697,18852.144529988786,4451000.0,-0.0174934893297931,0.06141892137125211,16790.435649618226
4451000.0,-0.018415768909848404,0.08022878414218469,28649.56388975797,4451000.0,-0.018369593135413982,0.07402131854092234,24387.721569086818
4451000.0,-0.024431361999367802,0.10572650283994463,49753.693735706205,4451000.0,-0.024375287598365113,0.09959207233176239,44147.60345831204
4451000.0,0.032410101314492304,0.15136436704569192,101977.62484119726,4451000.0,0.032613843514140095,0.1421300226659843,89914.3988198408
4451000.0,0.031942800207860736,0.15661670479114725,109177.65416960594,4451000.0,0.032168603149756385,0.14284622919734696,90822.85616695526
4451000.0,0.049459235882607464,0.22621258728909885,227767.17131837338,4451000.0,0.049799014028661014,0.210784069702784,197757.5919041235
