cur_n,cur_mean,cur_std,cur_S,next_n,next_mean,next_std,next_S
6901000.0,-0.017781800812450916,0.06520059342885796,29336.9610633626,6901000.0,-0.0177381122617459,0.061537477247573476,26133.128492475797
6901000.0,-0.01874313102509893,0.08024444317047762,44436.71672286583,6901000.0,-0.01870218395993556,0.0741133735740724,37905.75857559962
6901000.0,-0.023854647318799185,0.10395263500831547,74573.24339401234,6901000.0,-0.023787948553141945,0.09797363229471129,66241.54394525815
6901000.0,0.03256197222434365,0.15121614549485984,157800.4926650844,6901000.0,0.03278112015443109,0.141995308833916,139142.57001052122
6901000.0,0.03227292152130993,0.15677508260576845,169615.72145624014,6901000.0,0.03250385031036372,0.14318601116287225,141485.91540365852
6901000.0,0.048888450143869486,0.22362306578214117,345100.2085691962,6901000.0,0.04922461023502953,0.2083520734379183,299576.4574770758
