cur_n,cur_mean,cur_std,cur_S,next_n,next_mean,next_std,next_S
32401000.0,-0.02350225765373965,0.0735344230374363,175202.29574630753,32401000.0,-0.023458862007213702,0.07018199573871657,159591.53135068898
32401000.0,-0.02377357358141215,0.08034505030194104,209159.05362700255,32401000.0,-0.02373598298139781,0.07568634523163285,185606.6289093645
32401000.0,-0.03299625012186373,0.1212423293796431,476285.05854465393,32401000.0,-0.03291270517005672,0.11485434311602205,427418.44381679123
32401000.0,0.032208042637170704,0.13333349447200615,576019.1700597227,32401000.0,0.0324266433192389,0.12257671643372967,486826.69078968075
32401000.0,0.03228323114493947,0.13886199125501617,624777.2273886006,32401000.0,0.0325045043920395,0.12585489317989584,513214.1535034024
32401000.0,0.0488335409080326,0.20465799674218182,1357112.5033245727,32401000.0,0.0491813186374289,0.1855125795980982,1115077.7318453484
