cur_n,cur_mean,cur_std,cur_S,next_n,next_mean,next_std,next_S
1001000.0,-0.018456655011604334,0.06724011407470916,4525.75417372068,1001000.0,-0.01838063403643966,0.06349662324723346,4035.8529849649085
1001000.0,-0.020141208190427713,0.08419700846269457,7096.225370301128,1001000.0,-0.020095803479035248,0.07761467553841117,6030.061896791774
1001000.0,-0.025627371927945213,0.10832470887154201,11745.976794656435,1001000.0,-0.025572079276310698,0.10179899392121015,10373.398198533952
1001000.0,0.032923876174104916,0.15125929626988502,22902.254082768915,1001000.0,0.033105986009969515,0.14179493503565596,20125.909405367664
1001000.0,0.032468515393781185,0.16044598582234462,25768.657280870517,1001000.0,0.032720390706244926,0.1457423965683225,21262.087003635654
1001000.0,0.048752853231547114,0.22299887225321527,49778.22552323203,1001000.0,0.04904286624695651,0.2066994203677796,42767.37503075644
