cur_n,cur_mean,cur_std,cur_S,next_n,next_mean,next_std,next_S
601000.0,-0.0014134442942453358,0.10808769391133038,7021.452694616738,601000.0,-0.0008696779750439678,0.10902778563320804,7144.121882088541
601000.0,0.002067433347930674,0.10629004474907801,6789.841741269365,601000.0,0.002600815200554576,0.10637312194801794,6800.459884853705
601000.0,0.004473202420900934,0.05101877006082633,1564.351854010201,601000.0,0.004770394277110193,0.04944834599811244,1469.5284920913746
601000.0,0.0031648320462933583,0.19972011036186893,23972.76161225722,601000.0,0.003171893897495621,0.19608372857896522,23107.74599667101
601000.0,-0.0013858541460226763,0.2290142696826859,31520.968966694683,601000.0,-0.001355867227266308,0.2257909921424988,30639.924851749063
601000.0,0.0010851780278194963,0.06769902564649126,2754.4780021640527,601000.0,0.0011115988357890062,0.06426221104514306,2481.908692814714
