cur_n,cur_mean,cur_std,cur_S,next_n,next_mean,next_std,next_S
23551000.0,-0.023244150371068164,0.07332805902518703,126633.82686569133,23551000.0,-0.02319801184308978,0.06994766414436064,115227.40586411035
23551000.0,-0.02370989489361429,0.08113408828110152,155030.1163626725,23551000.0,-0.023674892243328752,0.07627915372538138,137031.71236086462
23551000.0,-0.033083891717283084,0.12195208025023263,350257.76992168603,23551000.0,-0.03300429132759729,0.11535043712982017,313363.0905226021
23551000.0,0.03222650614916943,0.13434140936999875,425039.36370851076,23551000.0,0.032444704014376144,0.12365803742438582,360125.646982996
23551000.0,0.03225636511077574,0.14067111989128023,466035.7598920178,23551000.0,0.03248093292110653,0.127469815258707,382669.69059299544
23551000.0,0.04887687195838553,0.2069006782491891,1008168.6329330587,23551000.0,0.04921543706482484,0.18761198243134064,828954.1259212578
