cur_n,cur_mean,cur_std,cur_S,next_n,next_mean,next_std,next_S
9451000.0,-0.02348348170619607,0.07441310698974422,52333.12145863615,9451000.0,-0.023438782125173557,0.0708350461607252,47421.37317915965
9451000.0,-0.024682219416373708,0.08424002869413803,67067.91038741232,9451000.0,-0.024648990759817888,0.07891525951586796,58857.21946130111
9451000.0,-0.033664898349440794,0.12472279941651505,147017.64553775603,9451000.0,-0.03358342596871451,0.11757516790455678,130649.86893867339
9451000.0,0.03250321742495456,0.13827905115628963,180713.47818905025,9451000.0,0.03272635786813287,0.1275190670387822,153683.77384472996
9451000.0,0.03228382829721338,0.14624473329727292,202133.47058446726,9451000.0,0.032518336801259984,0.1325340064374461,166009.29931217385
9451000.0,0.04855327710020172,0.21299975105767263,428781.416727409,9451000.0,0.04889444246030097,0.19304948102219102,352220.8331638804
