cur_n,cur_mean,cur_std,cur_S,next_n,next_mean,next_std,next_S
251000.0,-0.03589936427630956,0.2325280342517551,13571.390964959333,251000.0,-0.03510597053751678,0.23479807806750605,13837.664503512862
251000.0,-0.037795074268394874,0.24835514257556948,15481.749487776593,251000.0,-0.0370434723309227,0.24982367444498946,15665.378946612216
251000.0,-0.009006335410160951,0.11904109736676259,3556.866498433046,251000.0,-0.008646121099815381,0.12111407480075072,3681.823397825302
251000.0,0.015433303079564505,0.23865449238345074,14295.947650435439,251000.0,0.015416648773193927,0.2354325383252668,13912.548505671833
251000.0,0.011428984976017785,0.2598381301762296,16946.479327263285,251000.0,0.011459840685364065,0.25674891734141636,16545.921645553353
251000.0,0.005220382745728146,0.08627233485994715,1868.1718563088998,251000.0,0.005225954979399966,0.08534211799500156,1828.1025530720651
