cur_n,cur_mean,cur_std,cur_S,next_n,next_mean,next_std,next_S
6101000.0,-0.003873021498176247,0.08395271995889815,43000.20910902126,6101000.0,-0.008399822992955464,0.08798746443380787,47232.68456859017
6101000.0,-0.02252593927339421,0.1582040131079968,152698.93806696235,6101000.0,-0.025135774656354432,0.15362411013118912,143985.84037017194
6101000.0,-1.2939594774733246e-05,0.022211566255413324,3009.950774339075,6101000.0,-1.0908105502717724e-05,0.020989388091237602,2687.8224703244246
6101000.0,-0.0013811083853428052,0.2327673212679842,330555.9983125153,6101000.0,0.001410345564220921,0.23466186609507356,335958.8337266548
6101000.0,-0.002163143338276531,0.4412291684318392,1187762.0755368941,6101000.0,-0.003723484705715185,0.43392685415862087,1148772.6325507418
6101000.0,-8.74159329432637e-05,0.08605345936342172,45179.11219518207,6101000.0,0.0002895832370018609,0.08565553203353375,44762.244894649084
