cur_n,cur_mean,cur_std,cur_S,next_n,next_mean,next_std,next_S
3551000.0,-0.0045813176270954265,0.08801458534919504,27508.060248611313,3551000.0,-0.00910559047621147,0.09203941885447257,30081.42516651817
3551000.0,-0.021122728037937584,0.16150311776376994,92621.64577538182,3551000.0,-0.023734440196387225,0.15694944999442945,87472.24410996994
3551000.0,-2.7595164174326287e-05,0.0227121726802613,1831.757739683786,3551000.0,-2.0051606123076275e-05,0.02150155266514385,1641.686839659451
3551000.0,-0.0012550784745828025,0.2424285495687869,208697.95744503746,3551000.0,0.0015372073029219886,0.24433172457667787,211987.5682945128
3551000.0,-0.0022571038961434415,0.4444354227325827,701403.622522167,3551000.0,-0.003817235735652752,0.43714857539844665,678592.1121307373
3551000.0,0.00018819585050746713,0.0863563117383494,26481.272061108037,3551000.0,0.0005651965278238488,0.0859580669691622,26237.59072289323
