cur_n,cur_mean,cur_std,cur_S,next_n,next_mean,next_std,next_S
12951000.0,-0.023453841830311656,0.07404846258048275,71012.59697121488,12951000.0,-0.023411335128627843,0.07053697189505378,64437.23949780485
12951000.0,-0.02439513330351752,0.08321487920144865,89681.99847674693,12951000.0,-0.024363244204996002,0.07799742782311751,78788.68737268745
12951000.0,-0.033569323562253915,0.12418349269914494,199724.36271337263,12951000.0,-0.03349460495864918,0.11711961312572838,177648.91593820648
12951000.0,0.03241942602542779,0.13684750570448664,242536.48287695413,12951000.0,0.03263921541659193,0.1260809081753464,205874.21690725198
12951000.0,0.03221898799894735,0.1442588461493834,269518.27088064386,12951000.0,0.032455529437250434,0.13059189452382133,220869.49999632064
12951000.0,0.048568515185432294,0.21097783350113133,576470.3303095915,12951000.0,0.048917691822631046,0.19104077885636186,472667.1970384735
