cur_n,cur_mean,cur_std,cur_S,next_n,next_mean,next_std,next_S
14801000.0,-0.023474433136629173,0.07392078784223763,80876.8508360884,14801000.0,-0.023430011685279414,0.0704235844739123,73405.2819835332
14801000.0,-0.024279349152383823,0.08283128868010436,101549.99231160482,14801000.0,-0.024245644645381252,0.07767440477023746,89299.06802803458
14801000.0,-0.0334281050506882,0.1236210552614191,226191.32866371714,14801000.0,-0.03335407587718711,0.11663012410717156,201331.873154812
14801000.0,0.0323755504233159,0.13621050871456197,274607.4330300248,14801000.0,0.03259775787000919,0.12541267581760712,232795.14932409255
14801000.0,0.03220250015836428,0.1434000778258523,304361.58192513575,14801000.0,0.03243890320685366,0.12980635044283143,249392.2411948653
14801000.0,0.04855692748857016,0.20980771955384914,651529.3512081061,14801000.0,0.04890884222163862,0.18996617761924808,534125.8870098013
