cur_n,cur_mean,cur_std,cur_S,next_n,next_mean,next_std,next_S
18901000.0,-0.02338421048677554,0.0736915818315566,102640.92094985218,18901000.0,-0.02334124967618663,0.07025660279038484,93295.15144394337
18901000.0,-0.02392123352206685,0.08192112688481065,126845.95353949003,18901000.0,-0.023889988419558274,0.07691116301810506,111805.59556647013
18901000.0,-0.03317600439421285,0.12253158502431051,283779.41229929845,18901000.0,-0.03309585751890546,0.11577399033497501,253341.76185660463
18901000.0,0.03239121268818716,0.13541135713738478,346573.18986544193,18901000.0,0.032609562998749106,0.12468579223067915,293845.28076801467
18901000.0,0.03220516317779134,0.14190563952700047,380613.4162193458,18901000.0,0.03243390482817013,0.12851005247733538,312146.8696416374
18901000.0,0.04875666626399,0.20817040690068328,819073.2909621146,18901000.0,0.049096749167568204,0.18864651343654218,672639.4704073617
