cur_n,cur_mean,cur_std,cur_S,next_n,next_mean,next_std,next_S
5451000.0,-0.017632902997697368,0.06510085536912742,23101.99958673645,5451000.0,-0.01758464902806372,0.061453410921162556,20585.81986217052
5451000.0,-0.01862536189703073,0.08037690583244271,35215.89654901682,5451000.0,-0.018580621254881007,0.0741890604248244,30002.394959301153
5451000.0,-0.024201621095867286,0.10502873922541768,60130.17758094359,5451000.0,-0.024138270333366692,0.09896413880661296,53386.553095823074
5451000.0,0.03243665593076883,0.1511466046417279,124529.709012334,5451000.0,0.03264738108310684,0.14195588147879468,109845.67543328415
5451000.0,0.03208236002092481,0.15662982767828745,133728.85380890715,5451000.0,0.03230712520324808,0.14291472005472045,111334.58840254747
5451000.0,0.04926002183738438,0.2251794990837837,276397.35290835705,5451000.0,0.049594413313087574,0.20976819099090754,239858.68473015996
