cur_n,cur_mean,cur_std,cur_S,next_n,next_mean,next_std,next_S
28851000.0,-0.023449153970138394,0.07353748077903355,156019.31489965547,28851000.0,-0.02340528098723447,0.07017634457501583,142083.07761808048
28851000.0,-0.02374216589499154,0.08058742406681133,187367.99900925747,28851000.0,-0.02370593613611983,0.0758725833265113,166085.0774323185
28851000.0,-0.033117505391890185,0.12164853216482581,426947.6395165425,28851000.0,-0.033033003633286796,0.11517525908349607,382718.3331381253
28851000.0,0.032216124721811054,0.13360405660668795,514991.61776380654,28851000.0,0.032434297684979185,0.12284957980377964,435419.84761155467
28851000.0,0.03226027363018644,0.1392943799012328,559793.7681734619,28851000.0,0.032485166038029215,0.1262293462383824,459707.4443713996
28851000.0,0.04883538502480992,0.20534825827164396,1216586.2899116315,28851000.0,0.04918001593131574,0.18608844598057428,999078.6745470958
