cur_n,cur_mean,cur_std,cur_S,next_n,next_mean,next_std,next_S
2801000.0,-0.025171095724587204,0.07918211099250384,17561.728570142983,2801000.0,-0.02513620987109849,0.07529378450807371,15879.300313520625
2801000.0,-0.027353031714449718,0.09149544895866614,23448.339521594215,2801000.0,-0.027334950987532428,0.08567292644112741,20558.920760288107
2801000.0,-0.03685794957565263,0.13327979192298053,49755.571721027394,2801000.0,-0.03680386882703787,0.12569934471075472,44256.7110552575
2801000.0,0.032291463598033046,0.14296165604926583,57246.93631607639,2801000.0,0.03250419848539785,0.13183069160648048,48679.506829689744
2801000.0,0.03215674487106528,0.15516950665810902,67441.28980605517,2801000.0,0.032394243881954624,0.14087246053776845,55585.98543644032
2801000.0,0.04913941012331904,0.22467511355742803,141391.41753237296,2801000.0,0.049474570080016315,0.20417413534442175,116765.50419974195
