cur_n,cur_mean,cur_std,cur_S,next_n,next_mean,next_std,next_S
7701000.0,-0.003659404690701141,0.08283080214646925,52836.11268033624,7701000.0,-0.008187045421513207,0.08686603045942917,58109.49151514205
7701000.0,-0.022810547674876648,0.15710150334253523,190067.47499648394,7701000.0,-0.025421272433044515,0.15252488599509947,179154.83836904715
7701000.0,-9.905162241913996e-06,0.022072720608549187,3751.9656669807177,7701000.0,-9.324916367905213e-06,0.020846210837659765,3346.581262925147
7701000.0,-0.0014229419079877304,0.23016277426575696,407959.72536702314,7701000.0,0.0013682288536771459,0.23205393767494695,414691.37995644135
7701000.0,-0.002207583389768194,0.44024342831344376,1492563.7408096152,7701000.0,-0.0037679755411376566,0.43294056371719086,1443456.431712256
7701000.0,-0.00015998005043116917,0.08599524652273607,56950.29985112186,7701000.0,0.0002170178939744348,0.08559749350584046,56424.694818408956
