cur_n,cur_mean,cur_std,cur_S,next_n,next_mean,next_std,next_S
10301000.0,-0.0034644127414404273,0.08170748970795474,68770.64901994233,10301000.0,-0.007992044678998961,0.08575333324157852,75749.78550318656
10301000.0,-0.023159103448032476,0.1561842490930073,251277.64606655424,10301000.0,-0.025769673162784928,0.15160063380831726,236745.33011433118
10301000.0,-2.577630156235694e-05,0.021990172984742207,4981.2309590664245,10301000.0,-2.38611815176382e-05,0.02075283003514296,4436.434210970046
10301000.0,-0.001422401734270808,0.2273304854511449,532346.9201887834,10301000.0,0.0013685556739888199,0.2292185939751851,541226.5285506198
10301000.0,-0.002199788518623524,0.4395615000943167,1990300.631673575,10301000.0,-0.003760255019669181,0.43225740683301267,1924705.4438143685
10301000.0,-9.323482626108613e-05,0.08613096553714837,76418.4137541472,10301000.0,0.000283761857824301,0.08573332885983902,75714.44808078723
