cur_n,cur_mean,cur_std,cur_S,next_n,next_mean,next_std,next_S
501000.0,-0.037221720535081056,0.10633780075984474,5665.1716630906585,501000.0,-0.03719650391277894,0.10163601556407917,5175.269709530614
501000.0,-0.04349571834555044,0.1213036211108343,7371.998815795023,501000.0,-0.043491999956438876,0.11433909431109864,6549.787672429037
501000.0,-0.05635350268102752,0.17123836259281702,14690.610988558006,501000.0,-0.056258876473571424,0.1628098686575856,13280.033719482435
501000.0,0.033198460083915755,0.16102799131861176,12990.937008041557,501000.0,0.033395794003963905,0.14825425942756976,11011.642044646995
501000.0,0.031742766076840345,0.18513717570963506,17172.162688699882,501000.0,0.03192267658444641,0.1684247498868775,14211.815083603078
501000.0,0.046933120553689686,0.2526841750767126,31988.495459433572,501000.0,0.047328543496901875,0.22993432165596617,26487.765929970043
