cur_n,cur_mean,cur_std,cur_S,next_n,next_mean,next_std,next_S
2201000.0,-0.017698567199756966,0.06547628372879027,9436.003351783635,2201000.0,-0.0176478595912841,0.06175406075238669,8393.654406720234
2201000.0,-0.0187892474117932,0.08192197233029531,14771.372220618961,2201000.0,-0.018747286988161263,0.07553265651047483,12557.106021164156
2201000.0,-0.024904587905131916,0.10670717581681527,25061.5134371324,2201000.0,-0.024868202221692875,0.10034113021155383,22160.421649102533
2201000.0,0.03232335963494721,0.1506177135383286,49931.21608496235,2201000.0,0.03252736961484009,0.14131581960337808,43954.324075254066
2201000.0,0.03208749547804634,0.15822062972907208,55099.32264577295,2201000.0,0.03234198938648649,0.14407312053261265,45686.29799607041
2201000.0,0.04894063242243331,0.22478442991944758,111212.21589519852,2201000.0,0.049258258416460456,0.20882244782876477,95978.599192551
