cur_n,cur_mean,cur_std,cur_S,next_n,next_mean,next_std,next_S
23401000.0,-0.02323728080137587,0.0733058515254336,125751.0738560005,23401000.0,-0.023191714194151763,0.06992305637644988,114412.96045857902
23401000.0,-0.023722554185204706,0.08117693008587731,154205.42878309562,23401000.0,-0.02368720179125716,0.07631782991654586,136297.0456293604
23401000.0,-0.0330864142128492,0.12196482690772427,348099.6800805714,23401000.0,-0.033006360843480326,0.1153586296532653,311411.4620036492
23401000.0,0.0322164459585104,0.13432633574797145,422237.45229063154,23401000.0,0.03243439816204089,0.12363999963109747,357727.5653549088
23401000.0,0.032265940539620834,0.14073569170510478,463492.7236562342,23401000.0,0.03249109786324303,0.1275305813363437,380595.0147672433
23401000.0,0.0488771570954467,0.20694413651019353,1002168.3157568569,23401000.0,0.04921561598178317,0.1876455228639412,823968.9195128868
