cur_n,cur_mean,cur_std,cur_S,next_n,next_mean,next_std,next_S
6151000.0,-0.017697675821338434,0.06511110428572586,26076.89324893732,6151000.0,-0.017651479243766522,0.06146295087503818,23236.597825474513
6151000.0,-0.018637380334975744,0.08012069980868106,39485.277534209454,6151000.0,-0.018596516514613123,0.07397635049980891,33661.350165047326
6151000.0,-0.023983675994283526,0.10431004795197928,66926.48512413068,6151000.0,-0.023917563116083864,0.09829667588756005,59432.41665333633
6151000.0,0.03250147338243483,0.15112593535627045,140482.98632277924,6151000.0,0.03271486440494154,0.14193170923322299,123909.49663815043
6151000.0,0.03208191895262487,0.1563003275839723,150267.65306997372,6151000.0,0.03231100854866113,0.1426928864765916,125242.10934363297
6151000.0,0.048998191749097725,0.22406495581859395,308811.59732425504,6151000.0,0.049329799860182495,0.20874944541899848,268038.0117518102
