cur_n,cur_mean,cur_std,cur_S,next_n,next_mean,next_std,next_S
1801000.0,-0.01255390353834727,0.11915018932493014,25568.37847671622,1801000.0,-0.011918771103492654,0.12044212124675585,26125.854531323243
1801000.0,0.002317170895221578,0.11597787913592537,24225.014076410032,1801000.0,0.002894519871876096,0.11574939846425758,24129.65976395229
1801000.0,0.004262264674000239,0.04780162644385753,4115.276878711256,1801000.0,0.004525652628980777,0.046238723090278,3850.5731429479547
1801000.0,0.004636175321878892,0.18905918762733115,64373.820943777835,1801000.0,0.004660093950902826,0.18508122766711294,61693.36456341301
1801000.0,0.0015730859836234057,0.2112420701925208,80366.40520681861,1801000.0,0.001619261888889904,0.20753825535306894,77572.90151042715
1801000.0,0.00016220012278469535,0.06575877962948708,7787.914994145358,1801000.0,0.00017270913537237388,0.06251927581132923,7039.496386199472
