cur_n,cur_mean,cur_std,cur_S,next_n,next_mean,next_std,next_S
13251000.0,-0.0234738722684642,0.07407928433624718,72718.04761332764,13251000.0,-0.023431005290555282,0.07056916603846074,65990.07534576626
13251000.0,-0.02434997655906646,0.08309337162249159,91491.64090902133,13251000.0,-0.024318415677507272,0.07788764486895064,80386.99569304421
13251000.0,-0.0335589883625564,0.12410607326194183,204096.10813902528,13251000.0,-0.03348154121351309,0.1170487174859213,181544.03041482708
13251000.0,0.03243572139306075,0.13683074471929707,248093.87093349654,13251000.0,0.03265697745435531,0.12605552222681335,210558.31955602276
13251000.0,0.0321716139425364,0.14401237410670326,274819.9611838958,13251000.0,0.032407325957875925,0.13036635752954806,225205.87546284145
13251000.0,0.04857978558556244,0.2108273290889304,588982.6038154219,13251000.0,0.048930098127590055,0.19088691329832236,482837.46892210486
