cur_n,cur_mean,cur_std,cur_S,next_n,next_mean,next_std,next_S
3101000.0,-0.024936658985549583,0.0785992428380499,19157.4848625904,3101000.0,-0.024900284989971683,0.07474234883833136,17323.484419309396
3101000.0,-0.02700710191874956,0.09084840667924254,25593.89572108298,3101000.0,-0.026985236774666715,0.08502360998710287,22417.173205496078
3101000.0,-0.03630780935206295,0.13191851406747254,53965.13499104061,3101000.0,-0.03625737048103072,0.12437894468009564,47972.84794905604
3101000.0,0.03237339775050107,0.14273762413675498,63179.86499638136,3101000.0,0.032583338555404594,0.1316733279062844,53764.720239221184
3101000.0,0.0321538387917737,0.15455386227699494,74073.26556502732,3101000.0,0.03238396782756359,0.1402231711365626,60973.52948086413
3101000.0,0.049083950064666475,0.22339321621613242,154753.94458835325,3101000.0,0.04942478164867564,0.20297151582609818,127753.24977014323
