cur_n,cur_mean,cur_std,cur_S,next_n,next_mean,next_std,next_S
10051000.0,-0.02345012125754598,0.07429251323519412,55475.26348167781,10051000.0,-0.023406065973990905,0.07072863383673895,50280.52596597993
10051000.0,-0.024563311065431446,0.08393167482512111,70804.53121748511,10051000.0,-0.024530939187288124,0.07863624412419376,62151.955502985926
10051000.0,-0.033700573744370105,0.12479025901665727,156520.2905004618,10051000.0,-0.03361995332820955,0.11764248336178397,139103.36636374408
10051000.0,0.03248624366533379,0.1380363981079657,191512.2284335416,10051000.0,0.032706419587393815,0.12728459551614485,162839.95233812716
10051000.0,0.032247346264433,0.14577766078263715,213595.07127812237,10051000.0,0.032482549924845276,0.13210724671718807,175413.31490835498
10051000.0,0.04868047857445133,0.21303022539627883,456133.2450474455,10051000.0,0.04902408488246165,0.19303951274289916,374543.0117276401
