cur_n,cur_mean,cur_std,cur_S,next_n,next_mean,next_std,next_S
3901000.0,-0.01750120887653236,0.06496473019391348,16463.843475924266,3901000.0,-0.017460528377045606,0.06128063458469282,14649.488399075439
3901000.0,-0.01834224098101674,0.08009449467307407,25025.414628123788,3901000.0,-0.018292816361609922,0.07390298919343133,21305.90371753699
3901000.0,-0.024436627478038313,0.10564561803611212,43539.04777651542,3901000.0,-0.024390368111760652,0.09946903308013341,38596.83940193892
3901000.0,0.032327363057409075,0.15099483042767967,88940.61082076248,3901000.0,0.03253117623914097,0.14174659180812446,78379.26762424354
3901000.0,0.03188251026636901,0.15632942987193793,95336.11240257621,3901000.0,0.03211036619697571,0.14260687533215385,79333.54819969383
3901000.0,0.0492467729558871,0.22574061805225765,198790.38271723816,3901000.0,0.049587551096956374,0.21020120497265649,172363.91617720327
