cur_n,cur_mean,cur_std,cur_S,next_n,next_mean,next_std,next_S
2701000.0,-0.017586360790543983,0.06520794074748064,11484.856024159279,2701000.0,-0.01753651765893979,0.06150660168834723,10218.050600423545
2701000.0,-0.01861099954445777,0.08128498795532806,17846.18026989103,2701000.0,-0.018560297429264707,0.07496029027827684,15177.04086534812
2701000.0,-0.024671236676556983,0.10626138453937135,30498.292461249428,2701000.0,-0.02464285354657266,0.09994672052408027,26981.22609444376
2701000.0,0.0322931437945758,0.1507963909323747,61419.5286507381,2701000.0,0.03250101349826096,0.14159188309566678,54150.35392951639
2701000.0,0.0320734144515964,0.15764858808173204,67128.16185256596,2701000.0,0.03231363303124878,0.1436596538844491,55743.49771249342
2701000.0,0.04900123261706489,0.22534488268496392,137157.6339273627,2701000.0,0.049337772994099104,0.209521702353714,118572.12748819268
