cur_n,cur_mean,cur_std,cur_S,next_n,next_mean,next_std,next_S
2051000.0,-0.013790791275817633,0.11843672864068254,28769.907575459787,2051000.0,-0.013164245136116517,0.11977464744345394,29423.576615087764
2051000.0,0.0020567463775775065,0.11672850491346227,27945.990455490315,2051000.0,0.0026479431246337537,0.11648644325504526,27830.206588994508
2051000.0,0.004379502667094022,0.048223303360427835,4769.573810320286,2051000.0,0.004654345717260717,0.04662604580701578,4458.849690723362
2051000.0,0.004528879405873973,0.18654214762231736,71370.64229390975,2051000.0,0.004544723664010081,0.18257445137329945,68366.86553352988
2051000.0,0.0019219680298116187,0.21037033674892472,90768.39677548863,2051000.0,0.0019693564682684286,0.2066176209507562,87558.9154803556
2051000.0,0.0002648420213123375,0.06609532127041104,8959.981153863482,2051000.0,0.0002776065697622598,0.0628060628196533,8090.377731684692
