cur_n,cur_mean,cur_std,cur_S,next_n,next_mean,next_std,next_S
4951000.0,-0.004122252280521355,0.0855377920366173,36225.05035303946,4951000.0,-0.008648374350341414,0.08955881150131145,39710.88533247834
4951000.0,-0.022162900480253413,0.15941249991007025,125816.52072663943,4951000.0,-0.024772087730316666,0.15483057438436584,118687.8809895178
4951000.0,-2.315873842995069e-05,0.022399830659650077,2484.176199639529,4951000.0,-1.851980420221329e-05,0.02117827270623302,2220.6187315917136
4951000.0,-0.0013472685141065967,0.2365174296322821,276961.3883678343,4951000.0,0.0014444481493054865,0.2384123548693948,281417.072675087
4951000.0,-0.00213074472548825,0.44239456417054673,968974.8174682651,4951000.0,-0.003691069007247969,0.43509434607210107,937259.4025103347
4951000.0,4.2960344908057534e-05,0.08628107286779443,36857.3409228626,4951000.0,0.00041995905022249996,0.08588336480172029,36518.34008319323
