cur_n,cur_mean,cur_std,cur_S,next_n,next_mean,next_std,next_S
26601000.0,-0.023335794872737313,0.07344564714475584,143492.7923111032,26601000.0,-0.023291134603145285,0.07007384675814256,130620.06073026445
26601000.0,-0.023670408469428337,0.08072955295363711,173365.6524152231,26601000.0,-0.02363453589343308,0.07595863437136782,153480.1657201151
26601000.0,-0.03297037766511179,0.12149354742142626,392648.90361219156,26601000.0,-0.0328885552495182,0.11496405569634198,351578.34385133523
26601000.0,0.03223999807335775,0.13402776038214192,477845.48215175886,26601000.0,0.03245926087298064,0.1233019094025822,404424.6022986432
26601000.0,0.03226626919348688,0.1398711291835029,520420.1758559919,26601000.0,0.032490994096869376,0.12675866958492404,427418.4921377175
26601000.0,0.048700704097148,0.2056948263204546,1125497.9282566279,26601000.0,0.04904103144072519,0.1864464085271525,924710.9647843768
