cur_n,cur_mean,cur_std,cur_S,next_n,next_mean,next_std,next_S
2401000.0,-0.025459202880237935,0.07997123281578415,15355.350785461324,2401000.0,-0.025439301365213465,0.07605221777901856,13887.239529686549
2401000.0,-0.028141392872112057,0.09285937530495476,20703.495460445487,2401000.0,-0.028122578601843546,0.08699350056616512,18170.453806953643
2401000.0,-0.037651249333199716,0.13518382519856612,43877.47449535487,2401000.0,-0.03758892667839278,0.12746239939330242,39008.23848509369
2401000.0,0.032171563624495254,0.1431268855868601,49185.218212083724,2401000.0,0.03238624162686781,0.1319918849278207,41829.88030600456
2401000.0,0.03223343242138276,0.1567374404667684,58984.46721102112,2401000.0,0.03246982602655139,0.1423645754238357,48662.68127779722
2401000.0,0.04886798407484724,0.22631439216040797,122974.90804154276,2401000.0,0.049191972564235825,0.20550368651390172,101398.4681751004
