cur_n,cur_mean,cur_std,cur_S,next_n,next_mean,next_std,next_S
24951000.0,-0.02326804403601286,0.07336362926370678,134291.82358572693,24951000.0,-0.02322304844608362,0.06998595510487758,122210.84413686335
24951000.0,-0.02368446851820174,0.08096069742088766,163544.6860800962,24951000.0,-0.023647203165880416,0.0761497730628307,144685.55782907692
24951000.0,-0.03301946976838215,0.12169795881275339,369534.12021398515,24951000.0,-0.03294071860616653,0.11513169986051403,330733.19771196134
24951000.0,0.03223642670492089,0.134241159728081,449634.2103692121,24951000.0,0.03245674177373427,0.12353130076136953,380751.8175637764
24951000.0,0.03228683819531823,0.14038395675734885,491725.7077608021,24951000.0,0.03251149087724441,0.1272353616458293,403927.6783032201
24951000.0,0.0487915146729346,0.20633220345083303,1062238.378591036,24951000.0,0.04913304991962576,0.18708745951293101,873327.853517222
