cur_n,cur_mean,cur_std,cur_S,next_n,next_mean,next_std,next_S
8601000.0,-0.02357376262908171,0.07467347146536389,47960.27125726191,8601000.0,-0.023532286047967404,0.07108434560923642,43460.71702415366
8601000.0,-0.02480126874537315,0.08459717188586413,61554.617504834474,8601000.0,-0.02476853131897847,0.07923795410812334,54002.69764604436
8601000.0,-0.0338412903585731,0.1252121761522694,134847.24397742448,8601000.0,-0.033761913211046275,0.118044416557813,119850.49929636098
8601000.0,0.03254023721280108,0.13857663846474674,165169.17214715466,8601000.0,0.03276063449535025,0.12778446018500114,140444.59594530522
8601000.0,0.0321896286546443,0.1465851735731008,184811.51997163382,8601000.0,0.032428788415975095,0.13281922677126037,151729.7851479933
8601000.0,0.04855140373140234,0.21355800914886153,392266.0071592485,8601000.0,0.04889729764993736,0.19357653534724384,322295.5971936046
