cur_n,cur_mean,cur_std,cur_S,next_n,next_mean,next_std,next_S
23601000.0,-0.02324609851665597,0.0733351111417567,126927.08725622801,23601000.0,-0.023199960759619224,0.06995506156082601,115496.46476694134
23601000.0,-0.02370949570724532,0.08112452751735474,155322.6407609364,23601000.0,-0.023674120945887257,0.0762702375267595,137290.5366734966
23601000.0,-0.03308747419915514,0.12196271283522424,351062.59330552805,23601000.0,-0.03300752976984466,0.11536205392128852,314091.63064802834
23601000.0,0.03223000032276927,0.13434772657000943,425981.8038865429,23601000.0,0.032448170435075,0.12366229517643129,360915.0650231949
23601000.0,0.032258203763302004,0.14065843284329635,466940.9404211276,23601000.0,0.03248301815996887,0.1274561450294716,383399.8712451651
23601000.0,0.0488806957807008,0.20691083778247427,1010408.2491823427,23601000.0,0.049219730502794615,0.1876188833932328,830775.1524204799
