cur_n,cur_mean,cur_std,cur_S,next_n,next_mean,next_std,next_S
8251000.0,-0.023663961353948607,0.07487253841186957,46254.25621496254,8251000.0,-0.023622168796335417,0.0712781998173156,41919.88017764584
8251000.0,-0.02490901346911028,0.08486595996310226,59425.609304946185,8251000.0,-0.024876555347529306,0.07949276408290396,52138.8903172484
8251000.0,-0.03397523793219046,0.12558784293238406,130137.29921866806,8251000.0,-0.033895708283111815,0.1184061632604561,115679.18087850779
8251000.0,0.03260715673613318,0.1387616090330758,158871.22395108893,8251000.0,0.03282667399056423,0.12796399766537955,135108.3485473669
8251000.0,0.03224867645635719,0.14687280225216512,177987.4369616211,8251000.0,0.03248590210759519,0.13308349582645682,146135.2503233334
8251000.0,0.04861187721213388,0.21396401548592542,377735.7299635288,8251000.0,0.048957609452135474,0.19394403084086104,310355.4828522058
