cur_n,cur_mean,cur_std,cur_S,next_n,next_mean,next_std,next_S
10701000.0,-0.023409435235473182,0.07412806550677123,58801.67499490076,10701000.0,-0.023366225790149575,0.07057569743160723,53300.921956216116
10701000.0,-0.02453022900653344,0.08381754172913577,75178.59460651648,10701000.0,-0.02449491564993295,0.07854766945603464,66022.34897000389
10701000.0,-0.03369778612103681,0.12473690651349507,166500.02485400013,10701000.0,-0.033617897021524366,0.1176183716490884,148038.50451974836
10701000.0,0.03243462315049602,0.13769015194717332,202875.74257056494,10701000.0,0.032654748522669336,0.12692454399340886,172391.39642677005
10701000.0,0.03229589644166841,0.14557436272312968,226774.46927510726,10701000.0,0.03252864465013575,0.1319211214974049,186231.45376162094
10701000.0,0.048703915431377094,0.21269742974741063,484115.3440429762,10701000.0,0.04904779563241264,0.1927377880721968,397519.1958302555
