cur_n,cur_mean,cur_std,cur_S,next_n,next_mean,next_std,next_S
1851000.0,-0.017278033333975405,0.13950365677080875,36022.81123724351,1851000.0,-0.016635602890460933,0.14094788426751423,36772.532553133366
1851000.0,-0.004515335621670422,0.12516301682436903,28997.36022484855,1851000.0,-0.004004355420040596,0.12578614004932373,29286.80525576846
1851000.0,0.002106342593399094,0.06093649272198894,6873.237124870728,1851000.0,0.002348309251155148,0.06075984604721443,6833.445708501899
1851000.0,0.0070072640479037305,0.20090206668826666,74709.3963796906,1851000.0,0.0070582191454391955,0.19722964157002057,72003.0328321156
1851000.0,0.0001272384010731068,0.24453828663167046,110687.90018682183,1851000.0,0.00017415586164646414,0.24164795444761797,108086.8014280171
1851000.0,0.0003328145981150842,0.06748438376437682,8429.716938358777,1851000.0,0.00032892931224929103,0.06487221913066826,7789.757312449203
