cur_n,cur_mean,cur_std,cur_S,next_n,next_mean,next_std,next_S
24451000.0,-0.023250471310584164,0.07331226945616848,131416.51714015153,24451000.0,-0.023205565519242133,0.0699363457566485,119592.10168550856
24451000.0,-0.02369568454848378,0.08102101005039501,160506.24390545243,24451000.0,-0.023658668205222277,0.07619428476234456,141951.96836341688
24451000.0,-0.03304507811179168,0.12177919142707978,362612.5224817499,24451000.0,-0.03296575223798642,0.1151975842488599,324476.59002352087
24451000.0,0.03221025909569311,0.1341907478474189,440292.99110872974,24451000.0,0.03243024252587171,0.12349355417940748,372893.83689635585
24451000.0,0.03227576620780003,0.14046903950148032,482456.15493061166,24451000.0,0.032499975928534534,0.12729701596463486,396216.96971736074
24451000.0,0.048818701702387925,0.20650430010448664,1042689.0787881546,24451000.0,0.04915785690612063,0.1872314365602093,857144.7405608086
