cur_n,cur_mean,cur_std,cur_S,next_n,next_mean,next_std,next_S
28551000.0,-0.02343706843969912,0.07351204048126028,154290.1777528575,28551000.0,-0.02339295725188654,0.0701487020939059,140494.91441627586
28551000.0,-0.0237335706625484,0.08059910489469244,185473.45473123167,28551000.0,-0.023697014145097065,0.07587720968621857,164378.12696677994
28551000.0,-0.03311022486837558,0.12165221018832564,422533.6792180089,28551000.0,-0.03302615019706614,0.1151710185859672,378710.84292031085
28551000.0,0.03221190431064595,0.13362181079825755,509772.0613530234,28551000.0,0.03243018320776769,0.12286361873780585,430990.7299757209
28551000.0,0.03225164489277018,0.1393419441000252,554351.280535539,28551000.0,0.03247689064494301,0.1262678373068515,455204.773940907
28551000.0,0.04882858666162417,0.2053961848995332,1204497.9612129075,28551000.0,0.04917217564844719,0.18613255924358674,989158.8057113077
