cur_n,cur_mean,cur_std,cur_S,next_n,next_mean,next_std,next_S
17201000.0,-0.02348272321039388,0.07387137642272629,93865.51735917026,17201000.0,-0.023439255726460387,0.07041244734941592,85281.05707057114
17201000.0,-0.02406266651793486,0.08220318689337572,116233.41705328427,17201000.0,-0.02403054232379934,0.07714196721132,102361.14029310198
17201000.0,-0.033335907566898665,0.12301549032992132,260299.4796219697,17201000.0,-0.03325763036553933,0.11616778465929432,232126.70706774128
17201000.0,0.03241444810045651,0.13567823524704276,316646.045123252,17201000.0,0.032634096782876106,0.12491385877616223,268395.3238389516
17201000.0,0.03213976102944141,0.14217422134627766,347692.5720144455,17201000.0,0.032370834457829956,0.12871665658043852,284985.78409512184
17201000.0,0.04871610922877607,0.20863763417466638,748753.722839227,17201000.0,0.049059523333382316,0.18899143390920872,614381.2257283025
