cur_n,cur_mean,cur_std,cur_S,next_n,next_mean,next_std,next_S
1801000.0,-0.02652731060481404,0.08307934970956939,12430.823205045035,1801000.0,-0.02650797442439929,0.07909858217609911,11268.110849786657
1801000.0,-0.029921439252900018,0.0957718114131023,16519.20399028564,1801000.0,-0.02991175467075783,0.0897321944925169,14501.411977925627
1801000.0,-0.039957287465776384,0.14053419569824563,35569.49814915559,1801000.0,-0.03988648317617189,0.132440041763387,31590.196756780133
1801000.0,0.03266113196376375,0.14583076757205365,38301.16959994846,1801000.0,0.032878091822533685,0.13460107653834844,32629.527099313484
1801000.0,0.03210349073200375,0.15934907156847258,45731.2200241313,1801000.0,0.03233358022306276,0.14470449798245494,37711.8445171741
1801000.0,0.04855203199597228,0.23078452606744876,95923.95694739067,1801000.0,0.04891885996749872,0.20918247136092977,78806.90869072382
