cur_n,cur_mean,cur_std,cur_S,next_n,next_mean,next_std,next_S
13201000.0,-0.0234729079860921,0.07408651251339415,72457.79845178088,13201000.0,-0.02342987460437079,0.07057722592050909,65756.0927507951
13201000.0,-0.024354929562041033,0.08311540795905872,91194.76590169025,13201000.0,-0.02432334219897341,0.07790822880353798,80126.00561413371
13201000.0,-0.03357004595788341,0.12414061913797278,203439.20271678158,13201000.0,-0.033492728875754066,0.11708036404414605,180956.82152181363
13201000.0,0.03243737937247573,0.13684719057966674,247217.15427159827,13201000.0,0.032658129242732516,0.1260780584557516,209838.8297532533
13201000.0,0.03217804824607123,0.14405381521684513,273940.5736582608,13201000.0,0.032413293465038476,0.13040490365624058,224488.7988871303
13201000.0,0.048592348672006194,0.21088869737007843,587101.8373981989,13201000.0,0.04894291460944478,0.1909439013700235,481302.8293828199
