cur_n,cur_mean,cur_std,cur_S,next_n,next_mean,next_std,next_S
5101000.0,-0.02396275882302705,0.07604373701112332,29497.297336884738,5101000.0,-0.023929284356866583,0.07233339031669402,26689.04082836145
5101000.0,-0.025611979041028497,0.08705004838358282,38653.90342120254,5101000.0,-0.025584585074586517,0.08147329148711871,33859.913748525294
5101000.0,-0.034659122850591285,0.12799792796130385,83572.07823773674,5101000.0,-0.03459052044189289,0.12055709910484405,74138.00615147805
5101000.0,0.032579916348586514,0.14075560821603872,101061.73248700588,5101000.0,0.032799704781968364,0.12984317842365323,85999.03926508206
5101000.0,0.03219148280366453,0.15004650055332203,114843.67082664843,5101000.0,0.032434425386717314,0.13608366155502696,94464.20976828014
5101000.0,0.04863646436389079,0.21831060143893494,243111.20489191107,5101000.0,0.04899947600066038,0.197956860461697,199892.4717982479
