cur_n,cur_mean,cur_std,cur_S,next_n,next_mean,next_std,next_S
3201000.0,-0.017524841911074687,0.06509822052979294,13565.128389981925,3201000.0,-0.017478284047285412,0.061406872894992914,12070.34372801255
3201000.0,-0.018382529503009934,0.08045168134007807,20718.38617045594,3201000.0,-0.018333990450434667,0.07420984047026734,17628.22845281471
3201000.0,-0.024636530434935786,0.10619724932190552,36100.416299088225,3201000.0,-0.024592400388749585,0.09993113605078775,31965.928479635764
3201000.0,0.03225259455651639,0.15091604769708022,72904.86670147617,3201000.0,0.03246306171187722,0.1416927626408271,64265.961590312065
3201000.0,0.03182064940811803,0.15651442256723833,78414.1430734509,3201000.0,0.03205185839696697,0.14271118223851276,65193.10739646071
3201000.0,0.04926771106859603,0.22611750360303867,163664.33051958034,3201000.0,0.04960610556475594,0.2103444921561237,141627.62202271668
