cur_n,cur_mean,cur_std,cur_S,next_n,next_mean,next_std,next_S
2351000.0,-0.015274063598654545,0.1186555875703828,33100.07803339271,2351000.0,-0.014641760377760731,0.11999260522390084,33850.22770009287
2351000.0,0.0026671735528625436,0.11619919755884603,31743.798009814684,2351000.0,0.003249254375746273,0.11598695969579281,31627.943800582118
2351000.0,0.004577584791684525,0.04840829171184636,5509.24572288561,2351000.0,0.004852444930511861,0.04682144283851227,5153.9738947876485
2351000.0,0.004715375362658453,0.18535720287302035,80773.99503639547,2351000.0,0.004726703020100906,0.18135431435918264,77322.9496285564
2351000.0,0.0018724577557657628,0.20735174327853903,101080.64653096617,2351000.0,0.001921251003930364,0.20361846044076456,97473.5824432602
2351000.0,0.00021742721823306917,0.06613090898821496,10281.621537601399,2351000.0,0.00023481887300733594,0.06282578418822019,9279.583102491188
