cur_n,cur_mean,cur_std,cur_S,next_n,next_mean,next_std,next_S
1051000.0,-0.02786785021484536,0.08863443879455574,8256.722991187566,1051000.0,-0.027843183339848778,0.08448882324754424,7502.417677696264
1051000.0,-0.032871598088983385,0.1018826240752535,10909.452611970855,1051000.0,-0.032870467672453045,0.09570792672001045,9627.16760613208
1051000.0,-0.04462662314792463,0.15068576880095952,23864.21716601217,1051000.0,-0.04454328250841282,0.1422733772763386,21274.041289577763
1051000.0,0.03229440581371206,0.15093697994515895,23943.852482628543,1051000.0,0.03250329320567952,0.13957852170667584,20475.75407163385
1051000.0,0.03208149134835463,0.1672678728420928,29405.44689065957,1051000.0,0.032288536184126075,0.152410963605265,24413.78602026677
1051000.0,0.048643994196889466,0.24215722586304964,61630.768261610116,1051000.0,0.04902230102978013,0.22014768623978853,50936.71894832573
