cur_n,cur_mean,cur_std,cur_S,next_n,next_mean,next_std,next_S
9701000.0,-0.023461854750048864,0.07432140314144244,53585.13203061916,9701000.0,-0.023417197954827502,0.07074860684379089,48557.049457642104
9701000.0,-0.024613551840360563,0.084050899163107,68533.2349598799,9701000.0,-0.024580335359425977,0.07874117446314259,60147.8739641559
9701000.0,-0.03367976066103787,0.12474160088765536,150952.0902895385,9701000.0,-0.033599097207435515,0.11759581313488955,134152.94886376872
9701000.0,0.03248384525431345,0.13811383968274613,185050.7727382515,9701000.0,0.03270467758049968,0.1273497642649938,157330.45380844845
9701000.0,0.03224763786166643,0.14593289831132175,206596.48126337252,9701000.0,0.0324803166040363,0.13225437522174346,169682.32294311427
9701000.0,0.04860292837646286,0.2129993557961644,440122.0067505057,9701000.0,0.04894667111333564,0.19303715077848888,361491.67667414807
