cur_n,cur_mean,cur_std,cur_S,next_n,next_mean,next_std,next_S
951000.0,-0.006145727747823159,0.11691314193027333,12998.91730096383,951000.0,-0.005552683167856374,0.1180564076352546,13254.386929938073
951000.0,0.0036303683644884764,0.11725778990163314,13075.669217277376,951000.0,0.004221368738618856,0.11701430673985615,13021.422930700497
951000.0,0.003845996558709879,0.04719482705016615,2118.2114669806347,951000.0,0.004103923364369723,0.045674348591236105,1983.9249593912975
951000.0,0.003852984128854489,0.19445273272053976,35959.08386462388,951000.0,0.0038679890747072942,0.19066437378994447,34571.611164508795
951000.0,0.0005300256903136436,0.2225690094804266,47109.65274602441,951000.0,0.0005805849021809017,0.218985634399904,45604.92737792553
951000.0,0.0006220310702219319,0.06531058211078658,4056.464001002956,951000.0,0.0006311643069823648,0.06208354860975005,3665.5030245882167
