cur_n,cur_mean,cur_std,cur_S,next_n,next_mean,next_std,next_S
25451000.0,-0.0232785922636046,0.07338910961414138,137078.10384480187,25451000.0,-0.023234332745887685,0.07001437141265567,124761.11261187587
25451000.0,-0.023666128467146365,0.08086927866183044,166445.47372642905,25451000.0,-0.02362981449911483,0.07606893936448379,147271.79247569072
25451000.0,-0.03296492316597984,0.12154776151614796,376009.4683463029,25451000.0,-0.03288462168742118,0.11499226918202506,336544.22239998844
25451000.0,0.03224678730134891,0.13421890599535022,458492.504506408,25451000.0,0.03246656865509717,0.12351596691173473,388285.3955845642
25451000.0,0.032280815222544,0.1402448871385432,500586.2606067626,25451000.0,0.032505976397443404,0.12710552710308157,411181.6480778937
25451000.0,0.04871757778791779,0.20605906808059246,1080658.1015878033,25451000.0,0.04905917840078077,0.18682333199792545,888315.1682480188
