cur_n,cur_mean,cur_std,cur_S,next_n,next_mean,next_std,next_S
14051000.0,-0.023491290438026797,0.07404225379144548,77031.16987390787,14051000.0,-0.023447568748409017,0.0705415437976654,69919.31319848051
14051000.0,-0.02430315749438191,0.08291971693508556,96610.17204461232,14051000.0,-0.024268459691276032,0.07773726669774318,84911.35408522015
14051000.0,-0.03349551837261628,0.12387033041198894,215596.55938582952,14051000.0,-0.0334208147803996,0.11685107999721103,191854.81147092683
14051000.0,0.03242162493087703,0.13654829732258225,261987.04233633503,14051000.0,0.03264255423128716,0.12577133815473157,222264.75292180857
14051000.0,0.0321509320549811,0.1436184482587133,289819.56071606226,14051000.0,0.03238699817568104,0.1299917993436928,237431.94181527957
14051000.0,0.04855712720173316,0.21025159265941612,621134.7433645014,14051000.0,0.048912591002249976,0.1903889096252599,509319.76149845845
