cur_n,cur_mean,cur_std,cur_S,next_n,next_mean,next_std,next_S
5351000.0,-0.02392527641112771,0.07591664623137438,30839.617223530153,5351000.0,-0.02389365309612828,0.07222644024306468,27914.340544159895
5351000.0,-0.02554947165809993,0.08683540166023236,40348.61073797378,5351000.0,-0.025520322952806946,0.08128059790799128,35351.571975697254
5351000.0,-0.034596769734385954,0.127759529765379,87341.68383285445,5351000.0,-0.03453008324778794,0.12034972992034501,77504.19163915682
5351000.0,0.032590675967772875,0.14050320841899208,105634.90208334044,5351000.0,0.03280727222762337,0.1296119829798824,89892.87307221068
5351000.0,0.03220703563536905,0.14970620462743617,119926.33216384603,5351000.0,0.032448983179919316,0.13574734841904554,98604.71026759216
5351000.0,0.0486151446122721,0.21772631364267392,253662.80468814232,5351000.0,0.048973006799423444,0.19741934413513645,208552.0006947375
