cur_n,cur_mean,cur_std,cur_S,next_n,next_mean,next_std,next_S
2601000.0,-0.005233900014608712,0.0912804911653818,21671.865103290085,2601000.0,-0.009758772575992865,0.09528101436908555,23613.10488962411
2601000.0,-0.02023494323397286,0.16460133799234256,70470.4548195293,2601000.0,-0.022844778776232658,0.16004269928739392,66621.14421310271
2601000.0,1.823955049459843e-05,0.02299450093315347,1375.2711373016336,2601000.0,2.2414645573092237e-05,0.02180864265278868,1237.0795422226447
2601000.0,-0.0012853641831062524,0.2503288742359127,162990.4822634467,2601000.0,0.0015075117860152303,0.2522508461713269,165502.9029141853
2601000.0,-0.0021633874105626166,0.4470603836099313,519843.62812958664,2601000.0,-0.0037233009581687715,0.4397736966471117,503035.7519871938
2601000.0,1.9771678868674357e-05,0.08628509822892312,19364.752376751145,2601000.0,0.00039677399983587686,0.08588787857401337,19186.86871114155
