cur_n,cur_mean,cur_std,cur_S,next_n,next_mean,next_std,next_S
851000.0,-0.00931357129753359,0.11156288069352295,10591.781172690287,851000.0,-0.013827583142936866,0.11565709921700523,11383.456473997656
851000.0,-0.013318040474491257,0.1842055253071219,28875.855896175493,851000.0,-0.01593603245783755,0.1797808763108205,27505.31012751064
851000.0,0.00011746181888098584,0.023673659420058706,476.93626993673104,851000.0,0.00012448497906460368,0.022517380781739323,431.4846041166367
851000.0,-0.0007449411100946488,0.30493169895064887,79128.82321221472,851000.0,0.0020528238097482095,0.3069330232363321,80170.90652079855
851000.0,-0.0025720590915460514,0.46718927552244094,185744.21210786895,851000.0,-0.00413030287287049,0.46001877499881166,180086.29962204763
851000.0,0.00016220413505446077,0.08707327458349189,6452.073629835039,851000.0,0.0005392243851149608,0.08667982757770182,6393.897025073999
