cur_n,cur_mean,cur_std,cur_S,next_n,next_mean,next_std,next_S
1301000.0,-0.007550933704095515,0.10235852807153006,13630.926017930242,1301000.0,-0.012069059047177548,0.10638536572477124,14724.517698551723
1301000.0,-0.016396143843890015,0.175137142581518,39905.59734381628,1301000.0,-0.019009433534226315,0.17063373540084423,37879.749025555764
1301000.0,6.757815077746744e-05,0.02346314460453653,716.2254203081426,1301000.0,7.393123124237928e-05,0.022303622438246688,647.1844976020873
1301000.0,-0.0009493597569141013,0.2782156979606827,100702.5709438665,1301000.0,0.0018460541228028362,0.2801785136903587,102128.4993933938
1301000.0,-0.0023365674054576053,0.45752273783910413,272334.4993873663,1301000.0,-0.003895578353560799,0.45028500204147687,263786.31456560415
1301000.0,0.000128686701306642,0.08661056466527978,9759.30827504183,1301000.0,0.000505700837900235,0.08621472173008034,9670.304694136737
