cur_n,cur_mean,cur_std,cur_S,next_n,next_mean,next_std,next_S
1751000.0,-0.0064574479053913034,0.09677385117877065,16398.427154220957,1751000.0,-0.010980514913739213,0.10076322977195705,17778.303058107445
1751000.0,-0.018525846279002153,0.1703975644045649,50840.86275121874,1751000.0,-0.02113264267228572,0.16582914602010618,48151.284227745724
1751000.0,3.828951513217622e-05,0.02348525502974997,965.7766638755058,1751000.0,4.463631290119493e-05,0.022316717660175955,872.0608383541405
1751000.0,-0.0011957658745056633,0.263683571858181,121745.32464487276,1751000.0,0.0015983595674620413,0.26563078394769707,123550.0581295499
1751000.0,-0.0020115695509514524,0.45233656948089296,358269.2595291395,1751000.0,-0.0035712255264169703,0.4450563384035858,346829.57776246563
1751000.0,0.00012836536592644786,0.08671478674332475,13166.564374135447,1751000.0,0.0005053721457144112,0.0863190960751134,13046.677093990374
