cur_n,cur_mean,cur_std,cur_S,next_n,next_mean,next_std,next_S
25601000.0,-0.023290141798954025,0.07340470600911375,137944.61037654543,25601000.0,-0.02324636090932997,0.07002917213478241,125549.47880195428
25601000.0,-0.023664040516221188,0.08085177662088035,167353.98744825277,25601000.0,-0.023628028469624942,0.0760541374083548,148082.11874519713
25601000.0,-0.03296960049720665,0.12155996881798069,378301.522913147,25601000.0,-0.032889678490561416,0.11500641517089598,338611.00005531905
25601000.0,0.0322571226785435,0.13421638091857105,461177.3588530083,25601000.0,0.03247683559145964,0.1235080179124345,390523.55474013963
25601000.0,0.03227761361062754,0.1402020531204941,503229.0185152665,25601000.0,0.03250310861555146,0.12706505767858295,413341.68493014004
25601000.0,0.04872420750005217,0.206052023342639,1086952.8273203669,25601000.0,0.049065451304667454,0.18680949043795633,893418.2121585535
