cur_n,cur_mean,cur_std,cur_S,next_n,next_mean,next_std,next_S
4901000.0,-0.024038690085698304,0.07627931501793944,28516.634641969213,4901000.0,-0.02400444235215819,0.07255564147458621,25800.43775907439
4901000.0,-0.025724844474416284,0.08734224557854238,37388.10119510449,4901000.0,-0.025697088389070935,0.08175244504144481,32755.64858651708
4901000.0,-0.034696208141829936,0.12818426809918712,80529.34348839709,4901000.0,-0.03462100055626657,0.12073448695918458,71440.97688869911
4901000.0,0.03263838851288013,0.14116380223926872,97663.30062603475,4901000.0,0.03285697013402931,0.1302380924951147,83130.56957089042
4901000.0,0.032245051011619716,0.15051848365186563,111036.14402611986,4901000.0,0.03248795697372627,0.13654098960501207,91371.50846919078
4901000.0,0.048628041470870714,0.21873310005031155,234484.27255139366,4901000.0,0.04898911520511342,0.19835924479227474,192836.65736334625
