cur_n,cur_mean,cur_std,cur_S,next_n,next_mean,next_std,next_S
1201000.0,-0.018284258195487523,0.06722406381553397,5427.408781805857,1201000.0,-0.01823019646868751,0.06346620067395262,4837.5783122116945
1201000.0,-0.019762544917283284,0.08356175435663367,8386.062716181223,1201000.0,-0.01972389001958356,0.07704431187167796,7128.927016128232
1201000.0,-0.025118038794877617,0.10691063691358507,13727.29102660737,1201000.0,-0.02506977262792138,0.10044341240031995,12116.743792639518
1201000.0,0.03307364396007008,0.15274789382328152,28021.63480000563,1201000.0,0.0332714412701459,0.14335820753120948,24682.44237554015
1201000.0,0.03247946168320531,0.1601864634300087,30817.303382522434,1201000.0,0.032735258355833505,0.14571542324703232,25500.814471046186
1201000.0,0.04834113418069862,0.22233965152886914,59371.339691016736,1201000.0,0.04864456342524344,0.2061610055056228,51045.334589498416
