cur_n,cur_mean,cur_std,cur_S,next_n,next_mean,next_std,next_S
21601000.0,-0.023280499171923687,0.0734556512870351,116553.22218236004,21601000.0,-0.02323596931028732,0.07005445974751807,106009.65796648973
21601000.0,-0.02374855745969611,0.08136959597223242,143020.4618227305,21601000.0,-0.02371452713043819,0.07645953329044008,126280.74704965638
21601000.0,-0.033113723835090154,0.1221630834269383,322369.41319029743,21601000.0,-0.03303441897663101,0.11551909920051955,288258.0499124288
21601000.0,0.03232658316765223,0.13487730721117908,392962.9726996381,21601000.0,0.032544724668940164,0.12418494324610804,333128.4646873731
21601000.0,0.03222347937466245,0.14113290632149608,430259.45902709395,21601000.0,0.03245014513411237,0.1278817947045982,353257.42755778733
21601000.0,0.04889798236322275,0.20752500584080882,930282.2324913683,21601000.0,0.049236732582151034,0.18820859247848795,765160.8669813273
