cur_n,cur_mean,cur_std,cur_S,next_n,next_mean,next_std,next_S
18251000.0,-0.023419512259880846,0.07374349216316269,99250.8112172729,18251000.0,-0.023376843800166323,0.07030034888672718,90198.97986717263
18251000.0,-0.0239786825070366,0.082054201036684,122882.01020868387,18251000.0,-0.023947330759229928,0.07702255381974374,108273.57926750153
18251000.0,-0.03322976391606098,0.12270933883919911,274815.92613178754,18251000.0,-0.03314936332338267,0.11592028652903952,245248.0466416158
18251000.0,0.032379401180592626,0.135440617380517,334799.2794254211,18251000.0,0.032598461673227885,0.12470278263454966,283817.3587255921
18251000.0,0.0321766818148379,0.14201685635566427,368100.5404643923,18251000.0,0.03240544417485454,0.12858540065671384,301765.78023763123
18251000.0,0.048732762884616684,0.20829486267656946,791851.5709182969,18251000.0,0.04907165168389334,0.18872278590152225,650032.9073012989
