cur_n,cur_mean,cur_std,cur_S,next_n,next_mean,next_std,next_S
10401000.0,-0.02341945915987914,0.07419355045022819,57254.20713839818,10401000.0,-0.023375107194755506,0.07063614978882325,51895.432298343374
10401000.0,-0.024532302302423214,0.0838107994088454,73059.22526461462,10401000.0,-0.024497759071075213,0.07853143228884567,64144.90010216787
10401000.0,-0.03366959558859229,0.12474683504026587,161857.99943951095,10401000.0,-0.033589556256864564,0.11760914709175352,143865.7112998367
10401000.0,0.03245424269442248,0.13786082959176707,197677.33229993025,10401000.0,0.03267370267229742,0.12710321679178363,168030.52350343796
10401000.0,0.032259909071346585,0.1455918675903969,220469.91283988903,10401000.0,0.032493735790461525,0.1319422562229348,181068.50212184235
10401000.0,0.04865957400179566,0.21287748825040706,471340.2968645466,10401000.0,0.04900271531773087,0.19288796456462165,386977.18125525437
