cur_n,cur_mean,cur_std,cur_S,next_n,next_mean,next_std,next_S
2901000.0,-0.017535235074994934,0.06503215909224612,12268.856158693907,2901000.0,-0.01748705526586666,0.06134086758763813,10915.598607608452
2901000.0,-0.018465576961469027,0.08083878420879889,18957.77110286694,2901000.0,-0.018415997862309002,0.07454484927282196,16120.667138565563
2901000.0,-0.024735045014801733,0.10656073517139168,32941.40700305594,2901000.0,-0.024697552384125986,0.100268755277608,29166.141349555357
2901000.0,0.03220048732295022,0.15051815534958388,65724.2294756301,2901000.0,0.032407701891863275,0.14131092859402375,57929.42654484541
2901000.0,0.03188246552660615,0.15700233329350044,71508.87444550944,2901000.0,0.03211899282795357,0.1430700804876856,59380.70804711398
2901000.0,0.04925914424512578,0.22626925862843028,148524.75223815272,2901000.0,0.049598074612117085,0.21043811202292464,128468.4612751334
