cur_n,cur_mean,cur_std,cur_S,next_n,next_mean,next_std,next_S
10351000.0,-0.023421513626936192,0.0741987208686656,56986.9147981312,10351000.0,-0.0233769402488466,0.07064097816730895,51653.01984089061
10351000.0,-0.024528973280237745,0.08380589091679423,72699.49652425367,10351000.0,-0.02449438536275804,0.07852599829997348,63827.70676563599
10351000.0,-0.033676453483345255,0.12477137148538342,161143.28261839808,10351000.0,-0.033595951690907594,0.11763261181056976,143231.252021605
10351000.0,0.032453202769223484,0.1378690037523338,196750.38158728732,10351000.0,0.032672930708841814,0.12711430769528737,167251.94678304103
10351000.0,0.03224238465966088,0.14557441914505012,219357.47603399336,10351000.0,0.03247653484529738,0.13192858845297814,180160.7330223223
10351000.0,0.04867129736986305,0.2129281682147026,469297.8282842501,10351000.0,0.04901270839831643,0.19293563668478964,385307.2791555922
