cur_n,cur_mean,cur_std,cur_S,next_n,next_mean,next_std,next_S
6751000.0,-0.02386130316273146,0.07538109043910905,38361.26668037248,6751000.0,-0.023820208517406377,0.0717588610645083,34763.15478775025
6751000.0,-0.02531220431928231,0.08598938619437213,49918.072306611,6751000.0,-0.02528287546336295,0.08053811660685833,43789.606917640966
6751000.0,-0.03441657232259234,0.12690025912033048,108715.91508821219,6751000.0,-0.034343606188031395,0.11962782551587928,96612.32312082686
6751000.0,0.032610152711767815,0.13920815241786794,130827.01938197497,6751000.0,0.03282726280661279,0.1283634941004309,111237.48685589936
6751000.0,0.032341593126249485,0.14820066968038442,148275.17327106604,6751000.0,0.032577879341350216,0.1343015923578733,121767.23145926736
6751000.0,0.0485811643064266,0.21546166537096256,313406.5961291378,6751000.0,0.04894443499841993,0.19528883211017267,257467.80136989465
