cur_n,cur_mean,cur_std,cur_S,next_n,next_mean,next_std,next_S
3001000.0,-0.02186984855759824,0.13324858759600353,53283.3134750858,3001000.0,-0.021218511155268682,0.13463798450013478,54400.28799764586
3001000.0,-0.0032596128853025386,0.10966276053671674,36089.789066648365,3001000.0,-0.0027598099979709205,0.11012566624735848,36395.114761640194
3001000.0,0.002715099549468492,0.05561283820396477,9281.456107074191,3001000.0,0.002959613259593117,0.05510108082085705,9111.423451987488
3001000.0,0.006781153206301723,0.19431718275715237,113315.26171154434,3001000.0,0.006833663104950368,0.1904387184232105,108836.98332949924
3001000.0,-0.0003651746814356923,0.2331087716902689,163073.43801627666,3001000.0,-0.00033108154755300906,0.23007154708881308,158851.68325629964
3001000.0,0.0001696410316025528,0.06625927735094911,13175.265797045062,3001000.0,0.0001784741783576454,0.06345787840130265,12084.733895914736
