cur_n,cur_mean,cur_std,cur_S,next_n,next_mean,next_std,next_S
10151000.0,-0.0034839551717673316,0.08177255353189863,67877.20443845249,10151000.0,-0.008011705540953616,0.08582324160395129,74768.4979428129
10151000.0,-0.023130960449997583,0.15622529536130972,247748.7868868046,10151000.0,-0.025741675703468647,0.15164295736333422,233428.19874318258
10151000.0,-2.693800518621851e-05,0.021999534163602216,4912.875939170752,10151000.0,-2.4794854651699245e-05,0.02076194380962126,4375.672912462541
10151000.0,-0.001428334102420075,0.2274761641599406,525267.6088036014,10151000.0,0.0013626448150489243,0.22936807219087652,534041.1919992159
10151000.0,-0.002207063289413456,0.4396094648827814,1961746.5448690476,10151000.0,-0.003767530894987851,0.4323059931354606,1897104.8762351952
10151000.0,-8.183309569693787e-05,0.08614759400280046,75334.7121255366,10151000.0,0.00029516369579406763,0.0857499587590204,74640.86564124023
