cur_n,cur_mean,cur_std,cur_S,next_n,next_mean,next_std,next_S
751000.0,-0.01901867192430719,0.06857860504342096,3531.971827345844,751000.0,-0.018943654718874527,0.06475918276050464,3149.5075656081403
751000.0,-0.020600002853109135,0.08488876206717352,5411.782545898197,751000.0,-0.020558864254115246,0.07827667997834135,4601.556209952181
751000.0,-0.026155370909954505,0.1093120841611607,8973.797939486167,751000.0,-0.026082555766048003,0.10271391758231863,7923.161797695614
751000.0,0.03336067838120035,0.1521459874656712,17384.44952793004,751000.0,0.033577492423017996,0.1424197255577158,15232.817049179246
751000.0,0.03236128063084331,0.16037099756821369,19314.861502629024,751000.0,0.03260425704447163,0.14557918155637256,15916.166875070086
751000.0,0.04853574289068894,0.22155025663641092,36862.47167796032,751000.0,0.04885497742868578,0.2049648262319924,31549.945574225436
