cur_n,cur_mean,cur_std,cur_S,next_n,next_mean,next_std,next_S
20551000.0,-0.023302699338580087,0.0735339389111432,111124.1927704098,20551000.0,-0.02325793341020292,0.07011966013551396,101044.47322277322
20551000.0,-0.023793653500969483,0.08159912551650442,136837.13362523195,20551000.0,-0.023760172741440762,0.076653672942803,120753.26936461199
20551000.0,-0.03308094691756797,0.12216409823094067,306704.4987915934,20551000.0,-0.03300417072372665,0.115479359922865,274057.5022589672
20551000.0,0.03237274288334358,0.13518300695573127,375558.1267905117,20551000.0,0.03259170218648334,0.12448145307829388,318450.73653009604
20551000.0,0.032243569442972735,0.14156316353831835,411844.69664784154,20551000.0,0.03246969169738297,0.12826540947572498,338105.36577216245
20551000.0,0.04882666464528155,0.2077382164607409,886881.8283504304,20551000.0,0.049166604649013256,0.18836383781206756,729168.7033086232
