cur_n,cur_mean,cur_std,cur_S,next_n,next_mean,next_std,next_S
11651000.0,-0.023421025331575845,0.07405765649962184,63900.33460090239,11651000.0,-0.023379272919792447,0.07053519087862879,57966.20843726786
11651000.0,-0.024487230221525,0.08357171778503747,81373.28718977723,11651000.0,-0.024451462643375624,0.07833447531799,71493.91506199008
11651000.0,-0.033640078568039,0.12440955445292319,180331.1165736263,11651000.0,-0.033559130062033996,0.11731205934365799,160342.45158505917
11651000.0,0.03241194721286405,0.13718860433696375,219280.12902627437,11651000.0,0.03263231669993449,0.1264581351282479,186318.82996227063
11651000.0,0.03227055919975713,0.14495109737290585,244797.07115558186,11651000.0,0.03250650281437466,0.13130906033858794,200887.34972891113
11651000.0,0.048584773168316615,0.21170238434686556,522173.3475189623,11651000.0,0.048933281462505564,0.19174689663731181,428370.82998333534
