cur_n,cur_mean,cur_std,cur_S,next_n,next_mean,next_std,next_S
3901000.0,-0.024357837985022633,0.07726498693245978,23288.49488033108,3901000.0,-0.02432067877441311,0.07348481267016398,21065.469021052628
3901000.0,-0.026379359065472372,0.08915310616821465,31006.22600015916,3901000.0,-0.026354890297774238,0.08340501146497553,27136.900552081002
3901000.0,-0.03523983500819561,0.12975415228711568,65677.78227945296,3901000.0,-0.035163020129129204,0.12223775710091775,58289.01218740664
3901000.0,0.03256263488070878,0.14248719126628395,79200.44133199783,3901000.0,0.032774211816242904,0.13154456040697496,67502.79232476337
3901000.0,0.03222307143543146,0.1529848311120181,91300.4027050039,3901000.0,0.03245821376306875,0.13880447615477473,75159.32882494616
3901000.0,0.04884838783504357,0.22146718640488633,191335.13486563112,3901000.0,0.049194017690411984,0.2010316903537423,157654.00179380988
