cur_n,cur_mean,cur_std,cur_S,next_n,next_mean,next_std,next_S
12401000.0,-0.02343313790373256,0.07404814923958775,67996.27536042822,12401000.0,-0.023390700394581947,0.07053374753987576,61695.09333057675
12401000.0,-0.024430626998827063,0.08333179307348192,86114.8721245728,12401000.0,-0.02439701846669205,0.0781013780502345,75643.93296673942
12401000.0,-0.03358085056446164,0.124178745497816,191227.89469513428,12401000.0,-0.033503810529368856,0.11709621128340984,170036.592964616
12401000.0,0.032395644051383565,0.1369541128340034,232598.47630366898,12401000.0,0.032615476172446686,0.12619654758322313,197492.9764804882
12401000.0,0.03222723642106975,0.14447721299000693,258854.32057473517,12401000.0,0.03246399355332855,0.1308089625398415,212193.32102597656
12401000.0,0.048506016808532434,0.21108860962795556,552568.7322229409,12401000.0,0.048858784942322646,0.19112707581972058,453003.06254043686
