cur_n,cur_mean,cur_std,cur_S,next_n,next_mean,next_std,next_S
30751000.0,-0.023478472710113128,0.07350382816452426,166141.8950240821,30751000.0,-0.02343575772207402,0.07014883293548384,151321.3277967327
30751000.0,-0.023767191077053416,0.0804567279621186,199059.9893219628,30751000.0,-0.023729267035816334,0.07577876928729362,176585.21506880355
30751000.0,-0.03309278561937251,0.12148899315429823,453871.7048980452,30751000.0,-0.03300880292626155,0.11506662403891395,407153.3253351354
30751000.0,0.03217825617034016,0.13329933396212734,546405.6760808976,30751000.0,0.032396509996326435,0.12253655469164912,461732.63770499575
30751000.0,0.032268418292799105,0.1389913907736598,594066.4749144923,30751000.0,0.03249181468896865,0.1259582592749777,487879.4701802417
30751000.0,0.0488354598251458,0.20490362675195486,1291095.9953714674,30751000.0,0.049182402550558287,0.18570417167159203,1060480.196858514
