cur_n,cur_mean,cur_std,cur_S,next_n,next_mean,next_std,next_S
601000.0,-0.004459658051794062,0.11923734752259817,8544.744571579133,601000.0,-0.003865999412292301,0.1202270357087637,8687.178609305121
601000.0,0.004388421212235866,0.11792191719451636,8357.252711453055,601000.0,0.004992219423276068,0.1178280016533655,8343.946222148928
601000.0,0.003750386099776803,0.04791770514981042,1379.959986561325,601000.0,0.004020849922251445,0.04635725517382062,1291.5460594576818
601000.0,0.00430262822424426,0.20077987262248578,24227.846907431267,601000.0,0.004316084744568867,0.19707347916584705,23341.611670509465
601000.0,-4.925533305480022e-05,0.23107581821832218,32091.016292925517,601000.0,-1.9039301996172998e-05,0.22763312142962766,31141.91962104916
601000.0,0.0006940208713647726,0.06595491106504502,2614.3802264523965,601000.0,0.0007037659073173445,0.06270107752021602,2362.78649843988
