cur_n,cur_mean,cur_std,cur_S,next_n,next_mean,next_std,next_S
5501000.0,-0.02568847494222011,0.1302093326447426,93266.54116314858,5501000.0,-0.02504008375294897,0.1316051534014528,95276.8601264114
5501000.0,-0.002724262162927309,0.09705120689369054,51813.571114130114,5501000.0,-0.002227493284839078,0.09738230872156992,52167.71059973929
5501000.0,0.0033681546049919887,0.05252371598884175,15175.832817762082,5501000.0,0.003619926998027105,0.05170939191524912,14708.910528558816
5501000.0,0.0068166106251333096,0.18818082803307892,194801.54423972292,5501000.0,0.006871715977846636,0.18415768513129752,186561.20551404255
5501000.0,-0.000934901853081385,0.22294339847499173,273420.37783860776,5501000.0,-0.00089364380631463,0.21971296113806113,265554.09289159544
5501000.0,-9.309656665305752e-06,0.06501406062948589,23251.781265519105,5501000.0,8.705826263514611e-06,0.06201814515695164,21158.223058226693
