cur_n,cur_mean,cur_std,cur_S,next_n,next_mean,next_std,next_S
3851000.0,-0.023685123930393345,0.13127079425918947,66360.51450936348,3851000.0,-0.02303659744326851,0.13265732186142631,67769.76338231078
3851000.0,-0.002799815997373204,0.10385951267549276,41539.96053515793,3851000.0,-0.0022994402129987413,0.10426547893223566,41865.338163425615
3851000.0,0.003027244257899692,0.05404796103701255,11249.4722372872,3851000.0,0.0032653068153042555,0.053407777550711154,10984.556596891953
3851000.0,0.006728768717013961,0.19189370781629317,141806.1243281163,3851000.0,0.0067771785724975,0.18794365058574677,136028.16362846
3851000.0,-0.0007686237380310786,0.23020508117437782,204081.35506363076,3851000.0,-0.0007284999189008893,0.2270722468303174,198564.51213546965
3851000.0,8.974565025455971e-05,0.06555550094889208,16549.763786646392,3851000.0,9.323157173372998e-05,0.06269506093057241,15137.012731254608
