cur_n,cur_mean,cur_std,cur_S,next_n,next_mean,next_std,next_S
7851000.0,-0.02376506783772321,0.0751308598491001,44316.11654417288,7851000.0,-0.023723372457560742,0.07153209603030496,40172.31682629934
7851000.0,-0.025022914627424876,0.08511775305360257,56880.74532830334,7851000.0,-0.024992264667915813,0.0797292838557751,49906.91258631903
7851000.0,-0.03413083170831686,0.12596105529125975,124565.43767063931,7851000.0,-0.03405408144248003,0.11876523586404009,110739.77799250228
7851000.0,0.032677113018940565,0.13903636612805387,151768.55329394594,7851000.0,0.03289376334711036,0.12821765961437978,129068.62042860028
7851000.0,0.03226908353363652,0.14711893898181255,169926.90430821126,7851000.0,0.03250708398992041,0.1332982075675104,139499.80371672276
7851000.0,0.048658475806025864,0.2142834499726805,360497.4833146572,7851000.0,0.04900878775598554,0.19424866218033982,296238.1931997453
