cur_n,cur_mean,cur_std,cur_S,next_n,next_mean,next_std,next_S
2451000.0,-0.0201918309823046,0.13493047677523864,44623.478462406165,2451000.0,-0.019547840620975723,0.13634526205318623,45564.1647171468
2451000.0,-0.0037579510864118944,0.11576274656556342,32845.884069879416,2451000.0,-0.003249150670285888,0.11626327200505503,33130.530770854784
2451000.0,0.0025067744420249655,0.057504170406039744,8104.794284126887,2451000.0,0.0027521373381790776,0.057133924035832874,8000.763210819919
2451000.0,0.0067942281497568886,0.19627142297220648,94418.57758653577,2451000.0,0.006840606323446799,0.1924881833632029,90813.71850017623
2451000.0,-5.079248033458018e-05,0.2381859083684783,139051.42354297233,2451000.0,-1.241826224250091e-05,0.23518956500389882,135574.93627395842
2451000.0,0.0002643883622246361,0.06667046960124752,10894.576167801482,2451000.0,0.0002697868082990837,0.06393774505576111,10019.7743801408
