cur_n,cur_mean,cur_std,cur_S,next_n,next_mean,next_std,next_S
21851000.0,-0.023270257766833637,0.07342442741136958,117801.94306056212,21851000.0,-0.02322541843846734,0.07002598679619755,107149.41200399674
21851000.0,-0.023755410025565662,0.08135563550714559,144626.07525808664,21851000.0,-0.02372140879696612,0.0764529238364185,127720.17800411115
21851000.0,-0.03310168554404173,0.12211639866511333,325851.176295994,21851000.0,-0.033022382488982586,0.11547533817947851,291373.3335032063
21851000.0,0.03230943996627294,0.134788817511485,396989.5214015814,21851000.0,0.0325274018706888,0.12409441115327993,336492.7893395019
21851000.0,0.032248793968493956,0.14109016695170784,434975.51578377874,21851000.0,0.032474748007078856,0.12785250477496665,357182.19231551536
21851000.0,0.048878492526874755,0.2074176198440357,940075.230194585,21851000.0,0.04921867159167409,0.18810244603307094,773143.6674793961
