cur_n,cur_mean,cur_std,cur_S,next_n,next_mean,next_std,next_S
25201000.0,-0.023271855253069896,0.0733772228831261,135687.64853544516,25201000.0,-0.023227560910887717,0.07000087178364167,123487.97579389047
25201000.0,-0.023664154820112665,0.08089337057384814,164908.7262879104,25201000.0,-0.023627098903326923,0.07608859237510684,145900.53149244384
25201000.0,-0.03299208312574417,0.12161480888446037,372726.86600983626,25201000.0,-0.032912813818282746,0.11505191339203384,333584.1948770102
25201000.0,0.032242608842838964,0.13423951264608344,454128.23848429695,25201000.0,0.03246259526922934,0.12353437469279098,384585.95235635043
25201000.0,0.032269535611920475,0.14028428778131213,495947.65091881034,25201000.0,0.03249461284629042,0.12714419594227022,407390.4590040831
25201000.0,0.04875552776416647,0.20619690348807385,1071475.024966373,25201000.0,0.049098036424622425,0.18695513310281853,880830.941417807
