cur_n,cur_mean,cur_std,cur_S,next_n,next_mean,next_std,next_S
1751000.0,-0.026573942900154742,0.08330416428155384,12151.211210420839,1751000.0,-0.026551985297391622,0.07932970280206174,11019.396258407685
1751000.0,-0.030124339155952598,0.09618050612238667,16197.957766185262,1751000.0,-0.030114412432825095,0.09011799474009363,14220.313960933174
1751000.0,-0.040178793013494425,0.14106977779316546,34846.094543779494,1751000.0,-0.0401053152857614,0.1329328109606733,30942.15253456559
1751000.0,0.03262667350229299,0.14597477615755092,37311.42036520666,1751000.0,0.03284529682943247,0.13477324252592357,31804.86090356592
1751000.0,0.03213804304062311,0.1598616841986749,44748.132389039354,1751000.0,0.032362064684767294,0.14518130485003763,36906.8973477072
1751000.0,0.0485179286778134,0.23134210414122877,93712.06517900797,1751000.0,0.048889523805388295,0.20966817504729038,76975.26209203475
