cur_n,cur_mean,cur_std,cur_S,next_n,next_mean,next_std,next_S
801000.0,-0.039365524354817515,0.5192229724028287,215943.5885517337,801000.0,-0.04389073295755468,0.5231997645680381,219264.13290888446
801000.0,-0.00818894010636562,0.3910759810396387,122505.27877983879,801000.0,-0.010564317893954933,0.39264720695423866,123491.63513230074
801000.0,0.0004010835679607581,0.02461735677003636,485.4174177289472,801000.0,0.00037794848925233496,0.023580434288507535,445.3855418689321
801000.0,-0.003078803766255078,1.097470747111186,964758.0746525927,801000.0,-0.0003706372100978995,1.100880927152321,970762.9914299707
801000.0,0.002016264771213332,0.8855332672002123,628119.5030219444,801000.0,0.0007654698574117989,0.8841454135161231,626152.2029055186
801000.0,-0.00025723713391393534,0.09186332945304776,6759.535909857553,801000.0,0.00010144763286927232,0.09149030018284135,6704.750497064683
