cur_n,cur_mean,cur_std,cur_S,next_n,next_mean,next_std,next_S
3401000.0,-0.022725697425412958,0.13240708513435845,59625.0946950364,3401000.0,-0.02208086229676701,0.13379691635962188,60883.392027795766
3401000.0,-0.0030185839481916285,0.10677733484074614,38776.15880059128,3401000.0,-0.002519112414489224,0.10721463078511978,39094.41696197887
3401000.0,0.0028464145552029333,0.05464192953631561,10154.503316199165,3401000.0,0.003083500832820776,0.05407158625488706,9943.62763284707
3401000.0,0.006727876605253848,0.19296384738294836,126636.3927956181,3401000.0,0.006770043000790019,0.18905695235021266,121560.34871986392
3401000.0,-0.0005621180604764989,0.23197548115269584,183016.73373434015,3401000.0,-0.0005247824712104707,0.22888721118910102,178176.19787158797
3401000.0,0.00013565454148931988,0.06581761486160366,14732.990607065401,3401000.0,0.0001414403442256678,0.06298982776950664,13494.210286671601
