cur_n,cur_mean,cur_std,cur_S,next_n,next_mean,next_std,next_S
7201000.0,-0.023798199880609668,0.07526035008088858,40787.330239239214,7201000.0,-0.023759093013397358,0.07165251859420756,36970.53471385236
7201000.0,-0.025166638232505794,0.08556906665895907,52726.19128114363,7201000.0,-0.02513344069390854,0.08014805282030836,46257.13838075684
7201000.0,-0.03426148291044465,0.1264283095601128,115101.62981669775,7201000.0,-0.0341899931884411,0.11919731438659525,102311.80624999014
7201000.0,0.03261174773855094,0.1391048885148058,139340.57423276783,7201000.0,0.032826856150799236,0.12829135308095063,118518.89185373156
7201000.0,0.0322760941643891,0.14768003285025005,157049.43253118938,7201000.0,0.03251451542179665,0.13381890494418133,128951.90260663131
7201000.0,0.04859526557558981,0.21485085052669223,332404.55428668193,7201000.0,0.04895140423139391,0.194767107175319,273164.3616956213
