cur_n,cur_mean,cur_std,cur_S,next_n,next_mean,next_std,next_S
7001000.0,-0.017788413504352944,0.06517544233577151,29739.115823928,7001000.0,-0.017743965303951368,0.061511713880755825,26489.62030278033
7001000.0,-0.018751004779014466,0.08022461843951201,45058.3618157608,7001000.0,-0.018710491622890756,0.07409995832752264,38441.11757280828
7001000.0,-0.02381289110191896,0.10380488963864429,75438.96124535073,7001000.0,-0.02374665751904693,0.09783618754847621,67013.0090777383
7001000.0,0.03254965027600475,0.1511236717900575,159891.38759133848,7001000.0,0.03276840672669744,0.14189766607180898,140964.76840402288
7001000.0,0.03226165321865015,0.15671412053259248,171939.76833570178,7001000.0,0.03249354396529167,0.14313958824092682,143443.0809941963
7001000.0,0.04881126199989624,0.22331908702454906,349149.7738209763,7001000.0,0.0491457429164505,0.2080697345549204,303094.394078723
