cur_n,cur_mean,cur_std,cur_S,next_n,next_mean,next_std,next_S
7801000.0,-0.0036419829546065177,0.08272753713233376,53388.83796525693,7801000.0,-0.008169752723796374,0.08676688091668963,58729.763158909795
7801000.0,-0.022819819786062047,0.15704322054711434,192392.73290763467,7801000.0,-0.025430797482923068,0.1524678684683508,181345.56359011738
7801000.0,-9.278811231352999e-06,0.02207461824140505,3801.33969869993,7801000.0,-8.810577343047668e-06,0.020847235601299724,3390.371018517785
7801000.0,-0.0014293862451037742,0.2298922194178033,412286.2243135275,7801000.0,0.0013617685882731717,0.23178572641030223,419105.78376986913
7801000.0,-0.002220227004083084,0.4401713421439735,1511450.0722800952,7801000.0,-0.003780622095517324,0.4328685755416554,1461713.9639970937
7801000.0,-0.0001655808975266961,0.08603050101148699,57737.12866054651,7801000.0,0.0002114170522240266,0.08563294954152474,57204.74897006149
