cur_n,cur_mean,cur_std,cur_S,next_n,next_mean,next_std,next_S
1351000.0,-0.0030061531171228562,0.10759135045832743,15639.039134846405,1351000.0,-0.0024280822133745513,0.10817958663237322,15810.513824297992
1351000.0,0.0007044803375151551,0.10583455734592813,15132.488217150152,1351000.0,0.0012367579787042266,0.10563152105532356,15074.482642863168
1351000.0,0.0041303973443412075,0.048496264114661805,3177.400192289775,1351000.0,0.004427235640016231,0.04693165705904986,2975.686166750465
1351000.0,0.003413748304422054,0.19289023820817086,50266.176038602614,1351000.0,0.0034694148872829902,0.18892155055887302,48219.016910783466
1351000.0,-0.0006688826615222633,0.21462910392807247,62234.69619375887,1351000.0,-0.0006206722070020674,0.21113294798675328,60223.691451254614
1351000.0,0.0005846307948258076,0.06718348818464087,6097.902085369958,1351000.0,0.0006301030543405863,0.06373962221858727,5488.760984207671
