cur_n,cur_mean,cur_std,cur_S,next_n,next_mean,next_std,next_S
551000.0,-0.0041333104517913164,0.11902937562044696,7806.563735586994,551000.0,-0.0035330685425049614,0.12000852509776468,7935.527398973589
551000.0,0.004192172304323609,0.11813171930751738,7689.2618117090915,551000.0,0.004821035188967877,0.11804687160049522,7678.220205959757
551000.0,0.0037785520560647177,0.047902632344456686,1264.3588642260315,551000.0,0.004052472034207691,0.0463529793332915,1183.8778798829744
551000.0,0.004225244962503658,0.20105763728536735,22273.71960443666,551000.0,0.004252943355843898,0.1973882108539329,21468.12028704829
551000.0,-0.00011785546972354947,0.23352006987309534,30046.92429147797,551000.0,-6.866460512112311e-05,0.2300739717143864,29166.651885698182
551000.0,0.0007513475023801697,0.06595046402141123,2396.5545012563416,551000.0,0.0007633771232388477,0.06267521166117615,2164.4283683820504
