cur_n,cur_mean,cur_std,cur_S,next_n,next_mean,next_std,next_S
3901000.0,-0.015007817875946905,0.11692901750238129,53336.0134180156,3901000.0,-0.014379798678134185,0.11818391514932053,54486.97485788501
3901000.0,0.0038016833948386055,0.1177977879231032,54131.51979318753,3901000.0,0.004369605131648228,0.11756419638262355,53917.04839753019
3901000.0,0.005047713078535635,0.04919164139739355,9439.708392725444,3901000.0,0.005317402454741252,0.04768800627537411,8871.44332177099
3901000.0,0.0048200561695734305,0.18258071475435997,130042.63357823076,3901000.0,0.004824662521905807,0.17849130810464384,124282.5327158058
3901000.0,0.002254054710531006,0.20424439176188292,162733.22487967406,3901000.0,0.0022688325082237553,0.20042282046711124,156700.46646653244
3901000.0,0.00014121378305199939,0.06552900140702429,16751.08914909239,3901000.0,0.00015591263014916562,0.06223115136525936,15107.465897158952
