cur_n,cur_mean,cur_std,cur_S,next_n,next_mean,next_std,next_S
5551000.0,-0.02389620107958891,0.07575935911659659,31859.85622084759,5551000.0,-0.023860458540065754,0.07208408071860221,28843.632661098123
5551000.0,-0.025504495498767623,0.08678603362759336,41809.108577727005,5551000.0,-0.02547747779798293,0.0812368731769232,36633.43350734101
5551000.0,-0.034540192911804234,0.12755524510966473,90316.66042073088,5551000.0,-0.03447066232586042,0.12015676746905515,80143.38831456848
5551000.0,0.032583789079148,0.14019910481933837,109109.28469539036,5551000.0,0.032797210589711655,0.1293247760855987,92839.90718593544
5551000.0,0.03224367752654137,0.14962226167172113,124269.24441326124,5551000.0,0.032480991382732236,0.13564676091223374,102138.64283393888
5551000.0,0.04857077486260392,0.2172760833463165,262056.58388484523,5551000.0,0.04893097557988574,0.1969856615223449,215397.40054279225
