cur_n,cur_mean,cur_std,cur_S,next_n,next_mean,next_std,next_S
1051000.0,-0.012576018647764428,0.15317936412580013,24660.57739127767,1051000.0,-0.011930656964007823,0.1546835291659683,25147.270899196155
1051000.0,-0.007376396987714801,0.1505890331930922,23833.58682084976,1051000.0,-0.006811321084314503,0.15139863240222984,24090.544733822062
1051000.0,0.0007608929360682739,0.07033025871043079,5198.608900080208,1051000.0,0.0010130883743613528,0.07064483453786599,5245.21797187347
1051000.0,0.007477378495111,0.21303712976778302,47699.44441133969,1051000.0,0.007494105264408259,0.2096143451796082,46179.020564034814
1051000.0,0.0011993687907150994,0.2627710217973325,72570.08900113135,1051000.0,0.0012669791659496595,0.2599986810312376,71046.87915902036
1051000.0,0.0006357039073044546,0.07017926728020314,5176.311163341487,1051000.0,0.0006277182065133786,0.06784556194970429,4837.774310360991
