cur_n,cur_mean,cur_std,cur_S,next_n,next_mean,next_std,next_S
7151000.0,-0.017794244148851234,0.06515769694581568,30359.752645143002,7151000.0,-0.017750365190245816,0.061494272526918935,27041.832253900702
7151000.0,-0.01875397853744294,0.08019596199995302,45990.88648817114,7151000.0,-0.018714070903427703,0.07406741190427067,39230.253750814
7151000.0,-0.023838220448805368,0.10387823560740705,77164.20869312489,7151000.0,-0.023772191897439975,0.09791153529795044,68554.26819121723
7151000.0,0.032519578726138545,0.15100723681644504,163065.58001777704,7151000.0,0.032739571050227574,0.14178886995204043,143764.30212592022
7151000.0,0.03224432207036497,0.15666873691348032,175521.96094449304,7151000.0,0.03247608880664143,0.14307866434675853,146391.72647164584
7151000.0,0.04887067908939054,0.22344889169511695,357045.19088559895,7151000.0,0.04920903019045603,0.20820058321096718,309977.84985596547
