cur_n,cur_mean,cur_std,cur_S,next_n,next_mean,next_std,next_S
7451000.0,-0.02378897617173021,0.07523879375760165,42179.18771752303,7451000.0,-0.02374915297873645,0.07163621121314974,38236.64508622072
7451000.0,-0.0250907979605504,0.0853490738551759,54276.544303533155,7451000.0,-0.025056752472392963,0.07994085859124045,47615.92003954234
7451000.0,-0.034230201840465636,0.12627862701380305,118815.81901329986,7451000.0,-0.034158395519272494,0.11906858029719622,105635.26209103847
7451000.0,0.03264459155247452,0.13911778729354574,144204.8563825606,7451000.0,0.03286155019243164,0.12831066996301416,122670.49242439008
7451000.0,0.032250869006787294,0.14740035353614325,161886.86532244371,7451000.0,0.03248614561147468,0.13355187263786147,132896.8011065279
7451000.0,0.04866471263953163,0.21464540405717905,343287.3112968618,7451000.0,0.04901782801726435,0.19461618458476534,282210.0472616716
