cur_n,cur_mean,cur_std,cur_S,next_n,next_mean,next_std,next_S
301000.0,-0.0035534827403562257,0.11955994735887662,4302.6688847496625,301000.0,-0.0030002139323900565,0.12053732566368427,4373.303310324077
301000.0,0.003251410868406572,0.11916702829157735,4274.434970185524,301000.0,0.0038492514982776675,0.1191888870320237,4276.003228371685
301000.0,0.003682945393125645,0.0462966820221016,645.1582126429311,301000.0,0.0039401711375939685,0.04482345558977169,604.7517934734786
301000.0,0.004391093634811429,0.20581063354769433,12749.7630812723,301000.0,0.004390396484820342,0.20217468088503865,12303.255078881131
301000.0,0.00023088366327248046,0.2391709881310233,17218.031230634595,301000.0,0.0002901812436977078,0.23582091596484997,16739.06282635675
301000.0,0.0006671587061446541,0.0650927421655516,1275.3565898719244,301000.0,0.0006740710234289772,0.06181338632833524,1150.0893135421825
