cur_n,cur_mean,cur_std,cur_S,next_n,next_mean,next_std,next_S
2101000.0,-0.01868292965181249,0.13721242864235783,39556.05345583563,2101000.0,-0.01803666799205978,0.13863781542619025,40382.15256277357
2101000.0,-0.004136234203180646,0.12070039139425143,30608.595998206245,2101000.0,-0.003624828384487607,0.12125735802541894,30891.73178501503
2101000.0,0.0023236604295205844,0.059182783827503666,7358.9665952049345,2101000.0,0.002565492612524452,0.058919398648292154,7293.612123397456
2101000.0,0.0068532509526734965,0.1984593901805903,82750.2581863396,2101000.0,0.006903057203292773,0.19473561236528583,79674.0352776173
2101000.0,2.9491833908199058e-05,0.2417291526525255,122767.69779166886,2101000.0,7.23474874849612e-05,0.2387828502337283,119793.2413376263
2101000.0,0.00022699975007969773,0.06702677702675751,9438.929149887397,2101000.0,0.0002263304037841692,0.06433964440188684,8697.278257540383
