cur_n,cur_mean,cur_std,cur_S,next_n,next_mean,next_std,next_S
24501000.0,-0.023248571891962232,0.07330907033293059,131673.7591502179,24501000.0,-0.023203902636920605,0.06993339387748715,119826.54037056128
24501000.0,-0.023696810188881888,0.08101899940023831,160826.48154175133,24501000.0,-0.023659582032079768,0.07619416610561654,142241.8037899405
24501000.0,-0.03304973214590344,0.12179090858328556,363423.9556571979,24501000.0,-0.03297016495599062,0.11520978437052318,325208.9864546246
24501000.0,0.03220755825177027,0.13418339555872014,441145.00445350865,24501000.0,0.03242744745917113,0.12348544317741159,373607.28823435947
24501000.0,0.03228093272249236,0.14046415017001018,483409.0785105707,24501000.0,0.03250538989877239,0.12729762474337575,397030.9936852454
24501000.0,0.048826862638900945,0.2065231878706155,1045012.416469046,24501000.0,0.04916665914125313,0.18724956805972667,859063.8804953167
