cur_n,cur_mean,cur_std,cur_S,next_n,next_mean,next_std,next_S
2451000.0,-0.01763202651770332,0.06535330650833931,10468.355000025293,2451000.0,-0.0175786693227274,0.061643250187259135,9313.531109733756
2451000.0,-0.018679469450579907,0.08160286091647743,16321.274955806957,2451000.0,-0.01862898337576616,0.07520957192662657,13864.031767706105
2451000.0,-0.02481237727696353,0.10657575766335675,27839.419089841955,2451000.0,-0.02478069462600208,0.10023658520572556,24626.111256590175
2451000.0,0.032343305079286,0.1509248451780532,55829.635094339385,2451000.0,0.03254986503250496,0.14167628157476636,49196.88563284943
2451000.0,0.03206594305172706,0.15809538404571657,61260.66276903496,2451000.0,0.03231346404694217,0.14392913149154604,50773.923080073255
2451000.0,0.04906265761181099,0.22543805501963773,124565.4981116922,2451000.0,0.04939428007326391,0.2095754586286015,107652.5103783616
