cur_n,cur_mean,cur_std,cur_S,next_n,next_mean,next_std,next_S
4251000.0,-0.024202732964237996,0.07679417174844375,25069.6128065648,4251000.0,-0.0241665792113341,0.0730421313118532,22679.735175903108
4251000.0,-0.026070879862411665,0.08828969124882376,33136.840788034475,4251000.0,-0.026044699660713117,0.08259690903475159,29001.382123285966
4251000.0,-0.03500633685992068,0.12915519522412447,70911.20499132563,4251000.0,-0.034929300606282146,0.12165382737182977,62913.32793912778
4251000.0,0.03259780984195752,0.1419789866876846,85691.79684132319,4251000.0,0.032807482185445505,0.1310753413352359,73035.3474462377
4251000.0,0.032165960962196295,0.15192676306642738,98120.48241866587,4251000.0,0.03240279798797916,0.13781743987899228,80741.99226963332
4251000.0,0.04878315507588766,0.22061295218664798,206896.48743283245,4251000.0,0.049138852998481815,0.20018196539168792,170349.5547086036
