cur_n,cur_mean,cur_std,cur_S,next_n,next_mean,next_std,next_S
2201000.0,-0.02575102872430896,0.08086425089414973,14392.39858695106,2201000.0,-0.025729647369221384,0.07693431732978831,13027.475091784245
2201000.0,-0.028661741840160623,0.09372698920659452,19335.231461118517,2201000.0,-0.028653170771263725,0.08783162675235426,16979.38264218068
2201000.0,-0.03840573889676311,0.13676369886964787,41168.184832045496,2201000.0,-0.03833604838347098,0.12893669506386207,36590.90160611497
2201000.0,0.03226289226418097,0.1438396282848065,45538.33490191,2201000.0,0.03247523065843411,0.1326653004711434,38737.78036996637
2201000.0,0.032281191300521817,0.15752117455128162,54613.23787086575,2201000.0,0.03251655629876732,0.14311865852546424,45082.97387030069
2201000.0,0.048853021573288365,0.2276131174623715,114028.81646130746,2201000.0,0.049185641902582115,0.20655475980288746,93905.37622270001
