cur_n,cur_mean,cur_std,cur_S,next_n,next_mean,next_std,next_S
1451000.0,-0.013902257958335898,0.14475169643353264,30402.880803179487,1451000.0,-0.013262564901921596,0.14622068114921255,31023.087501418275
1451000.0,-0.00555279975358783,0.1355621061223236,26665.14977828051,1451000.0,-0.005028647908471822,0.13627300923447236,26945.553249482775
1451000.0,0.0017205012249768916,0.06449658099148936,6035.8828003676235,1451000.0,0.001965432789491728,0.06450629315738313,6037.700754370972
1451000.0,0.007265412362406177,0.20601624319571757,61584.34676015219,1451000.0,0.0072885628190287564,0.20247193494909108,59483.57732538402
1451000.0,0.0007432921131158126,0.25372326615167895,93408.84438646647,1451000.0,0.0007907260167713734,0.2508877298684414,91332.69150088157
1451000.0,0.000424201346551296,0.0684194851025282,6792.458841399558,1451000.0,0.0004256627911454156,0.06590461381728333,6302.29969561002
