cur_n,cur_mean,cur_std,cur_S,next_n,next_mean,next_std,next_S
8101000.0,-0.02370405063331723,0.0749925212544381,45559.037655432636,8101000.0,-0.023661522076439668,0.07139836970075619,41296.688014195395
8101000.0,-0.02496495818138362,0.08498761573927696,58512.67101010973,8101000.0,-0.024932800737190765,0.07960615006979273,51337.16408349725
8101000.0,-0.03404459148412178,0.1257513133515895,128104.29515097183,8101000.0,-0.03396519078935436,0.11856954368029211,113889.82591396541
8101000.0,0.032640600670063885,0.13889771535646356,156289.15275841716,8101000.0,0.032857954977097335,0.12810354466033955,132941.6075699578
8101000.0,0.032269168795407796,0.14702959033693785,175124.99122108158,8101000.0,0.03250887192431577,0.13321816579692203,143769.09263589754
8101000.0,0.04865485173341455,0.2140965135709729,371328.10601541406,8101000.0,0.0490004662033645,0.19409075057174502,305174.5488252346
