cur_n,cur_mean,cur_std,cur_S,next_n,next_mean,next_std,next_S
5301000.0,-0.023919901207159318,0.07590407630618307,30541.334068242657,5301000.0,-0.02388753988783851,0.07221293951226981,27643.170463547518
5301000.0,-0.02555257706446389,0.08685539682306183,39990.00163360245,5301000.0,-0.02552345038710674,0.08129234216304225,35031.36638496597
5301000.0,-0.03459144207397041,0.12781073034084392,86594.92437116784,5301000.0,-0.03452403032639831,0.12039604595939327,76839.09698596124
5301000.0,0.032569189614742866,0.14049001772603895,104628.19637259316,5301000.0,0.03278321373142723,0.12960121981135345,89038.12021210756
5301000.0,0.03219124711694992,0.14975079869409974,118876.52436216967,5301000.0,0.03243350028336242,0.13578159583944752,97732.63801591619
5301000.0,0.04859191246130497,0.21785688622217095,251594.0628573001,5301000.0,0.04894928020660174,0.19752959399601705,206834.1026129303
