cur_n,cur_mean,cur_std,cur_S,next_n,next_mean,next_std,next_S
11351000.0,-0.023403963205725214,0.07405395238226663,62248.746237850835,11351000.0,-0.023361004950212635,0.0705205392776593,56450.18546759496
11351000.0,-0.02448132562740158,0.08359895473949389,79329.70118586654,11351000.0,-0.024445409463487493,0.07835449422864972,69688.63321890798
11351000.0,-0.03360627774536958,0.12439986706005063,175660.4359206609,11351000.0,-0.03352602419175208,0.11729455535082371,156167.2023273685
11351000.0,0.03241287177562715,0.13735017907422142,214137.42877272159,11351000.0,0.032634914400804065,0.12661026893594418,181958.3484305645
11351000.0,0.032265444481001944,0.14511384546756248,239029.67748960026,11351000.0,0.03250187250428193,0.13147394211009672,196206.54650000282
11351000.0,0.04856197289533563,0.2118977000339317,509667.1110595353,11351000.0,0.048907664949008486,0.1919465757411574,418210.43159281794
