cur_n,cur_mean,cur_std,cur_S,next_n,next_mean,next_std,next_S
21251000.0,-0.023286469681506067,0.07348481676196714,114755.78877726711,21251000.0,-0.02324242482725984,0.07007861626767216,104363.92574478047
21251000.0,-0.023755565541196698,0.08143110108940005,140915.89579765656,21251000.0,-0.023722026541678373,0.07651093966353137,124401.7365480646
21251000.0,-0.03306885487558468,0.12205264208939073,316572.90496871044,21251000.0,-0.03299052414792911,0.11539692917096418,282987.9057706432
21251000.0,0.03234341099461799,0.1349905802239434,387245.42837718327,21251000.0,0.03256118377172867,0.12429113059202475,328291.5075918235
21251000.0,0.03222242518051601,0.14125082812356507,423995.6262652952,21251000.0,0.03244793230574055,0.12798873718792403,348115.11411473603
21251000.0,0.048829176735571495,0.207444313708083,914497.3280519127,21251000.0,0.04916844216541276,0.1881189727204234,752046.28156738
