cur_n,cur_mean,cur_std,cur_S,next_n,next_mean,next_std,next_S
20751000.0,-0.023288699984903915,0.07349226383442727,112078.4926156566,20751000.0,-0.023244006207441232,0.0700798649618599,101912.05125372784
20751000.0,-0.023789313492212024,0.08157131078648786,138074.63780482858,20751000.0,-0.023756009039909265,0.07663128516871802,121857.2150860113
20751000.0,-0.033071178265405746,0.12211643693463983,309447.71394361585,20751000.0,-0.03299460535007728,0.11544228617353684,276546.94673862203
20751000.0,0.0323516500498257,0.1350929276656572,378707.8065336339,20751000.0,0.03257004125614543,0.12438711288065812,321062.6645576517
20751000.0,0.03224422675626117,0.1415161376877579,415576.48425798037,20751000.0,0.03247160616410438,0.12822220778205007,341165.83323101036
20751000.0,0.04882232299894847,0.20763338346887028,894609.2666845976,20751000.0,0.04916192975808851,0.18828057926394698,735614.1625318519
