cur_n,cur_mean,cur_std,cur_S,next_n,next_mean,next_std,next_S
4151000.0,-0.017492764738402316,0.06491171528333133,17490.366272031744,4151000.0,-0.01744649481650837,0.06124081699813105,15568.066754050693
4151000.0,-0.018313248492233487,0.07997673924697485,26550.953384221793,4151000.0,-0.01826265575344351,0.07377856995986251,22595.044426472974
4151000.0,-0.024469710553516766,0.10578937610639831,46455.46859456813,4151000.0,-0.02442128972009986,0.09963138203381278,41204.5373990513
4151000.0,0.032316451969763973,0.15093081675503475,94560.24261376515,4151000.0,0.03251897008831483,0.1416923867048394,83338.51640042219
4151000.0,0.031830951072655045,0.1561701609126569,101239.23363102284,4151000.0,0.03205122874243479,0.14242434263609957,84201.76220097444
4151000.0,0.04942989942385539,0.2261907470078593,212374.5164867216,4151000.0,0.049774199187401766,0.21070165432368704,184284.42179629955
