cur_n,cur_mean,cur_std,cur_S,next_n,next_mean,next_std,next_S
4201000.0,-0.01749308233337861,0.06489738017754293,17693.225476369786,4201000.0,-0.01744704703736826,0.06122804083794637,15749.015409368412
4201000.0,-0.018330752975492644,0.08002312182101426,26901.943809145716,4201000.0,-0.018282096951524204,0.07382366089932281,22895.168148937035
4201000.0,-0.0244865361237599,0.10583328376433644,47054.07328379109,4201000.0,-0.024436701338474667,0.09967483085729283,41737.23707891215
4201000.0,0.03231356988998758,0.15092249289283996,95688.69281501618,4201000.0,0.032516293943801955,0.14168407783609716,84332.46160942627
4201000.0,0.03184738634922743,0.1562404794312185,102550.97822158034,4201000.0,0.0320699879854451,0.14250026397950408,85306.87230899329
4201000.0,0.049491691366798866,0.2263541396575361,215243.26166497415,4201000.0,0.049836174862977506,0.21085746675743028,186780.12027820278
