cur_n,cur_mean,cur_std,cur_S,next_n,next_mean,next_std,next_S
11751000.0,-0.023436692125069436,0.07407097199554073,64471.96599417148,11751000.0,-0.02339415695290028,0.0705507383534482,58489.50592272854
11751000.0,-0.02449064898644523,0.0835613555327915,82051.35912725008,11751000.0,-0.02445476661665813,0.07832583071374676,72091.63008048953
11751000.0,-0.03363650724587585,0.12438754528342699,181814.54396565168,11751000.0,-0.033555377583198015,0.11729125353444736,161661.3055674193
11751000.0,0.03242869357050023,0.13716461914981248,221084.87390427553,11751000.0,0.03264847255696306,0.12643070995110947,187836.49664463216
11751000.0,0.032277118717199675,0.14490386862829177,246737.28806662507,11751000.0,0.032513497451065694,0.13126023080201796,202460.89548302875
11751000.0,0.04857029591118805,0.21161691601479965,526229.9816566171,11751000.0,0.04891993034517525,0.19165309464676497,431624.90798894945
