cur_n,cur_mean,cur_std,cur_S,next_n,next_mean,next_std,next_S
10251000.0,-0.003471232347256202,0.08175258593758736,68512.4078870042,10251000.0,-0.007999162633350543,0.08579993464743299,75464.05668019917
10251000.0,-0.023142262602880423,0.15619215900727892,250083.2989779252,10251000.0,-0.025752999778170322,0.15160978507565276,235624.63656645827
10251000.0,-2.6703213005296552e-05,0.021991495262684464,4957.648730722789,10251000.0,-2.4624801101720472e-05,0.020754128804862895,4415.452823963057
10251000.0,-0.0014373229583335989,0.2274108797516717,530137.7250598797,10251000.0,0.0013536429295855508,0.22930249251015095,538993.8186145916
10251000.0,-0.0022081608396168004,0.4395743545512526,1980755.76069947,10251000.0,-0.0037686262729372364,0.4322707492261423,1915481.364525073
10251000.0,-8.50700990479953e-05,0.08612877285837457,76043.61468493126,10251000.0,0.00029192658813995706,0.08573107116820305,75342.96959395049
