cur_n,cur_mean,cur_std,cur_S,next_n,next_mean,next_std,next_S
151000.0,-0.05048545105769366,0.25872026866576847,10107.3627901916,151000.0,-0.049641009514831455,0.26108950806125364,10293.327414169782
151000.0,-0.0555020014232618,0.2848892502848779,12255.444624109849,151000.0,-0.054530091070781155,0.28675259213012394,12416.284413095125
151000.0,-0.016823962722728545,0.13705261490646492,2836.296307157665,151000.0,-0.01640452271417795,0.1398815456184632,2954.5938674961403
151000.0,0.02013785759973078,0.2357029698031707,8388.939386079195,151000.0,0.020187365275198824,0.23228743163955637,8147.575085552937
151000.0,0.017771737067606503,0.26645189887384746,10720.488776435333,151000.0,0.017842485027614752,0.2630665087117255,10449.802188872229
151000.0,0.007389698177255206,0.09388187599484103,1330.8848026869168,151000.0,0.007395186655464061,0.09350054823203156,1320.0952304732596
