cur_n,cur_mean,cur_std,cur_S,next_n,next_mean,next_std,next_S
6801000.0,-0.023846869736662706,0.07532968780808766,38592.69524566013,6801000.0,-0.02380498290383675,0.07171206423218049,34974.959683951034
6801000.0,-0.02527494554129984,0.08587815459931336,50157.76563164564,6801000.0,-0.02524599543069337,0.080429532606607,43995.05497387268
6801000.0,-0.03439326710153597,0.1267871345747154,109325.92193442925,6801000.0,-0.03432069727320556,0.11951765341047166,97148.67691134702
6801000.0,0.03259418579618583,0.1391210735878486,131631.13186351818,6801000.0,0.032809476233218296,0.12828469300748563,111923.80169062885
6801000.0,0.03230300674405186,0.14802987182120056,149029.24491247867,6801000.0,0.03253833170345541,0.1341372372643107,122369.0220605544
6801000.0,0.048571617386243944,0.21531166696515683,315288.33384687064,6801000.0,0.048933995514027995,0.19514415471208868,258990.52084552837
