cur_n,cur_mean,cur_std,cur_S,next_n,next_mean,next_std,next_S
701000.0,-0.019071200956322542,0.06847925675588028,3287.27543269228,701000.0,-0.01899587938094395,0.06464555336077404,2929.512346093799
701000.0,-0.02071572935339145,0.08498745549388058,5063.230181518357,701000.0,-0.020679550062163498,0.07835711614089674,4304.026192592505
701000.0,-0.026130854334158297,0.10922829775801007,8363.50554280987,701000.0,-0.026067908953881353,0.10258150050567491,7376.597936443043
701000.0,0.03330141191744252,0.15135511645654467,16058.76826557951,701000.0,0.033527078937548714,0.14150015737044058,14035.628469637473
701000.0,0.03218245131016558,0.16011192386903583,17970.71554369579,701000.0,0.03243519313298634,0.14528891171028527,14797.316374037306
701000.0,0.04814014328688206,0.22029913214654318,34020.72704478859,701000.0,0.0484575864838938,0.20358019784032472,29052.872763846728
