cur_n,cur_mean,cur_std,cur_S,next_n,next_mean,next_std,next_S
22201000.0,-0.023266449003098637,0.07341233052177751,119649.40942285191,22201000.0,-0.023221756264842713,0.07001948672243842,108845.47589191767
22201000.0,-0.023739801748327426,0.08128616081307737,146691.77410193405,22201000.0,-0.02370575532618683,0.07639615141499378,129573.293684654
22201000.0,-0.033097308634333404,0.12206825935775305,330809.55138636555,22201000.0,-0.03301723459947056,0.1154392439481619,295855.3889808191
22201000.0,0.03229742250704873,0.13470318750248883,402836.00660666404,22201000.0,0.0325152491210735,0.12401550059302396,341447.92524329823
22201000.0,0.03224159085626032,0.14095679166658465,441107.6088131171,22201000.0,0.03246661832838386,0.12773550321134508,362239.48128933384
22201000.0,0.04887751019545266,0.2072787426663857,953854.3574593035,22201000.0,0.04921784949973652,0.1879782052930336,784490.2215728806
