cur_n,cur_mean,cur_std,cur_S,next_n,next_mean,next_std,next_S
301000.0,-0.04923076978280276,0.1238697435188312,4618.457721185729,301000.0,-0.04920545328739087,0.1186253295855027,4235.662614600013
301000.0,-0.05648515257396963,0.13731761216260535,5675.69410962195,301000.0,-0.05650566215033459,0.12983594888348923,5074.0694603652855
301000.0,-0.072883358173102,0.19484683755293142,11427.55232141791,301000.0,-0.07280107769632836,0.18589339193255677,10401.46230242154
301000.0,0.03353464926231073,0.17008028261133112,8707.11806247823,301000.0,0.033705593676413605,0.1558883144345546,7314.651139751214
301000.0,0.030259358413333604,0.19788811286640184,11787.071269361566,301000.0,0.030507301375407827,0.17991259511951302,9742.931106673983
301000.0,0.04509850024474396,0.26684956414819144,21433.815655710005,301000.0,0.045506808627300006,0.2419410793360981,17619.18124696515
