cur_n,cur_mean,cur_std,cur_S,next_n,next_mean,next_std,next_S
7601000.0,-0.00366502082325808,0.08289136786677367,52226.310366735306,7601000.0,-0.008192612559059785,0.0869209180497208,57427.42480500233
7601000.0,-0.022790244138900774,0.15713366707703288,187676.2098903052,7601000.0,-0.02540103396183676,0.15255748030722552,176904.0382472379
7601000.0,-7.735067450503309e-06,0.02207506188838557,3704.0308244153794,7601000.0,-7.414381656046445e-06,0.020849498366464658,3304.1667257945483
7601000.0,-0.0014205022006487397,0.23029537272374118,403126.32206324616,7601000.0,0.0013706832927976088,0.23218422280180628,409766.21073071717
7601000.0,-0.002210839482246103,0.44028038427899463,1473429.6543513106,7601000.0,-0.0037712257662803374,0.4329777411017781,1424957.3743252372
7601000.0,-0.00017295821303990982,0.0859791134709442,56189.69285264942,7601000.0,0.00020403969311955526,0.08558137885553943,55671.03446420364
