cur_n,cur_mean,cur_std,cur_S,next_n,next_mean,next_std,next_S
1151000.0,-0.008052121657104264,0.1049649201512121,12681.297266165233,1151000.0,-0.012567492121579872,0.10900463700044712,13676.19453162673
1151000.0,-0.015608863405413613,0.17772794092464436,36356.891354096275,1151000.0,-0.01822208381160438,0.1732356019029332,34542.170405438956
1151000.0,6.486430936722239e-05,0.023510924820919318,636.2308874110929,1151000.0,7.338721839991799e-05,0.022349512661872985,574.9253243729272
1151000.0,-0.000811933290690439,0.28560076586281496,93884.53487810185,1151000.0,0.0019840512715005136,0.28756239671364736,95178.64393625538
1151000.0,-0.002333269747902432,0.4602991592630995,243868.488737082,1151000.0,-0.003891942866697356,0.45307692593155824,236275.78463414093
1151000.0,0.0002371827302718897,0.08677385198967899,8666.68629888485,1151000.0,0.000614199685653651,0.08637811584466279,8587.816910301955
