cur_n,cur_mean,cur_std,cur_S,next_n,next_mean,next_std,next_S
22801000.0,-0.023258590799959126,0.07337384686468289,122754.23172626384,22801000.0,-0.02321347066320408,0.06998680349655488,111682.77888423449
22801000.0,-0.023733289622335334,0.08124047414809277,150486.93380223782,22801000.0,-0.023698052426089182,0.07636921529814421,132981.2928888434
22801000.0,-0.033084320239699545,0.12199262377633668,339329.04803328984,22801000.0,-0.03300499320679912,0.11537208778744808,303497.6957205499
22801000.0,0.03226460854693358,0.13451913670521792,412593.17298825004,22801000.0,0.032482487983252706,0.12383346137338905,349647.09107644943
22801000.0,0.032258118607890435,0.1408378571618345,452264.7211285803,22801000.0,0.032481497428953406,0.12763117992923068,371421.86217300064
22801000.0,0.04885580892605131,0.2070664582283353,977627.4897276971,22801000.0,0.04919639977189892,0.18775995437795526,803821.9044711379
