cur_n,cur_mean,cur_std,cur_S,next_n,next_mean,next_std,next_S
5351000.0,-0.017620887270144107,0.06508986896780233,22670.53376705662,5351000.0,-0.017572381704540885,0.06144319320674981,20201.44832020607
5351000.0,-0.018605296898699532,0.08034615443395465,34543.40475247049,5351000.0,-0.018559763317793614,0.07415477790684798,29424.780243401045
5351000.0,-0.024206433222584606,0.1050172689565715,59014.18189494739,5351000.0,-0.02414470791893209,0.098944282110438,52386.13461953453
5351000.0,0.03242703629835308,0.15115614515982068,122260.61235495537,5351000.0,0.03263816783147919,0.14196093108925706,107838.19976910477
5351000.0,0.03204526171414311,0.15656847474041838,131172.74064887702,5351000.0,0.03227253755463197,0.14285007708521746,109193.27934392453
5351000.0,0.04924407470299473,0.22512623568684403,271198.42949272174,5351000.0,0.04957972259716293,0.20971747075035774,235344.56524544818
