cur_n,cur_mean,cur_std,cur_S,next_n,next_mean,next_std,next_S
30001000.0,-0.02345724945731512,0.07348549209860834,162008.92658678786,30001000.0,-0.02341410759821509,0.07012719047251173,147539.60312988175
30001000.0,-0.02376002786936197,0.08050428078058161,194434.65765918564,30001000.0,-0.023722250105281274,0.07581103407394674,172425.13393372073
30001000.0,-0.03311517836862879,0.12155303271865403,443268.9680328284,30001000.0,-0.03303009148133558,0.11511101486880809,397529.62286955287
30001000.0,0.032177331973252295,0.13337466755980107,533681.8472025703,30001000.0,0.0323969707254719,0.12260876900567144,451002.34002282
30001000.0,0.0322674368934106,0.1391106604866242,580572.6276066059,30001000.0,0.032491344430317634,0.12606105965255704,476757.61421252706
30001000.0,0.04884766026782684,0.20507183570504628,1261675.7884409244,30001000.0,0.04919436236858472,0.18585548255694098,1036302.3541545982
