cur_n,cur_mean,cur_std,cur_S,next_n,next_mean,next_std,next_S
2251000.0,-0.0195050305654317,0.1363796034964348,41867.24095840057,2251000.0,-0.018852753268648704,0.13779515969137682,42740.87608337146
2251000.0,-0.003972261217053171,0.11830109151018592,31503.078716380613,2251000.0,-0.0034626254446201246,0.11883216571492841,31786.559202733963
2251000.0,0.0024163342113391415,0.0584356056429095,7686.534735427536,2251000.0,0.0026609538843632864,0.058125057924054695,7605.0538293767795
2251000.0,0.006887554171935583,0.19768435983163082,87967.06788071585,2251000.0,0.006937351921032833,0.19391806596181288,84647.09090563889
2251000.0,3.0789849793662216e-05,0.239674207672777,129305.82682886379,2251000.0,7.274378428625246e-05,0.23670748049691417,126124.50090851646
2251000.0,0.00023247404872971046,0.06683079320942267,10053.764927172388,2251000.0,0.00023456702087395047,0.06413366402747663,9258.648565437401
