cur_n,cur_mean,cur_std,cur_S,next_n,next_mean,next_std,next_S
3551000.0,-0.02309645423126654,0.1322051678539398,62065.1109522811,3551000.0,-0.02244886897801868,0.1335759611773286,63358.85032319199
3551000.0,-0.0029750375468952034,0.10596603436953556,39873.470362459855,3551000.0,-0.002472758125032198,0.10638010935338918,40185.69994210463
3551000.0,0.002907482315283783,0.05441474225433568,10514.383784025142,3551000.0,0.003143032668169532,0.053822545138907274,10286.772462930703
3551000.0,0.006730727397027248,0.19286315333699966,132083.69169448828,3551000.0,0.0067755306933107795,0.18892919499774713,126750.24880558599
3551000.0,-0.0005637251794977405,0.2319976350544098,191125.12738414967,3551000.0,-0.0005204010469750314,0.22888631545233404,186033.14512017742
3551000.0,0.0001049978742792873,0.06572242932914354,15338.323332798072,3551000.0,0.00010998581820056134,0.06289140029915372,14045.370550370382
