cur_n,cur_mean,cur_std,cur_S,next_n,next_mean,next_std,next_S
22651000.0,-0.023256809308851694,0.07338060975359957,121969.15427278596,22651000.0,-0.023211695686654703,0.06999244843233463,110965.95421341351
22651000.0,-0.023732621444009186,0.08124574391249922,149516.32684413483,22651000.0,-0.023697298066749754,0.0763690915397246,132106.02616809684
22651000.0,-0.03308789230379905,0.1220154990441134,337223.15024019545,22651000.0,-0.03300851315513471,0.11539109912024666,301600.4604832012
22651000.0,0.0322651852921757,0.1345547029119535,410095.63188322587,22651000.0,0.032483033106279,0.12387012732846715,347552.60507343995
22651000.0,0.03224783191832056,0.14085935014460324,449426.5666060958,22651000.0,0.03247197289639508,0.1276457112140288,369062.4283713344
22651000.0,0.048860602342429005,0.20712075500101915,971705.4110043055,22651000.0,0.04920140409468058,0.18781246105033622,798980.5134295347
