cur_n,cur_mean,cur_std,cur_S,next_n,next_mean,next_std,next_S
9501000.0,-0.02347712649673689,0.0743752160846672,52556.422965356556,9501000.0,-0.02343286198747326,0.07079716625722594,47621.28036425633
9501000.0,-0.02467306470834475,0.08420720550892047,67370.1987198645,9501000.0,-0.024639307304660085,0.07888505502420304,59123.31596053581
9501000.0,-0.03367022778650106,0.12473386033698669,147821.64972430014,9501000.0,-0.033588886590655544,0.11758750254546103,131368.62399210353
9501000.0,0.03249621717869372,0.13821134376884728,181491.670066256,9501000.0,0.032718794818323335,0.12745000724703728,154329.5348034109
9501000.0,0.03228206197299962,0.14619715989528898,203070.66444332406,9501000.0,0.03251649051345683,0.13248820728353572,166772.2412825179
9501000.0,0.048562729703858415,0.21300944044252973,431089.07933929405,9501000.0,0.04890571078997326,0.19305602788723222,354108.25471406354
