cur_n,cur_mean,cur_std,cur_S,next_n,next_mean,next_std,next_S
15551000.0,-0.023474660108482797,0.07386633162654802,84849.90967577523,15551000.0,-0.023430539647853806,0.07038348482854445,77037.08709922127
15551000.0,-0.024221424018398573,0.0826490303139298,106226.73825621321,15551000.0,-0.024188767099039662,0.07752191782461904,93456.03205461186
15551000.0,-0.03344622618319115,0.12352842484466531,237296.93490033873,15551000.0,-0.033372159494573055,0.11657860771704259,211346.98170792306
15551000.0,0.03236241255679476,0.13593528214963052,287357.61291063274,15551000.0,0.03258401894194823,0.1251522648630689,243576.7032649323
15551000.0,0.032193280743039565,0.14299949038021256,318000.1324262069,15551000.0,0.032425758527168884,0.12945162178334182,260599.34076772863
15551000.0,0.048644810157570766,0.20950102429230033,682543.9519207624,15551000.0,0.048996926956785355,0.18972363450586205,559759.1390287618
