cur_n,cur_mean,cur_std,cur_S,next_n,next_mean,next_std,next_S
15901000.0,-0.02348522655767621,0.07388900558567738,86812.86341354661,15901000.0,-0.023441224857680364,0.07041409009966208,78839.44908864149
15901000.0,-0.024205460308573592,0.08259037323825638,108463.42022074012,15901000.0,-0.02417204448891618,0.07747511023709777,95444.04642208842
15901000.0,-0.033407858936741086,0.12335665872855045,241963.37438273846,15901000.0,-0.03333484726644932,0.11642519580024051,215535.29167849413
15901000.0,0.03237637509762341,0.1358765747834882,293571.3152843713,15901000.0,0.03259598920022642,0.1251022661528475,248859.8248225851
15901000.0,0.03220491201673879,0.14287278999609201,324581.29516227305,15901000.0,0.03243625544970579,0.12932813751540956,265956.4235031077
15901000.0,0.04862223700858446,0.20918633261120556,695810.6147678334,15901000.0,0.048972726146120894,0.18943462527599533,570614.973807216
