cur_n,cur_mean,cur_std,cur_S,next_n,next_mean,next_std,next_S
6651000.0,-0.02387571595763092,0.0754154187876188,37827.465334955225,6651000.0,-0.023834356662128763,0.07178952538346359,34277.497835261485
6651000.0,-0.025335601134055936,0.08607981307328448,49282.142288783856,6651000.0,-0.02530801735416006,0.08062152217024925,43230.368246206184
6651000.0,-0.03440235346623517,0.126871745082963,107057.42044733612,6651000.0,-0.03433114905909808,0.11958521943336568,95113.45492576629
6651000.0,0.032629745618364736,0.13928063628499762,129023.3851279367,6651000.0,0.03284441252042318,0.12843008990737392,109703.509445541
6651000.0,0.0323405821988958,0.14833310577790104,146340.0260038943,6651000.0,0.03257633602020423,0.13442992459494885,120192.91217154078
6651000.0,0.04852478678079473,0.21545899632699803,308756.57358237664,6651000.0,0.0488893149372616,0.19527405843073725,253615.65196636904
