cur_n,cur_mean,cur_std,cur_S,next_n,next_mean,next_std,next_S
32601000.0,-0.023499034528634926,0.07351838806996898,176206.88528503818,32601000.0,-0.02345542100676862,0.07016629169195261,160504.7800759756
32601000.0,-0.02377475531772731,0.08033732201886667,210409.6351640256,32601000.0,-0.0237373333513528,0.07568069669751544,186724.43956330777
32601000.0,-0.03298138355759848,0.12121169472879147,478982.85528717795,32601000.0,-0.032898035326718186,0.11482814222133247,429860.55872192944
32601000.0,0.03220418700011748,0.13331175106444987,579385.7209059291,32601000.0,0.03242268534057438,0.12255510609478189,489659.00112887565
32601000.0,0.0322871507384172,0.13886318134643044,628644.5331401767,32601000.0,0.03250898495397073,0.12585785205961358,516406.32515586726
32601000.0,0.04883112895181447,0.20463736509797334,1365214.1853834586,32601000.0,0.04917869765971598,0.185497932862091,1121783.5584162436
