cur_n,cur_mean,cur_std,cur_S,next_n,next_mean,next_std,next_S
1951000.0,-0.013154030756411242,0.11869586378613299,27487.0694639556,1951000.0,-0.012530622593137053,0.12003064572146468,28108.751384920262
1951000.0,0.0022454996681114886,0.11619048038080275,26338.94430341845,1951000.0,0.002829392112177823,0.11595392437867529,26231.80484126913
1951000.0,0.0043212322142358,0.04816516312140908,4526.091613036805,1951000.0,0.004594320474015097,0.04657633046602135,4232.410745935736
1951000.0,0.004565446269455865,0.18732895623832585,68464.76093625951,1951000.0,0.00457831382225875,0.18336567940700987,65598.41912195334
1951000.0,0.0016891493066849214,0.21039655498165225,86364.35188923562,1951000.0,0.0017395329521343954,0.2066730453761614,83334.52173354596
1951000.0,0.0003106229763358015,0.06610892972336505,8526.632039468366,1951000.0,0.00032304366969853216,0.06283035643119052,7701.872347766637
