cur_n,cur_mean,cur_std,cur_S,next_n,next_mean,next_std,next_S
11851000.0,-0.023432413076214992,0.07405757030258478,64997.090595318215,11851000.0,-0.023390331561138587,0.07053963662558245,58968.68381327544
11851000.0,-0.0244849804163421,0.08351745217184531,82662.67824954343,11851000.0,-0.02444925037049393,0.07828086095642682,72621.66221933332
11851000.0,-0.03365302550102474,0.1244049639060026,183413.1278718221,11851000.0,-0.033571971139313296,0.11731059996977483,163090.81763029742
11851000.0,0.032413167925235374,0.13709685346404404,222746.03021966733,11851000.0,0.03263219232208278,0.12635851474081672,189218.68630718408
11851000.0,0.03226908661500982,0.14481339998873075,248526.38259392534,11851000.0,0.032505788093555976,0.13116173699852704,203877.50824303113
11851000.0,0.04858239210442509,0.2115781209926054,530513.5855020073,11851000.0,0.048933753517247144,0.1916109811308754,435106.7166338397
