cur_n,cur_mean,cur_std,cur_S,next_n,next_mean,next_std,next_S
32301000.0,-0.023499890683160538,0.0735267420717484,174625.07831163864,32301000.0,-0.023456960932399313,0.07017356173125205,159060.74347217596
32301000.0,-0.02377538751560138,0.08034592087518576,208518.03960839732,32301000.0,-0.02373757162265429,0.07568592603246656,185031.73695976098
32301000.0,-0.03300397629803949,0.12126168448924037,474966.6992390541,32301000.0,-0.032920506112539334,0.1148706082889423,426219.98500874196
32301000.0,0.03220155350195698,0.13331503260622238,574082.3756750986,32301000.0,0.03242073982690445,0.12255674633456712,485166.06128540053
32301000.0,0.0322822126423914,0.13885325645666943,622770.6067913066,32301000.0,0.032504003677169095,0.12584591252566601,511557.1936848873
32301000.0,0.04883293051827565,0.2046759895338595,1353161.9126014567,32301000.0,0.04918079898362611,0.1855225145105346,1111755.308110452
