cur_n,cur_mean,cur_std,cur_S,next_n,next_mean,next_std,next_S
18151000.0,-0.02343021910618424,0.0737690718754337,98775.49064730205,18151000.0,-0.023386947773014578,0.0703253866039066,89768.67467794997
18151000.0,-0.023999562182835783,0.08210843468017402,122370.32187320117,18151000.0,-0.023968201047189584,0.07707274647759699,107820.71993848849
18151000.0,-0.033251492516626305,0.12276730156984907,273568.42938590684,18151000.0,-0.03317150675134502,0.11597084305314685,244117.09059444428
18151000.0,0.03239268577265891,0.13548657883345405,333190.88336153066,18151000.0,0.03261173870245297,0.12474579189057135,282457.0151010585
18151000.0,0.03219511492165215,0.1420965910216659,366494.84885779134,18151000.0,0.03242400269906655,0.12865851869166753,300453.7649540369
18151000.0,0.04875321253580487,0.20838118011753037,788165.722239447,18151000.0,0.04909246424738497,0.18879371222629726,646957.2869035511
