cur_n,cur_mean,cur_std,cur_S,next_n,next_mean,next_std,next_S
14301000.0,-0.023497538295246603,0.07401564594718098,78345.39489903678,14301000.0,-0.023453839464356606,0.07051561216544182,71111.02974621726
14301000.0,-0.024291209842664318,0.08288523955675646,98247.33995318334,14301000.0,-0.024257477378067424,0.07770986589511633,86361.21140460603
14301000.0,-0.03348074373048756,0.12380286363573695,219193.55848409137,14301000.0,-0.03340685314446276,0.11678926448324194,195061.81160137244
14301000.0,0.03241715453800529,0.13644104833812054,266229.69946362806,14301000.0,0.032639348803945686,0.12565324099662134,225794.7274502295
14301000.0,0.03215424044675321,0.14351561122152479,294553.84522998054,14301000.0,0.032390550746483476,0.12989848071893437,241309.57230644234
14301000.0,0.04856912802977442,0.2101029591500865,631292.6674972514,14301000.0,0.04892183271226258,0.190240463805036,517573.69861726835
