cur_n,cur_mean,cur_std,cur_S,next_n,next_mean,next_std,next_S
6001000.0,-0.02390245492353181,0.07569261193746377,34381.95838299481,6001000.0,-0.023865760253566303,0.07203723122630284,31141.36545919368
6001000.0,-0.025452115510984422,0.08654002538725475,44942.5451401542,6001000.0,-0.025425991376169764,0.08102189424500589,39393.84862964055
6001000.0,-0.03444350722359832,0.1271473655686327,97014.88187883222,6001000.0,-0.03437022702530416,0.11979921055942676,86125.45695482187
6001000.0,0.03264283039984106,0.13994947751003856,117534.72338825204,6001000.0,0.03285765123317143,0.12906567978663513,99964.35614241619
6001000.0,0.03229337177722624,0.14912931204660723,133459.54982067764,6001000.0,0.03253350694863904,0.135164260476338,109634.5332380022
6001000.0,0.048506916254598034,0.21626303714142983,280664.9771030464,6001000.0,0.04886041337854999,0.19602791547326043,230600.08881239517
