cur_n,cur_mean,cur_std,cur_S,next_n,next_mean,next_std,next_S
5001000.0,-0.017573083915795002,0.06499014821759513,21122.820546090265,5001000.0,-0.017524338868913546,0.06133802228013086,18815.52723916639
5001000.0,-0.018511975624411297,0.08025158828495939,32208.027428715417,5001000.0,-0.018469750900211246,0.07404581781163948,27419.39846010792
5001000.0,-0.02430040449889478,0.10534518720813653,55499.13994805457,5001000.0,-0.024236731995135055,0.0992339803766406,49246.761689818835
5001000.0,0.03239690344742242,0.15106311169655337,114123.13864094226,5001000.0,0.03260464728840084,0.14186376275628163,100646.76124403616
5001000.0,0.03192618238488884,0.15646731330759728,122434.58268862274,5001000.0,0.03215453815275016,0.14271009549603036,101851.222953787
5001000.0,0.04935728752278496,0.22571592591642492,254789.3437407574,5001000.0,0.04968971591202133,0.21024913307825235,221067.6944987435
