cur_n,cur_mean,cur_std,cur_S,next_n,next_mean,next_std,next_S
2501000.0,-0.0205147346723664,0.13468357776293674,45367.30496368159,2501000.0,-0.019868113831804122,0.13610001412139955,46326.55782345674
2501000.0,-0.0036915235270773453,0.11507887344512145,33121.110930609095,2501000.0,-0.003182858642313427,0.1155806147765331,33410.55515881548
2501000.0,0.002513276114161584,0.057324017309115786,8218.393444099971,2501000.0,0.002757387744253024,0.05693918495632582,8108.419029510192
2501000.0,0.006742103186372907,0.19634864628967094,96420.53004036557,2501000.0,0.006789517445591943,0.19254380794335954,92719.86806130064
2501000.0,-0.00010235022792932191,0.23777368223574336,141397.3462338246,2501000.0,-6.2647728004132e-05,0.23476886818241954,137846.17009060338
2501000.0,0.00026692681474172283,0.06662387040693732,11101.289010108947,2501000.0,0.000271882276524142,0.0638968984230379,10211.116883838144
