cur_n,cur_mean,cur_std,cur_S,next_n,next_mean,next_std,next_S
8101000.0,-0.0035961653790902073,0.0825760090073225,55239.076632240576,8101000.0,-0.008124303575673326,0.0866141516458068,60773.79326038013
8101000.0,-0.022858321434273972,0.15693451878516507,199515.0182524701,8101000.0,-0.02546928367257711,0.15235793642818882,188048.0333613065
8101000.0,-1.5933013512942126e-05,0.022079271056278715,3949.190598261056,8101000.0,-1.4684617891288867e-05,0.020848406549375302,3521.1487068047313
8101000.0,-0.001447797501744954,0.22952106364734418,426760.0210469043,8101000.0,0.0013433347938453775,0.23141547853791952,433833.85514987475
8101000.0,-0.002219433042480671,0.44014516700148937,1569388.6488496633,8101000.0,-0.0037798629277546376,0.4328429155718869,1517746.568431811
8101000.0,-0.00012657178758265785,0.08611588149559923,60076.57081573491,8101000.0,0.00025042558069246067,0.0857184454288642,59523.32793449022
