cur_n,cur_mean,cur_std,cur_S,next_n,next_mean,next_std,next_S
12051000.0,-0.023441076435909983,0.07408744364191934,66147.32807931003,12051000.0,-0.023398487075783594,0.07057276924619471,60020.19541263267
12051000.0,-0.024473433763873165,0.08346071683128631,83943.5453018595,12051000.0,-0.02443887433876891,0.07822840378087288,73748.3017383027
12051000.0,-0.03362725653978295,0.12432038553865157,186254.93259703205,12051000.0,-0.033548726657464965,0.117231878316581,165620.66850157917
12051000.0,0.0324123537792018,0.13706866752906025,226412.01421883245,12051000.0,0.03263129319068829,0.12632652430009908,192314.5668287512
12051000.0,0.0322588742885616,0.14468316602431708,252266.216514913,12051000.0,0.032495397000591,0.1310277252422752,206894.7588898724
12051000.0,0.0485467970882958,0.2113507850991983,538307.9792170345,12051000.0,0.048897613163685134,0.1913924656957458,441441.0959733468
