cur_n,cur_mean,cur_std,cur_S,next_n,next_mean,next_std,next_S
21501000.0,-0.023284045776938628,0.07345931478175122,116025.22122732307,21501000.0,-0.023239669110256267,0.0700562388446255,105524.25479928817
21501000.0,-0.023749854865121066,0.08138010360143835,142395.12985815023,21501000.0,-0.023716226894806642,0.07646780539344962,125723.34045160707
21501000.0,-0.03310908335274657,0.12215154506612308,320816.4201838456,21501000.0,-0.0330296144691758,0.1155046101842539,286851.6132520275
21501000.0,0.03233544556892629,0.13491051977625268,391336.44029376755,21501000.0,0.03255371177217626,0.12421284160891466,331735.27427208895
21501000.0,0.03222150233719229,0.14115389593493285,428395.00468094955,21501000.0,0.03244816775962619,0.1279043210991092,351745.9396655725
21501000.0,0.04889049579162226,0.20753569759008716,926070.9852111627,21501000.0,0.04923005547101878,0.18821716520403567,761688.0031663075
