cur_n,cur_mean,cur_std,cur_S,next_n,next_mean,next_std,next_S
26701000.0,-0.023345608147020525,0.07345275372428293,144060.09299948995,26701000.0,-0.02330105679086737,0.0700817784693306,131140.77793610303
26701000.0,-0.023663385160840728,0.0806957757587691,173871.79142399022,26701000.0,-0.023627423274708646,0.07592753231736175,153931.00236373098
26701000.0,-0.032971193845277386,0.12148822875728274,394090.4650894623,26701000.0,-0.03288891119074077,0.11496275230667097,352892.01539301494
26701000.0,0.032244609564106526,0.1340083286056572,479502.7562548398,26701000.0,0.03246386935691159,0.12328254225605376,405817.4240958137
26701000.0,0.032250578812591676,0.13980374739594312,521873.3889726154,26701000.0,0.03247564693600422,0.12669392692056072,428587.126216467
26701000.0,0.04869689644074221,0.20564471829984807,1129178.619145622,26701000.0,0.04903700030574321,0.18640428087375224,927767.7898351492
