cur_n,cur_mean,cur_std,cur_S,next_n,next_mean,next_std,next_S
8951000.0,-0.023507922216999152,0.0744803311702766,49654.058914276204,8951000.0,-0.023464573876350044,0.0708969928996306,44991.15962338414
8951000.0,-0.024758763247218613,0.08446999987865349,63867.004052402,8951000.0,-0.02472550646055031,0.0791238286473101,56038.45390554939
8951000.0,-0.03377167831563712,0.1250259113387489,139917.36410796418,8951000.0,-0.033689338959036884,0.1178702638193978,124359.81528014009
8951000.0,0.03247937296323724,0.13832244792056686,171260.37450830324,8951000.0,0.03270209883151513,0.12754435057780616,145610.94177197752
8951000.0,0.03224928000720565,0.1465140069165112,192145.3366476696,8951000.0,0.03248438749324942,0.13276020334433758,157763.80602025928
8951000.0,0.04856685629960061,0.2133742748739446,407526.330124114,8951000.0,0.04891182649425028,0.1934126385374297,334843.0247255395
