cur_n,cur_mean,cur_std,cur_S,next_n,next_mean,next_std,next_S
26951000.0,-0.023351766344018504,0.07343922553436755,145355.36319886066,26951000.0,-0.02330807929046055,0.07006879871502653,132319.61474979142
26951000.0,-0.02367907167493497,0.08069867736959571,175512.36473852576,26951000.0,-0.023642999095157467,0.07593740298614586,155412.64968212674
26951000.0,-0.03298538213857414,0.12149929213066284,397852.76386138366,26951000.0,-0.03290350954592913,0.11497867242574047,356294.7833846883
26951000.0,0.03222596415085439,0.13391080737577113,483288.1438525641,26951000.0,0.03244513723335546,0.12317994515948114,408935.5783707199
26951000.0,0.03225775555809185,0.1397490339777662,526347.4376060208,26951000.0,0.03248223251561101,0.1266452992396796,432267.94656755985
26951000.0,0.04870014762443931,0.20556916986856952,1138913.781715803,26951000.0,0.04904091282952175,0.1863245028678719,935653.02576383
