cur_n,cur_mean,cur_std,cur_S,next_n,next_mean,next_std,next_S
32951000.0,-0.0234930017587328,0.07349370146145436,177979.0322151067,32951000.0,-0.023449603388987942,0.0701422901720358,162116.97162641794
32951000.0,-0.02378095650543419,0.08033950342626185,212680.1144009571,32951000.0,-0.023742661857508316,0.07568716247497942,188761.33781434761
32951000.0,-0.03295036048301486,0.12115022887928825,483634.281077712,32951000.0,-0.0328672683803301,0.11477745860132069,434092.0257131243
32951000.0,0.03220269700653532,0.13329577648726168,585465.5925308492,32951000.0,0.03242107331041957,0.12254351229062016,494822.2806413838
32951000.0,0.03230740407239872,0.1389023948364226,635752.4847234103,32951000.0,0.03252942058588777,0.12590680140356084,522356.4734999542
32951000.0,0.0488274141897634,0.20460145534124916,1379386.7063951266,32951000.0,0.04917447008592204,0.18548511158764697,1133670.1468780874
