cur_n,cur_mean,cur_std,cur_S,next_n,next_mean,next_std,next_S
251000.0,-0.002703764516798918,0.11807006539174333,3499.0756257442476,251000.0,-0.002176319999002189,0.11903408532438688,3556.447480722367
251000.0,0.0039985967088046635,0.11810855285452505,3501.357194604925,251000.0,0.004575932228772976,0.11822354954123832,3508.178724198537
251000.0,0.00382645390022513,0.045973471139539354,530.5035722031325,251000.0,0.004107316013768263,0.044461948681182084,496.1930850125454
251000.0,0.003934427859722664,0.20563838237010879,10614.073220252563,251000.0,0.003941729813939018,0.20207613919187303,10249.526273704003
251000.0,-0.000345177066868906,0.23869314073262482,14300.578273633964,251000.0,-0.00033004606478841494,0.2354421948503124,13913.689806099052
251000.0,0.0006684927488455699,0.06573291294419517,1084.5247768764143,251000.0,0.0006876091098292319,0.06233509481484892,975.3016754396273
