cur_n,cur_mean,cur_std,cur_S,next_n,next_mean,next_std,next_S
31101000.0,-0.02349820761139358,0.07354729386709931,168231.66713832988,31101000.0,-0.023454362521032925,0.07019185343766057,153231.40148462512
31101000.0,-0.023774065777096905,0.0804414422086601,201249.14775097082,31101000.0,-0.023735986041640143,0.07576919600899763,178549.94105679585
31101000.0,-0.03309284635089933,0.12149311445499009,459068.70092203026,31101000.0,-0.033008695738871094,0.11507572582196916,411852.5875670624
31101000.0,0.032202272338775054,0.1333522398827457,553063.4811421622,31101000.0,0.032420412546108245,0.12258494030033802,467356.8290679927
31101000.0,0.03227611539215681,0.13896362313348415,600587.9449299282,31101000.0,0.03249982578256935,0.1259381923756984,493275.18052279565
31101000.0,0.048859388844372506,0.20491824070384565,1305977.1865906252,31101000.0,0.04920594330419057,0.18571915026487779,1072723.3379086417
