cur_n,cur_mean,cur_std,cur_S,next_n,next_mean,next_std,next_S
31251000.0,-0.02350118416430894,0.07354682956845468,169040.91349774328,31251000.0,-0.023457209217455116,0.07019214273382836,153971.7051108432
31251000.0,-0.02377232971562366,0.08042400147818218,202132.09345009655,31251000.0,-0.023734308683560985,0.07575364715620823,179337.45916091045
31251000.0,-0.033077544166714164,0.12144085441834751,460886.03293919296,31251000.0,-0.03299327570324923,0.11502698300437912,413488.4443033729
31251000.0,0.032203618313990906,0.13334172196097097,555643.2429997182,31251000.0,0.032421982089351695,0.12257722252582855,469551.75899255986
31251000.0,0.03227273149585932,0.13893513358586962,603237.1574877019,31251000.0,0.03249580521940961,0.12591118717629962,495441.69913159224
31251000.0,0.04884870042467375,0.20483884951169054,1311259.2798690505,31251000.0,0.049194812393595806,0.1856484647854016,1077076.7302642425
