cur_n,cur_mean,cur_std,cur_S,next_n,next_mean,next_std,next_S
6951000.0,-0.023843887219248138,0.07534852512657013,39463.60905954687,6951000.0,-0.02380343561666397,0.07173390042274885,35768.12541800275
6951000.0,-0.025220836073875704,0.08573291173214347,51090.76860295102,6951000.0,-0.02518924221160094,0.08029612387749092,44816.34666026786
6951000.0,-0.03434292043810935,0.12665974917118705,111512.75250981083,6951000.0,-0.03427096265120658,0.11940854157792614,99110.13702208461
6951000.0,0.03263011311525021,0.1391939965310696,134675.40722719562,6951000.0,0.03284638949164659,0.1283696861299637,114543.9741801996
6951000.0,0.03228563313588513,0.14785501793950526,151956.55009907528,6951000.0,0.03251845064118739,0.13397192559736226,124759.86257229118
6951000.0,0.04859332853690422,0.21512904431560895,321695.7951773315,6951000.0,0.04894892374226245,0.1950076398451387,264332.48618549865
