cur_n,cur_mean,cur_std,cur_S,next_n,next_mean,next_std,next_S
1851000.0,-0.026487517410739965,0.08283673866162722,12701.423678647336,1851000.0,-0.026469006449199348,0.07885863662437334,11510.785139541924
1851000.0,-0.029823034960821677,0.09569151714694854,16949.359806140666,1851000.0,-0.029810889073396667,0.08967412437014043,14884.721324451666
1851000.0,-0.039799748448266524,0.14011450258710673,36338.96866901505,1851000.0,-0.03973741384355285,0.13206190724617076,32282.082936513478
1851000.0,0.0326970567090882,0.1456026939210714,39241.46742706249,1851000.0,0.03291155360571679,0.13437377978597279,33422.23479653682
1851000.0,0.032288762748280624,0.15943833318213366,47053.49744469747,1851000.0,0.03251286318460607,0.14478804942917617,38803.58520564279
1851000.0,0.04866296999960333,0.23026247975830005,98141.51854080129,1851000.0,0.04901948400060684,0.20878554063221003,80687.68505958289
