cur_n,cur_mean,cur_std,cur_S,next_n,next_mean,next_std,next_S
5401000.0,-0.01762084811987873,0.06506987077933024,22868.309737572406,5401000.0,-0.01757244242115205,0.06142301242790045,20376.819647332988
5401000.0,-0.01862307977228219,0.0803964017310909,34909.80320246887,5401000.0,-0.018578411030241146,0.074202387977253,29737.875654626132
5401000.0,-0.02421281762478012,0.1050571636903348,59610.87827799479,5401000.0,-0.02415015921884434,0.09898837439014327,52922.76932604153
5401000.0,0.03241446567097762,0.15109219399905494,123298.62472330693,5401000.0,0.03262623222611073,0.14190428130539226,108758.99211017226
5401000.0,0.03208741639545516,0.1566596356982771,132552.64610988833,5401000.0,0.03231272924585232,0.14293640872513375,110346.84228882706
5401000.0,0.04926639092966463,0.22522705371789872,273977.74614853074,5401000.0,0.04960301234039547,0.20980993378850013,237753.14511652428
