cur_n,cur_mean,cur_std,cur_S,next_n,next_mean,next_std,next_S
5051000.0,-0.023986273359586408,0.07612407881252317,29269.915519404014,5051000.0,-0.02395297952418517,0.07240837997138407,26482.25909839576
5051000.0,-0.025642148571057278,0.08712078226645888,38337.24507943739,5051000.0,-0.02561534199281855,0.08154110733974831,33583.857492457595
5051000.0,-0.03469120734063681,0.12808397498609378,82864.20397825162,5051000.0,-0.03462067464289793,0.12063698951534849,73508.63364183715
5051000.0,0.032606996891855984,0.14089849646819969,100274.40323665336,5051000.0,0.03282698022386719,0.1299772106098175,85331.97422871765
5051000.0,0.03221549991789818,0.15016398414599633,113896.12100185972,5051000.0,0.03245845885458516,0.13620121378695255,93699.94248768476
5051000.0,0.04867032178113529,0.21850480329602648,241156.70711941132,5051000.0,0.04903532492329048,0.1981336669985661,198286.85444140667
