cur_n,cur_mean,cur_std,cur_S,next_n,next_mean,next_std,next_S
5551000.0,-0.025769773923080427,0.13024191283864003,94161.36797812674,5551000.0,-0.02512009134116913,0.131636592336614,96188.79624551926
5551000.0,-0.002725572702244102,0.09691474962332924,52137.59372346147,5551000.0,-0.0022290393723763628,0.09724202187537846,52490.3160530027
5551000.0,0.0033765455788825785,0.052466300657689764,15280.308223806895,5551000.0,0.0036276086685666587,0.05165235108122363,14809.87578118203
5551000.0,0.006826711141176367,0.1881159834411293,196436.69652765495,5551000.0,0.006883328036231775,0.18408923177216072,188116.98000753138
5551000.0,-0.0009449090072410175,0.22275957800246138,275450.77606427425,5551000.0,-0.0009035239155645846,0.21952583183493216,267511.5207684878
5551000.0,-2.1946040612883278e-05,0.06497263757268523,23433.23360762403,5551000.0,-4.28207071569778e-06,0.061975406611214236,21321.119137695245
