cur_n,cur_mean,cur_std,cur_S,next_n,next_mean,next_std,next_S
5751000.0,-0.0039060471457382034,0.08430504456342469,40874.31543887473,5751000.0,-0.008433213828649911,0.0883354727971316,44875.948742937755
5751000.0,-0.022401508855736104,0.15845727063737902,144400.1717592414,5751000.0,-0.025011756112390548,0.15388000146849104,136178.24445352308
5751000.0,-1.4963511201830807e-05,0.022291708303231943,2857.7884099482617,5751000.0,-1.2418835375048101e-05,0.021067544610663805,2552.5320979892017
5751000.0,-0.0013993961124411187,0.23365070650291647,313962.3453861934,5751000.0,0.0013921075874158456,0.23554760608796865,319080.86239392764
5751000.0,-0.002183732976187307,0.44150314173098026,1121013.8139345332,5751000.0,-0.0037440771310808616,0.43420250035200864,1084246.4468549443
5751000.0,-6.175572697604888e-05,0.08623039792172826,42762.60445452843,5751000.0,0.0003152431724090739,0.08583312311942654,42369.48621552358
