cur_n,cur_mean,cur_std,cur_S,next_n,next_mean,next_std,next_S
8801000.0,-0.003583025192373888,0.08240772280722292,59767.87948157264,8801000.0,-0.008110222470900845,0.08645056064595547,65776.0287362362
8801000.0,-0.02297271948611904,0.1567266950308361,216181.22428747592,8801000.0,-0.025583085189527885,0.15214530501272602,203727.25396309322
8801000.0,-2.4039303673147837e-05,0.02203724000388608,4274.117173449106,8801000.0,-2.19009166254648e-05,0.020803824576945806,3809.06502896637
8801000.0,-0.001400718384463642,0.22914786497132228,462129.456128076,8801000.0,0.0013903549760110876,0.23103565123998468,469775.1323383216
8801000.0,-0.0021896090640765305,0.4400343138677249,1704139.367150528,8801000.0,-0.003750040533434044,0.4327315228486616,1648045.0801997785
8801000.0,-8.207125931116632e-05,0.08609477778700311,65235.747018064496,8801000.0,0.00029492611492424177,0.08569692290793872,64634.21480642077
