cur_n,cur_mean,cur_std,cur_S,next_n,next_mean,next_std,next_S
5851000.0,-0.02388187716908475,0.07570328469330742,33532.00677044568,5851000.0,-0.02384553043925166,0.0720444142004722,30369.016459929306
5851000.0,-0.02549369676545906,0.08670194121562373,43983.29289837177,5851000.0,-0.025467082529786036,0.08117700044061545,38556.366298534274
5851000.0,-0.0344629133535655,0.12724358509808387,94733.13112933647,5851000.0,-0.034391568852025406,0.11987014497961679,84072.15104764837
5851000.0,0.03259665347902037,0.14000830348005927,114693.20382872496,5851000.0,0.032810259457765126,0.12914144533953542,97580.12800355203
5851000.0,0.0323191946762041,0.14939891863932367,130594.53584689624,5851000.0,0.03255911771785966,0.1354414065119092,107332.93577245473
5851000.0,0.04850914806804604,0.2165655841981554,274415.71636792587,5851000.0,0.048867859493783736,0.19630117522270615,225463.319805215
