cur_n,cur_mean,cur_std,cur_S,next_n,next_mean,next_std,next_S
4451000.0,-0.02411021423494782,0.07654525243116615,26079.190906061467,4451000.0,-0.02407458461563626,0.07279874228829875,23588.772767352464
4451000.0,-0.025955846975999137,0.08798959967207635,34460.397114163,4451000.0,-0.025928764865010265,0.08233146422897923,30170.96997929229
4451000.0,-0.03494601359178079,0.1289986594513204,74067.55157819817,4451000.0,-0.03486823739870191,0.12148975803531503,65695.69757959078
4451000.0,0.03255163283074629,0.1416234301166041,89274.57920902527,4451000.0,0.03276774094108745,0.1306974768655497,76031.22737310201
4451000.0,0.032230171046930454,0.151542248846184,102217.45172803183,4451000.0,0.03246926177675962,0.13747425725692572,84120.21193853646
4451000.0,0.048808791105913775,0.22030844195306432,216032.88851084665,4451000.0,0.04916596077780144,0.19983905150380496,177753.5625979408
