cur_n,cur_mean,cur_std,cur_S,next_n,next_mean,next_std,next_S
901000.0,-0.029352431344764902,0.09175045291790634,7584.749195187494,901000.0,-0.02932119773342147,0.08749045417356305,6896.776193918199
901000.0,-0.03420510130963686,0.10499044360128439,9931.716916082623,901000.0,-0.034212426588803704,0.09874448617284932,8785.17666813557
901000.0,-0.04597556278974601,0.15294013891037467,21075.00816702215,901000.0,-0.04589573949089039,0.144654168340134,18853.27040477642
901000.0,0.032737321624356934,0.15332324761188448,21180.724450687972,901000.0,0.032944589321940804,0.1417070699017071,18092.8851877747
901000.0,0.031920654192998076,0.16993719489103,26019.663836896154,901000.0,0.032121226391366095,0.15494618990331202,21631.49791076346
901000.0,0.04828344247571092,0.24264595904136704,53048.2323566334,901000.0,0.048644849073074786,0.22077248843806443,43915.18297767289
