cur_n,cur_mean,cur_std,cur_S,next_n,next_mean,next_std,next_S
30501000.0,-0.023476375751517037,0.07351116181139156,164824.0766721589,30501000.0,-0.023432953158964615,0.07015535481633013,150119.02296066724
30501000.0,-0.02376548850220576,0.0804686771261848,197500.31916036285,30501000.0,-0.023727665821061266,0.07578537524366862,175180.14799822247
30501000.0,-0.03311051039441858,0.12152002234377901,450411.7999440232,30501000.0,-0.0330257901612041,0.11509062028843814,404011.69764139055
30501000.0,0.03218587113801465,0.1333462635739268,542345.1745043872,30501000.0,0.03240527079687125,0.12258160152948117,458315.6217717748
30501000.0,0.03227077498814768,0.13902582319469742,589528.8033858945,30501000.0,0.03249441200617087,0.12598766965780564,484139.10651993885
30501000.0,0.04885278664663605,0.20497545554221194,1281497.6048668625,30501000.0,0.049200685826146666,0.18577152247025241,1052621.7971664837
