cur_n,cur_mean,cur_std,cur_S,next_n,next_mean,next_std,next_S
1251000.0,-0.01817797662922406,0.06693688713436426,5605.164120907512,1251000.0,-0.01812124003653604,0.06319681068548537,4996.289937902163
1251000.0,-0.019694367589509865,0.08341427607404812,8704.384757649856,1251000.0,-0.01965530530227652,0.07692405366423213,7402.55485020422
1251000.0,-0.025080790593892257,0.1069297375345236,14303.894930271834,1251000.0,-0.025039781722170466,0.1004616400701036,12625.768948094379
1251000.0,0.03293903180269038,0.1523314420768602,29029.290174764978,1251000.0,0.03313061904587599,0.14301112675015876,25585.68015031182
1251000.0,0.03251709228338496,0.16007601008393235,32056.03558449341,1251000.0,0.03277422396894341,0.14569322703960239,26554.37202292162
1251000.0,0.04841877985661517,0.2228025839072597,62100.88023608513,1251000.0,0.04871394082265369,0.20662716732547737,53411.17763246548
