cur_n,cur_mean,cur_std,cur_S,next_n,next_mean,next_std,next_S
3451000.0,-0.024668932658235776,0.07798878310072942,20989.845749177068,3451000.0,-0.024635070238773676,0.07417114605079247,18985.18958629005
3451000.0,-0.02673766701584548,0.09013469307946408,28036.831255922232,3451000.0,-0.02671206941322663,0.08432392634257016,24538.42023525766
3451000.0,-0.03577570628101762,0.1309231880206101,59153.18088826756,3451000.0,-0.03571064887897157,0.12342168961442726,52568.78437558336
3451000.0,0.03252540889556405,0.1428346900577106,70406.43470807765,3451000.0,0.032735664060971725,0.13187423684252222,60015.70029699468
3451000.0,0.032190054755834696,0.15399309443314294,81836.57618231041,3451000.0,0.032422299531380934,0.13970404342306178,67353.92535294566
3451000.0,0.04914819527306105,0.2228179879512551,171334.75020928215,3451000.0,0.049480368045839704,0.20243762153637754,141425.39860651773
