cur_n,cur_mean,cur_std,cur_S,next_n,next_mean,next_std,next_S
23051000.0,-0.023238398514701945,0.0733166660904456,123906.81312206908,23051000.0,-0.02319302568640447,0.06993101153606365,112727.37427760987
23051000.0,-0.02372841998256474,0.0812124876481553,152032.13632569092,23051000.0,-0.023693248052643823,0.0763453527492153,134355.3556444552
23051000.0,-0.03306886499004538,0.1219460842658936,342787.90497989865,23051000.0,-0.03298906236902851,0.1153306228018884,306604.86756539304
23051000.0,0.03222731866610417,0.1343931797274626,416336.25328155555,23051000.0,0.032444787940537234,0.1237072035735826,352760.33805091935
23051000.0,0.03225984660894921,0.1407893283575425,456908.5079094098,23051000.0,0.03248484242815535,0.1275849024830726,375222.0421315708
23051000.0,0.04883976920154159,0.20697046792067603,987430.4911041389,23051000.0,0.0491792787817119,0.18766323462755796,811798.3534813657
