cur_n,cur_mean,cur_std,cur_S,next_n,next_mean,next_std,next_S
14001000.0,-0.023488402910542747,0.07403132273597202,76734.39508127309,14001000.0,-0.023444783837652926,0.07052873318407055,69645.20516590193
14001000.0,-0.02431790249992225,0.08295423636277385,96346.55603276385,14001000.0,-0.02428308591166639,0.07777160953062723,84683.97390902985
14001000.0,-0.03349743928974843,0.12388532956782869,214881.39592469553,14001000.0,-0.03342184665703017,0.11686349221833545,191212.71846432277
14001000.0,0.032422405182827005,0.1365533421855495,261074.06048387475,14001000.0,0.032643347914326985,0.12577534950460356,221487.95904061547
14001000.0,0.032170854075213154,0.14367375550325107,289010.7144337319,14001000.0,0.03240691128636625,0.1300522856410271,236807.2716033747
14001000.0,0.048555702086089274,0.2102953148631687,619181.896467043,14001000.0,0.04891130361179058,0.19042592804917502,507704.7390615275
