cur_n,cur_mean,cur_std,cur_S,next_n,next_mean,next_std,next_S
18651000.0,-0.023401382084038743,0.07371007469975188,101334.14901844424,18651000.0,-0.023358432175063056,0.0702718871879784,92101.21424323227
18651000.0,-0.023952407046549336,0.08199704908795376,125400.29801887649,18651000.0,-0.023921082962663744,0.07697986033513479,110523.94033199165
18651000.0,-0.03321265511037971,0.12265141099493276,280573.86811386264,18651000.0,-0.033132094359574434,0.11588031982032522,250450.26317749664
18651000.0,0.03239143177891426,0.13541623754218154,342013.7828823921,18651000.0,0.03261023084211474,0.1246884274863674,289970.90085322986
18651000.0,0.03220991045969252,0.14198165140350297,375981.5798920432,18651000.0,0.03243842171713483,0.12857772264009967,308342.63589197287
18651000.0,0.048774001978005646,0.20830314284034024,809270.6074644106,18651000.0,0.049113445462923365,0.18875586754335089,664512.3297501345
