cur_n,cur_mean,cur_std,cur_S,next_n,next_mean,next_std,next_S
30851000.0,-0.02348171973019693,0.07350616503348255,166692.7749474252,30851000.0,-0.0234389105537523,0.07015079641213039,151821.91235358996
30851000.0,-0.023770061059228166,0.08045413096252392,199694.42564583212,30851000.0,-0.02373220626023107,0.07577798019077224,177155.76769559804
30851000.0,-0.03309842274861714,0.12150323920175676,455454.4586987575,30851000.0,-0.033014454342809654,0.11508293331888692,408593.1596300099
30851000.0,0.032180996288589815,0.133297975569278,548171.3748235636,30851000.0,0.03239913786739483,0.12253311138703647,463208.1248272825
30851000.0,0.032271987897049194,0.13898603883647762,595952.438005374,30851000.0,0.032495855311084926,0.12595498445277165,489440.56730527006
30851000.0,0.048849329391064004,0.20491875690123734,1295485.8419858383,30851000.0,0.04919660378189314,0.1857226865743415,1064140.9610301736
