cur_n,cur_mean,cur_std,cur_S,next_n,next_mean,next_std,next_S
1651000.0,-0.011807855133773526,0.11936866560773633,23524.898121132068,1651000.0,-0.011184044449353598,0.12062539494994722,24022.852232177567
1651000.0,0.0025267005886501458,0.11614160390356912,22270.127931691633,1651000.0,0.0031077479761977803,0.11590207871514367,22178.36484516124
1651000.0,0.004175979762902515,0.047658739270026465,3750.0078129626067,1651000.0,0.004433620877843603,0.04612374252654136,3512.3367803048773
1651000.0,0.004631776881400692,0.18981406888867686,59484.50761507243,1651000.0,0.004647682456170181,0.18586169987262963,57033.08751272625
1651000.0,0.0013743339797009644,0.21283259131791354,74786.5223916388,1651000.0,0.00141613703579941,0.20913489008343308,72210.4511150961
1651000.0,0.0001265481298675126,0.06553506489781837,7090.788651147247,1651000.0,0.00013330321855725764,0.062341445711115835,6416.538613884157
