cur_n,cur_mean,cur_std,cur_S,next_n,next_mean,next_std,next_S
1201000.0,-0.00781539197406211,0.1039074229748756,12966.899811684925,1201000.0,-0.012330985074290734,0.10793625571837366,13991.932593501084
1201000.0,-0.015705085895848007,0.17658883339909204,37451.52291358399,1201000.0,-0.018321215739896948,0.17211231229921314,35576.800302023235
1201000.0,5.6219334315730825e-05,0.023524222417259606,664.6202374443759,1201000.0,6.501479792734071e-05,0.022360334486364306,600.4814545688535
1201000.0,-0.0008229269685951415,0.28277053660832985,96030.97082488913,1201000.0,0.0019727865532620558,0.28472306564112687,97361.73615380583
1201000.0,-0.002478674894822997,0.4591923886469566,253240.03739934848,1201000.0,-0.004037479787677558,0.45197191021137695,245338.60775176535
1201000.0,0.00025081066826719084,0.0868226054854208,9053.335952755702,1201000.0,0.0006278262913413579,0.08642692990249877,8971.006669058095
