cur_n,cur_mean,cur_std,cur_S,next_n,next_mean,next_std,next_S
16751000.0,-0.023494396435891372,0.07389066581653986,91457.62061858864,16751000.0,-0.02344993320476385,0.07042691293759182,83084.12355421147
16751000.0,-0.024103208534546627,0.08230915125060626,113484.6141545988,16751000.0,-0.024070341051932304,0.07723140380642136,99914.51773273505
16751000.0,-0.0333648665380452,0.12314351335249524,254017.60607821672,16751000.0,-0.033287184230406976,0.11626817577608387,226444.8539851954
16751000.0,0.03240372064425882,0.1357300034559967,308597.53942309984,16751000.0,0.03262429535411936,0.12496603347986704,261592.15103135214
16751000.0,0.03214316936075675,0.14235281812722428,339447.7052066022,16751000.0,0.03237401922109029,0.12886583044566338,278173.8441978017
16751000.0,0.04868277443649224,0.20880530184726148,730337.8054861397,16751000.0,0.049028026461943756,0.1891178217155859,599108.7362654967
