cur_n,cur_mean,cur_std,cur_S,next_n,next_mean,next_std,next_S
12151000.0,-0.023441221488212028,0.07407853145924542,66680.17783019789,12151000.0,-0.02339847614818443,0.07056388554769015,60503.01187653189
12151000.0,-0.02445767420505956,0.083418520214485,84554.55025402425,12151000.0,-0.02442402100598513,0.07818768518642112,74282.8798090672
12151000.0,-0.0336337803559345,0.1243257256434751,187816.62247589297,12151000.0,-0.03355659132305905,0.11724146620340216,167022.31654130796
12151000.0,0.03240759996194012,0.13703093449931789,228165.12314554935,12151000.0,0.03262638921648201,0.1262824943272478,193775.2580065367
12151000.0,0.03223863146484662,0.14460665718366045,254090.5975025691,12151000.0,0.032475729461414964,0.13094902551090937,208361.06212670225
12151000.0,0.04856236585259399,0.21132846109658227,542660.2391222831,12151000.0,0.04891348476042472,0.19137044359459898,445001.7798280438
