cur_n,cur_mean,cur_std,cur_S,next_n,next_mean,next_std,next_S
2801000.0,-0.017538380157434478,0.06502908062361505,11844.816496234105,2801000.0,-0.01749011661978978,0.06133422661931428,10537.04648132531
2801000.0,-0.018556195389882492,0.08113353164190733,18438.002528684145,2801000.0,-0.018506062686426402,0.07481774976877413,15679.145600976586
2801000.0,-0.0247151505131207,0.10642694374854966,31726.07089019513,2801000.0,-0.024681209002233216,0.10011824446760414,28076.279713645134
2801000.0,0.0321959337028369,0.15044098661440466,63393.605760296865,2801000.0,0.03240161791906909,0.14121952291025497,55860.21317645108
2801000.0,0.032026818001260275,0.15747807891179594,69462.96629103727,2801000.0,0.032264388751695884,0.1434948840414751,57674.77967075994
2801000.0,0.04915627667010059,0.22584451787602539,142867.0952592868,2801000.0,0.04949378045281472,0.2099809516206203,123501.6921218471
