cur_n,cur_mean,cur_std,cur_S,next_n,next_mean,next_std,next_S
1101000.0,-0.01830411792441698,0.06716005693216846,4966.0310450924535,1101000.0,-0.018240280923720247,0.06341799633479787,4428.048327291602
1101000.0,-0.019966082574446008,0.08389645957105808,7749.516137342561,1101000.0,-0.019925692471237228,0.07732437413661464,6582.9437780166945
1101000.0,-0.02526154783419041,0.10721359906383374,12655.72616246676,1101000.0,-0.025220025208688417,0.1007352099910531,11172.488367667664
1101000.0,0.03288564373665679,0.1518462586215667,25386.07216936186,1101000.0,0.0330725782892101,0.14243256888466407,22336.027383672117
1101000.0,0.03248760914610927,0.16035030253141763,28309.15369363079,1101000.0,0.03274945812716886,0.14574528642648754,23387.099055608323
1101000.0,0.04829313565815424,0.22187764929953852,54201.89007581659,1101000.0,0.04861015297758569,0.2056808982781442,46577.39974007124
