cur_n,cur_mean,cur_std,cur_S,next_n,next_mean,next_std,next_S
4401000.0,-0.01752988634960476,0.06505572915825883,18626.122991672317,4401000.0,-0.0174824961067862,0.061393263653449395,16587.953549718604
4401000.0,-0.01838328756322351,0.08017135966418214,28287.193852686465,4401000.0,-0.018337536351157722,0.07395807450576208,24072.575649023966
4401000.0,-0.02441156944899946,0.10567401670372308,49145.95734552077,4401000.0,-0.024354911061090553,0.09953706090006349,43603.4641940336
4401000.0,0.032395894779298405,0.15132329343910056,100777.35094306426,4401000.0,0.03259982880874162,0.14209374823639698,88858.97709990958
4401000.0,0.03191109725097526,0.15653030161838585,107832.13716419326,4401000.0,0.03213456622025767,0.1427529142610288,89685.31432660323
4401000.0,0.049408153555710696,0.22609488147492385,224974.25878373254,4401000.0,0.04974763016500718,0.21067709227670364,195337.6685619437
