cur_n,cur_mean,cur_std,cur_S,next_n,next_mean,next_std,next_S
2751000.0,-0.02519675937940284,0.07923273594348659,17270.30055044334,2751000.0,-0.025162431359769227,0.07533944155225461,15614.762528318774
2751000.0,-0.027456229641368558,0.09168744729898652,23126.523566554384,2751000.0,-0.027439219408937385,0.08586434600865722,20282.25895352512
2751000.0,-0.036881211075199684,0.13330341995186598,48884.72467164559,2751000.0,-0.03682746237918677,0.12570802697949862,43472.69963751255
2751000.0,0.032245106587051625,0.14289484142340436,56172.49212561009,2751000.0,0.03245613116557653,0.13174753060306665,47750.23991683647
2751000.0,0.032191535015341444,0.15535395796633455,66394.97855572133,2751000.0,0.032432212700987166,0.1410742411463976,54750.24110785289
2751000.0,0.04901728950803958,0.2245681049119171,138735.22362900065,2751000.0,0.049351506264951966,0.20402923780371654,114518.43509648395
