cur_n,cur_mean,cur_std,cur_S,next_n,next_mean,next_std,next_S
20601000.0,-0.023294044217569004,0.0735092800412276,111319.85720915241,20601000.0,-0.02324947499737883,0.0700959531606095,101221.83202223333
20601000.0,-0.023794940004928114,0.08159686601282842,137162.4580367219,20601000.0,-0.023761148164367068,0.07665241999997084,121043.10152564163
20601000.0,-0.03307964662156806,0.122162925694329,307444.8003128961,20601000.0,-0.033003100605255506,0.11548150546952003,274734.48495154525
20601000.0,0.032359222860522945,0.13513517349856352,376205.47291474586,20601000.0,0.03257781800096869,0.12443558825769321,318990.32609141106
20601000.0,0.03224725162391485,0.141562258208731,412841.4226255509,20601000.0,0.03247370320222525,0.12826310671487898,338915.7970340843
20601000.0,0.048829233617754444,0.20772631363565502,888937.7105805422,20601000.0,0.049168524932713134,0.18835743328826077,730893.0456264719
