cur_n,cur_mean,cur_std,cur_S,next_n,next_mean,next_std,next_S
5401000.0,-0.023912307242491694,0.07585375454175074,31076.231013711003,5401000.0,-0.02387903098278295,0.07216793040629653,28129.543177470645
5401000.0,-0.0255354625530254,0.08682099483323875,40712.11766184349,5401000.0,-0.025506259660092023,0.08126888494682112,35671.6155983586
5401000.0,-0.03459728242096375,0.12775860681810647,88156.53498857512,5401000.0,-0.034529681880400134,0.12035133758867753,78230.48452513204
5401000.0,0.032579508491203404,0.140393748173219,106455.8948456024,5401000.0,0.03279449061905632,0.12950236104139592,90579.42304411402
5401000.0,0.03221327556266577,0.14968001646626342,121004.58368577015,5401000.0,0.03245295278990486,0.13571750682949865,99482.32420574107
5401000.0,0.04862217508668253,0.21767911650458222,255922.0521137258,5401000.0,0.048980703944819425,0.1973732172940081,210402.3654738388
