cur_n,cur_mean,cur_std,cur_S,next_n,next_mean,next_std,next_S
3351000.0,-0.01755238095776968,0.0651595077879957,14227.546636287645,3351000.0,-0.017504025317937575,0.061466904994443655,12660.682552556069
3351000.0,-0.018347075201659114,0.08027657661458264,21594.94565115876,3351000.0,-0.018300366717032977,0.07405157235901819,18375.662120992576
3351000.0,-0.024611936098894213,0.10617138790980082,37773.69045943359,3351000.0,-0.024566325933756166,0.09992214329660452,33457.840750028
3351000.0,0.0323508307084158,0.15114973437695897,76557.75761965681,3351000.0,0.03255713465037042,0.14190530213852556,67479.4716111129
3351000.0,0.031799557514595456,0.1563120504180058,81876.51476180785,3351000.0,0.03203214567002722,0.14254962366698143,68093.644340661
3351000.0,0.049313204625019806,0.2262758588147942,171573.76111023084,3351000.0,0.049652787252651945,0.21053497632238932,148532.99543073634
