cur_n,cur_mean,cur_std,cur_S,next_n,next_mean,next_std,next_S
15151000.0,-0.02347342003678142,0.07390117281231147,82745.41903032517,15151000.0,-0.0234288484178438,0.07041343308071148,75119.4391584675
15151000.0,-0.024258099672225395,0.08275702528273175,103765.03601498119,15151000.0,-0.02422525073084294,0.07761319968514363,91266.72660405994
15151000.0,-0.03344699882588559,0.12358940615379696,231421.54524005344,15151000.0,-0.03337266717404428,0.11661950101317822,206055.23655894113
15151000.0,0.03236240281384959,0.13607812149854276,280554.9327863189,15151000.0,0.03258370712527509,0.12529428491305167,237850.36481070728
15151000.0,0.03220774344428189,0.14321812686365362,310768.70414621616,15151000.0,0.03244058775429516,0.12964634941435307,254660.67331041463
15151000.0,0.04861045448600593,0.2096624904998053,666013.1111870238,15151000.0,0.04896129341884651,0.18985477730464434,546115.3172872162
