cur_n,cur_mean,cur_std,cur_S,next_n,next_mean,next_std,next_S
8201000.0,-0.003594991192752515,0.08255513836284993,55892.69248576634,8201000.0,-0.008122895500628547,0.08659146599063838,61491.77033772706
8201000.0,-0.02287587182659434,0.15690337111237043,201897.6951725616,8201000.0,-0.025486690501133582,0.15232562588621404,190288.59276964175
8201000.0,-1.885707006905526e-05,0.022078039664317865,3997.494090272801,8201000.0,-1.7253309269364532e-05,0.020846180575040115,3563.853168695442
8201000.0,-0.0014360986861157526,0.2295387482259419,432094.5909214223,8201000.0,0.0013550227192068525,0.2314298111528633,439243.57117754
8201000.0,-0.002212253266937428,0.44013911773775516,1588717.754739313,8201000.0,-0.00377268784263522,0.4328367635744321,1536438.1916569301
8201000.0,-0.00010880312951432953,0.08613173625091286,60840.56179068348,8201000.0,0.0002681943342635935,0.08573424811832375,60280.313024697665
