cur_n,cur_mean,cur_std,cur_S,next_n,next_mean,next_std,next_S
7051000.0,-0.01778206361823471,0.06513689159198663,29916.086070823105,7051000.0,-0.01773787851933604,0.061472565252774614,26644.856641513015
7051000.0,-0.01875250376414063,0.08022559501027844,45381.26611410491,7051000.0,-0.018712190963136498,0.07409685599475901,38712.416025640094
7051000.0,-0.023826391366341588,0.10385814316843474,76055.70952578775,7051000.0,-0.023761380266464256,0.09788862250484082,67563.96821447725
7051000.0,0.03251831202936036,0.15102428409957597,160821.56576830332,7051000.0,0.032737893834926944,0.14179196135667002,141760.07511317378
7051000.0,0.0322571033021034,0.1567212437800352,173183.47672457862,7051000.0,0.03248786956186827,0.1431332436016671,144454.7213641599
7051000.0,0.04883712156231348,0.22342164810701043,351966.4087749551,7051000.0,0.049174631777237104,0.20816228235814177,305530.65890147927
