cur_n,cur_mean,cur_std,cur_S,next_n,next_mean,next_std,next_S
1951000.0,-0.018057820056065516,0.13854410396019676,37448.40851590305,1951000.0,-0.01741157108753693,0.13999084184222274,38234.59724520343
1951000.0,-0.004365835460518136,0.12336677272601888,29692.972555637563,1951000.0,-0.0038482383225539422,0.12395399146630726,29976.318992837707
1951000.0,0.0021931026947313893,0.060262698443090665,7085.237598927262,1951000.0,0.0024369133144642,0.060040964855000184,7033.1939658634865
1951000.0,0.006915213811321366,0.19987964600745145,77946.10400461307,1951000.0,0.006969492030815057,0.19618340917245594,75089.95149736271
1951000.0,0.0001030049351089461,0.2438928343908148,116052.72731567874,1951000.0,0.000152810929063716,0.24097027284781294,113288.0778452777
1951000.0,0.000306930254096917,0.06739808219775864,8862.420395158806,1951000.0,0.00030459778370922527,0.06474199166069897,8177.666219662525
