cur_n,cur_mean,cur_std,cur_S,next_n,next_mean,next_std,next_S
15851000.0,-0.02347998910068422,0.07387641344535863,86510.39047172415,15851000.0,-0.023436423993654296,0.07039988347153013,78559.8320895524
15851000.0,-0.024199844869236906,0.082577015401935,108087.39000563155,15851000.0,-0.024166702457969376,0.07745900777320767,95104.38137846127
15851000.0,-0.03341822882633084,0.1233919621804874,241340.6104187314,15851000.0,-0.033345185210769936,0.1164552268616503,214968.40665472866
15851000.0,0.032369928625935906,0.1358743960808681,292638.8082904092,15851000.0,0.03258952129518129,0.12509605140715588,248052.64895301696
15851000.0,0.03219153887493988,0.14286333781586383,323517.8526097425,15851000.0,0.03242270917295178,0.12931530677512124,265067.5322251143
15851000.0,0.04863545008117661,0.20925846831848077,694101.1281300593,15851000.0,0.048985951253028084,0.18949568185426863,569187.4316598565
