cur_n,cur_mean,cur_std,cur_S,next_n,next_mean,next_std,next_S
4951000.0,-0.017581384128926278,0.06504320872012577,20945.79467201934,4951000.0,-0.017532474090004024,0.06139240963791888,18660.457435653825
4951000.0,-0.01849440399726516,0.08023115284704765,31869.774579360466,4951000.0,-0.01845326710249009,0.0740219479364399,27127.76069148615
4951000.0,-0.024322309963239495,0.10541805160609252,55020.29270750712,4951000.0,-0.02425974043749987,0.09930591616514986,48825.10334271427
4951000.0,0.0324224576100461,0.1511745008123115,113148.81572416112,4951000.0,0.03263036462359184,0.14198670452836615,99813.27032524931
4951000.0,0.03191281360001086,0.15644662791670372,121178.43511059883,4951000.0,0.03214009495400015,0.14267779376363152,100787.27347745725
4951000.0,0.04938302312725223,0.22581716233681648,252468.2778797739,4951000.0,0.04971767865614298,0.21036271531522835,219093.98884623405
