cur_n,cur_mean,cur_std,cur_S,next_n,next_mean,next_std,next_S
3101000.0,-0.004844712374539953,0.08955851876641724,24872.27840755123,3101000.0,-0.009369096259619658,0.09356939783272557,27149.97508562527
3101000.0,-0.020716838554179724,0.16274533373267625,82133.22136410828,3101000.0,-0.023328318665365014,0.15819500120511076,77604.56671788977
3101000.0,-1.567383176118265e-05,0.02280211458341107,1612.322867801999,3101000.0,-8.671857987865007e-06,0.021602873091100372,1447.1874740753744
3101000.0,-0.0012607568433899057,0.24624595240015035,188035.5511967905,3101000.0,0.0015317811965858432,0.24815370697932532,190960.3933537882
3101000.0,-0.0022454929006039677,0.44543999023446323,615290.449975144,3101000.0,-0.003805654114827929,0.43815441194300336,595327.7742745744
3101000.0,0.00016111730863260193,0.08620629002903366,23045.157290207157,3101000.0,0.0005381183299014761,0.08580760786491146,22832.494204812585
