cur_n,cur_mean,cur_std,cur_S,next_n,next_mean,next_std,next_S
3501000.0,-0.024601259378190014,0.07780118986890311,21191.641032704905,3501000.0,-0.024566803534482463,0.07398698721443157,19164.734044016684
3501000.0,-0.026704915048255933,0.0901046668123376,28424.097285749664,3501000.0,-0.026680695922210992,0.08430639232181579,24883.594819906044
3501000.0,-0.03572020925927297,0.13081485241575136,59910.9521695544,3501000.0,-0.03565165026940852,0.12331080208206797,53234.64423934041
3501000.0,0.03248570772816766,0.14261038948821483,71202.36888812116,3501000.0,0.032695734392674584,0.1316574771421393,60685.25319730269
3501000.0,0.032230467301901926,0.1540122342756584,83042.90884133759,3501000.0,0.03246240690247851,0.13975370646361518,68378.37574458441
3501000.0,0.049152494321724347,0.22271997103308883,173664.25342492672,3501000.0,0.04948249532358019,0.20233549396415873,143329.72206413813
