cur_n,cur_mean,cur_std,cur_S,next_n,next_mean,next_std,next_S
2251000.0,-0.014873964482902171,0.11842232707000841,31567.680832069782,2251000.0,-0.014246767317212382,0.1197647534952975,32287.435000705882
2251000.0,0.002450135784205126,0.11644766791816565,30523.693627417193,2251000.0,0.0030327988700804003,0.11622574177649121,30407.46028891663
2251000.0,0.00453460934706703,0.048319141522399724,5255.498473726271,2251000.0,0.004811358257883768,0.046728121888680064,4915.097611672761
2251000.0,0.004730621623446283,0.18538413954525132,77360.74546779465,2251000.0,0.004740196096551211,0.18139825609191224,74069.89178198388
2251000.0,0.0019145045632645839,0.20828001965061615,97649.65538432304,2251000.0,0.0019619165269851246,0.20454212898786683,94176.17317703148
2251000.0,0.00023593394847753666,0.06615041184547732,9850.099098471424,2251000.0,0.0002540542043384531,0.06284806463968409,8891.17814437525
