cur_n,cur_mean,cur_std,cur_S,next_n,next_mean,next_std,next_S
9101000.0,-0.003591818461347044,0.08224344399488745,61559.01911335586,9101000.0,-0.008118560985046368,0.08629253166893003,67769.69569970478
9101000.0,-0.023033274763870966,0.15662084862698647,223248.35113442503,9101000.0,-0.025643386567702056,0.15203663410728324,210370.87194522514
9101000.0,-2.402382802907485e-05,0.02202889020948543,4416.4605071440865,9101000.0,-2.2021631927586144e-05,0.020794380459834776,3935.329360504769
9101000.0,-0.0013779681983482294,0.22867747827029086,475922.13390840817,9101000.0,0.0014130793273148033,0.2305645364217352,483809.20964931924
9101000.0,-0.0021768900114414974,0.4399490411013948,1761545.4999297005,9101000.0,-0.0037373682537310297,0.4326453731704413,1703543.5542436189
9101000.0,-8.888073980641875e-05,0.08611791206393206,67495.69877686357,9101000.0,0.00028811612156088456,0.08572020367532152,66873.72314837945
