cur_n,cur_mean,cur_std,cur_S,next_n,next_mean,next_std,next_S
4551000.0,-0.02406873625746164,0.07642100193614447,26578.61156254202,4551000.0,-0.02403551811390388,0.07268641539619222,24044.366488305684
4551000.0,-0.025906591323717452,0.0878471284977507,35120.603951101766,4551000.0,-0.025879150834412654,0.08220075870378077,30750.94649295269
4551000.0,-0.03485912924017814,0.128851225409406,75558.60685553978,4551000.0,-0.034780334988448465,0.12135155861955517,67018.93974702817
4551000.0,0.032535246809165884,0.14140478994847588,90998.67683731562,4551000.0,0.03274933237462825,0.13051049813374005,77517.1380503053
4551000.0,0.032263705530222495,0.15137405563441367,104282.09057712728,4551000.0,0.03250283972998176,0.13730731764131174,85801.3659237048
4551000.0,0.04872379928497571,0.22004764539152674,220363.8173689581,4551000.0,0.04908308798355041,0.19957422280880957,181265.7402347284
