cur_n,cur_mean,cur_std,cur_S,next_n,next_mean,next_std,next_S
2001000.0,-0.02615152798772547,0.08193774218603582,13434.300982685092,2001000.0,-0.02613541034433875,0.07798339219106648,12168.900324709004
2001000.0,-0.02930212094734526,0.09478920125457861,17978.970341636497,2001000.0,-0.029290516609777544,0.08884295218953246,15794.033377656851
2001000.0,-0.03901783091319903,0.13831147642774305,38279.259087755876,2001000.0,-0.03896017355928796,0.13034706906068363,33997.70718383396
2001000.0,0.032484605186661665,0.14472410358780266,41911.07738474536,2001000.0,0.03269970061917817,0.1335383095990048,35682.79274124988
2001000.0,0.03236449744228606,0.1585430012758693,50296.90239037415,2001000.0,0.03259491244124923,0.14404566612422223,41519.05701227098
2001000.0,0.04847600353645013,0.22851274434660196,104488.36673195976,2001000.0,0.04881901216792373,0.20720885946757683,85913.95839514985
