cur_n,cur_mean,cur_std,cur_S,next_n,next_mean,next_std,next_S
32001000.0,-0.02350402302281995,0.07353353584595781,173035.19578917444,32001000.0,-0.02346108241054329,0.07018018324185905,157613.18509366913
32001000.0,-0.023781377696986936,0.08037895856857674,206751.3241551878,32001000.0,-0.023743316151019808,0.07571687441564734,183463.17532586842
32001000.0,-0.03302077310075654,0.12130426819586893,470885.9301666121,32001000.0,-0.032936964142690324,0.11490701605361343,422529.11844939034
32001000.0,0.032204180853457956,0.13331262957815465,568730.0028185579,32001000.0,0.03242346122845334,0.12255336457761135,480633.4887445429
32001000.0,0.032282183659849945,0.13888193417026565,617241.420635607,32001000.0,0.03250484964057908,0.1258710878862189,507008.8280318934
32001000.0,0.04882526531944126,0.20468922552226027,1340767.627115932,32001000.0,0.049172501730085534,0.1855250598716035,1101459.9504394266
