cur_n,cur_mean,cur_std,cur_S,next_n,next_mean,next_std,next_S
29751000.0,-0.023461951440079603,0.07351529519131711,160789.23865385522,29751000.0,-0.023418568697645987,0.07015573912783343,146429.29687176796
29751000.0,-0.023757202425374838,0.08051930556753722,192886.40078865236,29751000.0,-0.02371981671222792,0.07581965953551653,171027.21659020096
29751000.0,-0.033098415746715085,0.12152428112711025,439367.257528866,29751000.0,-0.03301295686657357,0.1150747493000055,393968.63051008515
29751000.0,0.03219030785600541,0.1334426289203926,529774.1295274846,29751000.0,0.03241021734891358,0.12267369108955098,447717.87477913924
29751000.0,0.03226108979085346,0.1391350833521913,575936.8582992007,29751000.0,0.03248499162447211,0.12607670245368313,472902.1086573396
29751000.0,0.048807325834592755,0.20503914345550778,1250763.288932156,29751000.0,0.04915409505808048,0.18581054121276117,1027169.8530241576
