cur_n,cur_mean,cur_std,cur_S,next_n,next_mean,next_std,next_S
27101000.0,-0.02335712459725884,0.07344008859772998,146167.79666548307,27101000.0,-0.02331323351163068,0.0700703374808164,133061.9043279008
27101000.0,-0.023687916975485446,0.0806971219193125,176482.40269772251,27101000.0,-0.02365169932436699,0.07593942698188762,156285.953852715
27101000.0,-0.032981401690576895,0.12147056353739563,399877.905642912,27101000.0,-0.03289886174914665,0.11495356552445356,358121.34666809585
27101000.0,0.03221801111546532,0.13387273524219362,485701.66234647867,27101000.0,0.032436856399632015,0.12313628519679148,410920.124783709
27101000.0,0.03226150294699006,0.13971841485700884,529045.0019346569,27101000.0,0.03248580419603121,0.12661532017631627,434468.0365601178
27101000.0,0.04868698479257017,0.2054871650385898,1144339.0473556644,27101000.0,0.04902770322191443,0.18623981621888602,940005.4791052697
