cur_n,cur_mean,cur_std,cur_S,next_n,next_mean,next_std,next_S
7051000.0,-0.0037675122228010625,0.08327120948314296,48892.299112266395,7051000.0,-0.008294640988054831,0.08730057514994939,53738.42386208085
7051000.0,-0.022698892153163282,0.15749155105738386,174890.10360260133,7051000.0,-0.02530935371789794,0.15291432347509196,164872.05457343152
7051000.0,-8.202389554136795e-06,0.02211229628875642,3447.6121661375064,7051000.0,-7.441085365127258e-06,0.020888480611238845,3076.553115457259
7051000.0,-0.0013973925116638995,0.23114387357208974,376717.2340341569,7051000.0,0.0013938962175723513,0.23303359148205277,382902.12070588
7051000.0,-0.0021944160387026524,0.4406173539323451,1368906.8943862938,7051000.0,-0.003754829055593818,0.4333152315070821,1323910.495574911
7051000.0,-0.0001509269689379768,0.0859761439119722,52120.26801722565,7051000.0,0.00022607130944572233,0.08557826444246612,51638.98102148684
