cur_n,cur_mean,cur_std,cur_S,next_n,next_mean,next_std,next_S
5001000.0,-0.004116409908160395,0.0854047650985966,36477.16348163386,5001000.0,-0.008642308569534081,0.08943160896567953,39998.061423633255
5001000.0,-0.022182907942408844,0.15931303877548128,126928.6022637139,5001000.0,-0.024792219915465364,0.15473158111040508,119733.25282682227
5001000.0,-1.9707756519457667e-05,0.022388696117868184,2506.7698230050873,5001000.0,-1.564812960940653e-05,0.021167598413719155,2240.784180245033
5001000.0,-0.0013360862301412607,0.23621143350153695,279035.0024255719,5001000.0,0.0014556044061751075,0.23810652058869108,283530.2704494107
5001000.0,-0.0021369916387750493,0.4422780660221213,978245.0483090236,5001000.0,-0.003697293661566755,0.4349773265236976,946215.5782231069
5001000.0,1.3994406014291115e-05,0.0862668649911608,37217.301949011235,5001000.0,0.0003909931880458561,0.08586928620018047,36875.04509695505
