cur_n,cur_mean,cur_std,cur_S,next_n,next_mean,next_std,next_S
10001000.0,-0.003498490062047167,0.08184035496136582,66985.13484572375,10001000.0,-0.008026021729968793,0.08589287206014246,73783.23229287076
10001000.0,-0.023098685480573356,0.1562583338144992,244191.0855317211,10001000.0,-0.025709567028219093,0.15167794683920569,230085.00177312642
10001000.0,-2.4321722544805095e-05,0.02199333063158529,4837.549629294548,10001000.0,-2.248291760997483e-05,0.020757202840178332,4309.045558952822
10001000.0,-0.0014174018365841273,0.2276437586114773,518268.6300284401,10001000.0,0.0013735861715587737,0.2295352314304272,526916.9111006656
10001000.0,-0.0022153848872903206,0.4396540179198655,1933149.8503862876,10001000.0,-0.0037758386398284976,0.4323514879933456,1869465.019509771
10001000.0,-9.705084553724105e-05,0.0861057036149199,74149.33614239932,10001000.0,0.00027994621414616585,0.08570798401702158,73465.93110114452
