cur_n,cur_mean,cur_std,cur_S,next_n,next_mean,next_std,next_S
3401000.0,-0.015789520290046224,0.11781596665690887,47207.92739962563,3401000.0,-0.015163528593272288,0.11913789526292802,48273.24333620107
3401000.0,0.003392529579704134,0.11717283239233259,46693.93648551251,3401000.0,0.003966285093548825,0.11693249288416871,46502.580041053065
3401000.0,0.004989960201717731,0.04872432643920826,8074.178015632353,3401000.0,0.00525332550195799,0.047213580856910686,7581.24466114628
3401000.0,0.004893413403867565,0.18335603672628356,114339.7025297028,3401000.0,0.004893239076559571,0.17929166599329066,109326.85058330362
3401000.0,0.0021394591664467793,0.20492188265386543,142818.11814536602,3401000.0,0.0021665749023612956,0.20112368930350516,137572.96129517886
3401000.0,-1.9071084916976023e-05,0.06554810177878986,14612.57895277562,3401000.0,-5.78997064103785e-06,0.06227015103448914,13187.621385227361
