cur_n,cur_mean,cur_std,cur_S,next_n,next_mean,next_std,next_S
17551000.0,-0.023467110573169057,0.07383988067889867,95693.80835370725,17551000.0,-0.0234237373524264,0.07038765138098776,86955.05116611422
17551000.0,-0.02401540630730438,0.08211429087007,118342.12398417288,17551000.0,-0.023984413847832186,0.07706063578805579,104223.83321203027
17551000.0,-0.03330447994718796,0.12292651967536633,265211.9190824334,17551000.0,-0.03322570301492461,0.11609750825701995,236563.4601136522
17551000.0,0.03241640026639651,0.13562821768780772,322850.8807655906,17551000.0,0.03263543788982419,0.12487839155810194,273701.047114011
17551000.0,0.032130409944423434,0.14207032169020295,354248.9681318237,17551000.0,0.032360336770200164,0.1286182878889535,290340.2955039538
17551000.0,0.048738798477402916,0.20857429036526326,763525.2704887001,17551000.0,0.04908058116103418,0.18894664484266366,626585.3480172066
