cur_n,cur_mean,cur_std,cur_S,next_n,next_mean,next_std,next_S
16151000.0,-0.023483375526734337,0.07387677102951712,88148.56113592311,16151000.0,-0.023439564615712952,0.07040495122854702,80058.19995068698
16151000.0,-0.02416281745937552,0.08248185875456193,109879.4041882848,16151000.0,-0.02413056755132973,0.07737885283754498,96703.90038010568
16151000.0,-0.0333906794583873,0.12329277675886503,245513.10824351886,16151000.0,-0.03331708066898371,0.11638037770270779,218755.48026704675
16151000.0,0.03237005250418455,0.13580121650919963,297856.26401726843,16151000.0,0.03259101336522953,0.12502751862607972,252470.50056319838
16151000.0,0.032171654533379196,0.14267093540938708,328753.537336831,16151000.0,0.032401170408646665,0.12914571721093654,269376.33144019806
16151000.0,0.048628995586191395,0.20904824245069278,705817.5590660083,16151000.0,0.04897825234534694,0.18932391928631767,578909.1181314178
