cur_n,cur_mean,cur_std,cur_S,next_n,next_mean,next_std,next_S
29151000.0,-0.023452606647481705,0.07351904866281268,157562.6276002246,29151000.0,-0.02340849786696884,0.07015779252010394,143484.59918107
29151000.0,-0.023750896484660666,0.08057480303237215,189257.00475890102,29151000.0,-0.02371500716613043,0.07586410580153732,167774.5736678477
29151000.0,-0.03312574049389154,0.12164486269237429,431361.1243294877,29151000.0,-0.03304053445055129,0.11518139018183916,386739.1063316886
29151000.0,0.032203594904718136,0.13353518104323953,519810.2710422859,29151000.0,0.032422634899173484,0.12277293415986971,439398.6597021832
29151000.0,0.032268351283514796,0.13925903446510465,565327.636605146,29151000.0,0.03249291011867218,0.1261935851003467,464224.45465286716
29151000.0,0.04884726986655244,0.20529570914282846,1228607.6131383087,29151000.0,0.04919184897210214,0.18604728527387734,1009020.8308216302
