cur_n,cur_mean,cur_std,cur_S,next_n,next_mean,next_std,next_S
27951000.0,-0.02341677441971482,0.07350463653619595,151017.340936888,27951000.0,-0.023372219694571438,0.07013934070382039,137505.70237366066
27951000.0,-0.023714542479044462,0.08062543767237815,181694.39099735767,27951000.0,-0.023677647026144503,0.07588775791041832,160968.4617805344
27951000.0,-0.03309963146819858,0.12167245947119665,413791.841843265,27951000.0,-0.03301592664972994,0.11517839293729487,370799.70454151987
27951000.0,0.032222915149166295,0.133726145916569,499838.84742460295,27951000.0,0.0324415367960299,0.12297511758775966,422699.60618251236
27951000.0,0.03224751322389535,0.13945711671506478,543599.0811866961,27951000.0,0.03247201344055013,0.1263654313136556,446327.7795810907
27951000.0,0.04883064826193538,0.20553135325202845,1180737.9270277722,27951000.0,0.04917066929980042,0.18626715597083943,969772.6178007408
