cur_n,cur_mean,cur_std,cur_S,next_n,next_mean,next_std,next_S
24301000.0,-0.023261283012366286,0.07335110374151829,130748.72179282528,24301000.0,-0.023216316614461004,0.06997452378507088,118988.242122402
24301000.0,-0.02369468950215168,0.08103101750624572,159560.99291956736,24301000.0,-0.02365791058569364,0.07619795695835424,141094.73219308574
24301000.0,-0.03305617102001865,0.12180134939850584,360519.15535042994,24301000.0,-0.03297675583712534,0.1152143577519146,322579.93639035604
24301000.0,0.03223035799538432,0.1342659910570506,438082.786771482,24301000.0,0.03244989324553054,0.1235678061972021,371052.03530258837
24301000.0,0.03226080745484725,0.14048449081400774,479601.9153624453,24301000.0,0.03248534768931962,0.12729893681358562,393798.17434633704
24301000.0,0.04882994317068832,0.2065551169488116,1036802.5620233526,24301000.0,0.04916881569309993,0.1872722451617375,852257.7904262132
