cur_n,cur_mean,cur_std,cur_S,next_n,next_mean,next_std,next_S
651000.0,-0.004538497897933331,0.11891815066949524,9206.133789682954,651000.0,-0.003931075001608931,0.11995626342922104,9367.567843471339
651000.0,0.004320498276299148,0.11752415152268392,8991.563950423526,651000.0,0.004916873626370667,0.11740139741660072,8972.790363106275
651000.0,0.003810286660618334,0.04761543734213515,1475.966647507102,651000.0,0.004070827683660724,0.04608754064235523,1382.7639730019448
651000.0,0.003906465646570001,0.20086449277554322,26265.600442142542,651000.0,0.003910678394275942,0.19712801064711646,25297.503630679967
651000.0,9.624391828425215e-05,0.22899287096713863,34136.96545490597,651000.0,0.00012960894140716687,0.22555410005938986,33119.39848689442
651000.0,0.0006003526913323901,0.06568074858715449,2808.3884384648163,651000.0,0.0006028061926424478,0.062456552885180365,2539.434469892865
