cur_n,cur_mean,cur_std,cur_S,next_n,next_mean,next_std,next_S
9651000.0,-0.003550673261877353,0.08203274158306213,64945.15654495443,9651000.0,-0.008077716821407848,0.08608157895778479,71514.27901433635
9651000.0,-0.023111455782879074,0.15642483270791907,236147.69670459718,9651000.0,-0.02572161716850278,0.1518393488090617,222505.61790907985
9651000.0,-2.0929668508345542e-05,0.022009485223809674,4675.1127116747975,9651000.0,-1.9471739688213065e-05,0.020774130575162534,4165.029000636316
9651000.0,-0.0013930050174422652,0.22808683379760733,502079.7998087893,9651000.0,0.001398007546348387,0.22997503836902158,510427.0898511108
9651000.0,-0.0021793685723960187,0.43977254925837717,1866502.387428775,9651000.0,-0.0037398397017028304,0.4324682477270482,1805014.8068540916
9651000.0,-0.0001160949720738718,0.08612677065174519,71589.38683159165,9651000.0,0.0002609018270943796,0.08572928658552882,70930.12659275347
