cur_n,cur_mean,cur_std,cur_S,next_n,next_mean,next_std,next_S
4051000.0,-0.024288361004244294,0.07703579982079124,24040.71805327156,4051000.0,-0.024251924700831165,0.07326943271337233,21747.42797883469
4051000.0,-0.026266073388000872,0.08883464293422937,31968.846424055962,4051000.0,-0.026240999709258105,0.08309934650367776,27974.18612820946
4051000.0,-0.03508547048099193,0.12934050386064952,67769.04101859203,4051000.0,-0.035009511469013085,0.1218130546808324,60110.4405975263
4051000.0,0.03258708325127106,0.14227413320756035,82000.0542978286,4051000.0,0.03279966711921504,0.13135719620930203,69898.84234667072
4051000.0,0.0322281711410437,0.1526667116839027,94417.16279317864,4051000.0,0.03246238550854843,0.13848578455033006,77691.34402873028
4051000.0,0.04876833477952561,0.22099657114824411,197848.75154454703,4051000.0,0.04911848287292992,0.2005227462177996,162888.1649621994
