cur_n,cur_mean,cur_std,cur_S,next_n,next_mean,next_std,next_S
751000.0,-0.031652275556185196,0.09602231136137009,6924.433493664107,751000.0,-0.03162525102449203,0.09164815949313507,6307.938238997822
751000.0,-0.036638404647001833,0.10958745108906634,9019.06648658508,751000.0,-0.03665002888976514,0.10318971285224579,7996.735745735234
751000.0,-0.04875464358239603,0.15793041840232833,18731.454809607596,751000.0,-0.04865654493309145,0.14967133196686164,16823.532217163607
751000.0,0.03288557509806478,0.15464266639992383,17959.680057729878,751000.0,0.03308820062676852,0.14263646092296509,15279.215148456038
751000.0,0.03176968611102317,0.17313369943906595,22511.433688974073,751000.0,0.03199119618351078,0.15773423837062997,18684.947555726398
751000.0,0.047876664116889116,0.24400469661379803,44713.25726916331,751000.0,0.048262299744624586,0.22184466085217733,36960.505215011806
