cur_n,cur_mean,cur_std,cur_S,next_n,next_mean,next_std,next_S
15501000.0,-0.02346717116234779,0.07385448601531636,84549.97360619626,15501000.0,-0.023422654698523844,0.07037098885990918,76762.1312094558
15501000.0,-0.0242268316063558,0.08266781118242543,105933.3225552494,15501000.0,-0.024194067123607783,0.07753961808251413,93198.09416429573
15501000.0,-0.033431526195320735,0.12351381098041782,236478.0089565518,15501000.0,-0.03335802544948141,0.11656284200272231,210610.4770002856
15501000.0,0.032350414228897985,0.1359272237724294,286399.733728604,15501000.0,0.032571570132017315,0.1251432003232065,242758.37992116707
15501000.0,0.032196188492273396,0.1430344024075872,317132.48305775365,15501000.0,0.03242856941861947,0.12948445873306916,259893.25455268967
15501000.0,0.04861838384266221,0.20948036394191014,680215.2366200216,15501000.0,0.04896968403971131,0.18970245926290366,557834.8443041515
