cur_n,cur_mean,cur_std,cur_S,next_n,next_mean,next_std,next_S
10851000.0,-0.023407433967485385,0.07408719766439678,59560.19341959065,10851000.0,-0.0233645443358933,0.07054025532870417,53993.79062457258
10851000.0,-0.02451101208985223,0.08373922386274281,76090.00736012304,10851000.0,-0.024475295444099654,0.07847753554904324,66828.30963007295
10851000.0,-0.03365841731869129,0.1246309896589807,168547.31976322335,10851000.0,-0.03357907182292386,0.11751259483435958,149843.73710998692
10851000.0,0.03243218959674513,0.1375951686267546,205435.80258969104,10851000.0,0.03265403977968882,0.12683760364355684,174568.47580143233
10851000.0,0.03228215715029333,0.1454383679385714,229523.81204356134,10851000.0,0.0325160993885742,0.1317949906933629,188480.99727429205
10851000.0,0.04864260422739527,0.21249400427457746,489962.81880304153,10851000.0,0.04898937464120742,0.1925331983528807,402236.07131015626
