cur_n,cur_mean,cur_std,cur_S,next_n,next_mean,next_std,next_S
11251000.0,-0.023399434282299948,0.07405325949890577,61699.19286238054,11251000.0,-0.023355878659423346,0.07051822526022454,55949.19887592628
11251000.0,-0.0244616534770521,0.08355779505998952,78553.41445209637,11251000.0,-0.024426432459617578,0.07830835283410904,68993.36108852587
11251000.0,-0.033619498900925915,0.12445953422146312,174279.96633517358,11251000.0,-0.03354138117826636,0.11734988017345163,154937.4577325156
11251000.0,0.03241090934019408,0.13739568566498428,212391.59001713994,11251000.0,0.032632755284963025,0.12665619526886848,180486.19954163957
11251000.0,0.03223654481801056,0.14509356368674872,236857.6521545802,11251000.0,0.03247125890340105,0.13144953763986716,194405.8146204628
11251000.0,0.04858263503291565,0.21204582042418063,505883.55047280283,11251000.0,0.04892940542492531,0.1920913809802674,415151.75887634204
