cur_n,cur_mean,cur_std,cur_S,next_n,next_mean,next_std,next_S
4801000.0,-0.02404131101111319,0.07627964049245725,27935.019641114577,4801000.0,-0.024006543542172354,0.07255683675722842,25274.83838359266
4801000.0,-0.02577948622882598,0.0874725541035331,36734.60051041992,4801000.0,-0.025752107110128538,0.0818751549667363,32183.700344970828
4801000.0,-0.034720397294387806,0.12833179865593883,79067.91167263471,4801000.0,-0.034645996030821406,0.12087000118460109,70140.48405174061
4801000.0,0.03258851681715092,0.14110901658511238,95596.33365032573,4801000.0,0.03280332846018953,0.13019074437124528,81375.17324562682
4801000.0,0.032250421462748875,0.15069716233146255,109028.95636155958,4801000.0,0.03249081695096286,0.13671083522268035,89729.981695425
4801000.0,0.048605713528375026,0.21898879470466412,230237.19868197353,4801000.0,0.048966279347804696,0.19858225140436414,189327.005660138
