cur_n,cur_mean,cur_std,cur_S,next_n,next_mean,next_std,next_S
21401000.0,-0.023285602821709623,0.0734715668833652,115524.12047349196,21401000.0,-0.023240817423230163,0.07006701942879336,105065.7957161986
21401000.0,-0.023758195354738207,0.08141637808104701,141859.2382911101,21401000.0,-0.023724670227983385,0.07650173995224015,125249.69953262749
21401000.0,-0.03309409061980196,0.12210661206545602,319089.4388209308,21401000.0,-0.0330143866267783,0.11545787440789228,285286.4748444394
21401000.0,0.03233959102432071,0.13494860740399275,389736.3212285674,21401000.0,0.032557665802373126,0.12424787417212665,330378.6701908983
21401000.0,0.032231918619176625,0.1412180441221878,426790.212629884,21401000.0,0.0324584747553834,0.12796510077395146,350442.8092112898
21401000.0,0.04886850127529342,0.2074900361450448,921358.3152438003,21401000.0,0.049207724778921186,0.18817320459207812,757791.3245810012
