cur_n,cur_mean,cur_std,cur_S,next_n,next_mean,next_std,next_S
18101000.0,-0.02342895875950686,0.07376375675871766,98489.20287379387,18101000.0,-0.02338599650729279,0.0703192952058362,89505.88413952249
18101000.0,-0.024010107383658497,0.08213601675233957,122115.23331297294,18101000.0,-0.02397924841051818,0.07709842343579172,107595.36498964822
18101000.0,-0.03325182537208717,0.12276993715365435,272826.55264116026,18101000.0,-0.03317245315402298,0.11596991324574345,243440.72510665545
18101000.0,0.03238644031803266,0.13547793961572596,332230.67968977604,18101000.0,0.03260544235239739,0.12473765237590023,281642.18223846203
18101000.0,0.03220633073528362,0.1421365245531427,365690.7309696472,18101000.0,0.03243563822123149,0.12869693860756048,299805.08922795026
18101000.0,0.04874656593442575,0.2083855462072023,786027.5237480083,18101000.0,0.04908589940775125,0.18879120800175142,645158.018079785
