cur_n,cur_mean,cur_std,cur_S,next_n,next_mean,next_std,next_S
21201000.0,-0.023280089748088515,0.07346589502942649,114426.83716619638,21201000.0,-0.02323596495713941,0.070058953635869,104059.95632950483
21201000.0,-0.02375548068070193,0.08143851416561075,140609.94192904,21201000.0,-0.023722272718819014,0.07651607805564184,124125.71097176302
21201000.0,-0.03306882501591899,0.12205984872047229,315865.3600035588,21201000.0,-0.032990653277457115,0.11540191095872296,282346.4599230634
21201000.0,0.0323327763796041,0.13497000588933683,386216.5496855633,21201000.0,0.032550630370392464,0.12426929186596143,327404.009155292
21201000.0,0.03222088308922784,0.14126712014611834,423095.6201680445,21201000.0,0.032446208558324766,0.1280016163380351,347365.9566589553
21201000.0,0.048828644540767,0.20746789556712325,912553.1099779671,21201000.0,0.04916751511610306,0.18813623119411138,750414.5147854794
