cur_n,cur_mean,cur_std,cur_S,next_n,next_mean,next_std,next_S
851000.0,-0.005220247301046394,0.11644562908860887,11539.20643829943,851000.0,-0.004627485392855415,0.11762138199372794,11773.405866299412
851000.0,0.003805804973962706,0.11737027660774439,11723.190338162643,851000.0,0.004395336128110701,0.11718510790926187,11686.229437865253
851000.0,0.003892086299409878,0.04703668515850293,1882.7947378458105,851000.0,0.004146523866966917,0.04553262813622889,1764.3104114682794
851000.0,0.0038430244004982895,0.1948752564519171,32317.887106197595,851000.0,0.003840443075566081,0.19115867684890175,31096.935414164047
851000.0,0.0005471866256429312,0.22437649565402745,42843.43484348652,851000.0,0.0005914034514951023,0.2208476920459861,41506.42132281494
851000.0,0.000426035827522397,0.06525679666673402,3623.940534034152,851000.0,0.0004343386653838074,0.06205292024952341,3276.8307396811497
