cur_n,cur_mean,cur_std,cur_S,next_n,next_mean,next_std,next_S
5751000.0,-0.023857784084436413,0.07564710498066621,32910.00831323858,5751000.0,-0.023822844849167697,0.07198388671092523,29799.84136951109
5751000.0,-0.02546810278763153,0.08668428958571708,43213.969016698626,5751000.0,-0.025441670024310817,0.08114667880736255,37869.089801906724
5751000.0,-0.03451189250819638,0.1274059796950067,93351.8633404177,5751000.0,-0.034440147732740824,0.12002356546543776,82846.92919172531
5751000.0,0.03255003043546451,0.13996479631820719,112662.91934249242,5751000.0,0.03276255984622464,0.12909915344069814,95849.56725127238
5751000.0,0.03225350192595487,0.14943920582984746,128431.77045080825,5751000.0,0.032491533180105295,0.13545818054704512,105524.63131209339
5751000.0,0.0485718437639763,0.2168975038373117,270553.0757595966,5751000.0,0.0489302070951956,0.1966211588132079,222332.9704151232
