cur_n,cur_mean,cur_std,cur_S,next_n,next_mean,next_std,next_S
14601000.0,-0.023495512340785278,0.07399275361419584,79939.41770378935,14601000.0,-0.023451686930573513,0.07049573994193861,72561.85015878697
14601000.0,-0.02428230578559405,0.08285902536382153,100244.88964802357,14601000.0,-0.024249160423642255,0.0776935333918161,88135.79919634745
14601000.0,-0.03343828997106317,0.12364358959528896,223216.2515581684,14601000.0,-0.03336356552540461,0.11664258673446679,198653.8038786112
14601000.0,0.03240669636718323,0.13634815322777813,271444.5465928233,14601000.0,0.0326299207919244,0.1255573921442355,230179.78200081747
14601000.0,0.032183704484334184,0.14346356436881744,300514.77859482646,14601000.0,0.03241876124152376,0.12984975468559792,246186.85932067726
14601000.0,0.04854731680578665,0.20985593715244039,643020.9491430417,14601000.0,0.04889857421817576,0.19000178643488225,527106.0118661688
