cur_n,cur_mean,cur_std,cur_S,next_n,next_mean,next_std,next_S
1801000.0,-0.016692435650223627,0.1398212077136078,35209.49619781183,1801000.0,-0.016054946394695496,0.14126868846821522,35942.27305709489
1801000.0,-0.0046300505392949465,0.12608062571319115,28629.279848593866,1801000.0,-0.004123672616328757,0.12672335035091964,28921.91235101563
1801000.0,0.0020611725306884853,0.06132884900836123,6773.971124963357,1801000.0,0.0023010433091767046,0.06117731499036684,6740.537628844445
1801000.0,0.007046551869573834,0.20082567734326978,72636.04577736996,1801000.0,0.007089174374869328,0.19718337842501676,70025.19379351316
1801000.0,0.0001996243841422172,0.24479177575755956,107921.34727484932,1801000.0,0.00024149527486232145,0.2419121555519273,105397.20529780754
1801000.0,0.00034038301327509265,0.06747976317064824,8200.886706057761,1801000.0,0.000337377008946886,0.06489310398685198,7584.218016032141
