cur_n,cur_mean,cur_std,cur_S,next_n,next_mean,next_std,next_S
1451000.0,-0.026368538488063756,0.08395762199901706,10227.92820529999,1451000.0,-0.026345778807399915,0.07995124494838628,9275.084476324248
1451000.0,-0.030688078091459244,0.09728530605243699,13732.889052662398,1451000.0,-0.030683730802812472,0.09120826724576024,12070.793568276305
1451000.0,-0.04151975692183949,0.14494815255413446,30485.46201377098,1451000.0,-0.04144741581994975,0.13658431828816608,27068.80547925468
1451000.0,0.032136596729001855,0.14703749733116855,31370.657176670844,1451000.0,0.032340519037282786,0.13592464885424355,26807.965251082795
1451000.0,0.031936697307895535,0.16191876350871873,38041.86235145515,1451000.0,0.03216511938423629,0.1473032555771365,31484.159449357256
1451000.0,0.048600384412332526,0.23691101816647941,81440.0310971117,1451000.0,0.04897944820839806,0.214979866166752,67059.91348561524
