cur_n,cur_mean,cur_std,cur_S,next_n,next_mean,next_std,next_S
1701000.0,-0.026555974365439675,0.08324032954149739,11786.148138163218,1701000.0,-0.02653151888221247,0.07926262599707229,10686.641159797944
1701000.0,-0.030226646105342526,0.09631600681462725,15779.791159984765,1701000.0,-0.030224550327478478,0.0902330609193476,13849.55098616986
1701000.0,-0.04052428579126621,0.14190065121815856,34250.986982249866,1701000.0,-0.0404424194315911,0.13371051518510338,30411.331682682863
1701000.0,0.03247953199182451,0.14563930838878308,36079.58465968517,1701000.0,0.032692079021836205,0.1344397096480381,30743.9344369532
1701000.0,0.031988903702325176,0.15988323526109174,43482.065808758685,1701000.0,0.03221616400804862,0.14519323731325032,35858.91055071461
1701000.0,0.0486648354181307,0.23242628844999128,91891.38723604818,1701000.0,0.04903970847200352,0.2106170801145092,75455.60209557066
