cur_n,cur_mean,cur_std,cur_S,next_n,next_mean,next_std,next_S
6501000.0,-0.003796592600144842,0.08370435269186696,45548.727705828525,6501000.0,-0.008323802176030527,0.08773149525255151,50036.996000374296
6501000.0,-0.02256903263442215,0.15783646616762745,161955.1876899022,6501000.0,-0.025179669519869573,0.15326191371206857,152703.3814796508
6501000.0,-1.2264916817597426e-05,0.022164366272465,3193.6756188221566,6501000.0,-1.0636941580570567e-05,0.020941436980230575,2850.973131963093
6501000.0,-0.0014014684692770162,0.23214901978780986,350359.4811922545,6501000.0,0.001389895040647528,0.23404073768469216,356092.70989086275
6501000.0,-0.002203189933232226,0.440901678560438,1263757.280313334,6501000.0,-0.003763590696027464,0.43360047133548063,1222248.9061940236
6501000.0,-0.00010759220958587999,0.08600675369098532,48088.94808468226,6501000.0,0.000269406353106817,0.08560873105879133,47644.88527256051
