cur_n,cur_mean,cur_std,cur_S,next_n,next_mean,next_std,next_S
27401000.0,-0.02338461626431433,0.07347789935856569,147938.04542133588,27401000.0,-0.023340894663500412,0.07010903874380812,134683.5136694272
27401000.0,-0.02369245499918931,0.08066154339897713,178278.70387262246,27401000.0,-0.023655928311098442,0.07591008063490196,157893.88771106847
27401000.0,-0.03304207257779978,0.12159632634675856,405142.049986732,27401000.0,-0.032959348665472524,0.11509032287636327,362947.6840845437
27401000.0,0.0322308631744512,0.13384028484511692,490840.1918412113,27401000.0,0.03244914093807941,0.12309608625121433,415197.6653864897
27401000.0,0.03224951281783568,0.13961189994371256,534086.1148840798,27401000.0,0.032474159269714975,0.12650854634067332,438536.90135640727
27401000.0,0.04876668692210622,0.20555174372097618,1157733.8816198548,27401000.0,0.04910629467626713,0.1863087322200935,951114.5683636644
