cur_n,cur_mean,cur_std,cur_S,next_n,next_mean,next_std,next_S
4051000.0,-0.024008113795000282,0.13102940676654928,69550.42572769261,4051000.0,-0.023360040977598695,0.13241290298437905,71026.8995277166
4051000.0,-0.0027750594399549846,0.10276760379493864,42783.34175889138,4051000.0,-0.0022765531755950474,0.10316421913201058,43114.210098034986
4051000.0,0.003107944423487131,0.053700259896639305,11681.941265427726,4051000.0,0.003349124608081523,0.053033619453405456,11393.699973723262
4051000.0,0.006738061136114248,0.19141692067349275,148430.4123940151,4051000.0,0.006789357435458995,0.18745503698940766,142349.67250632847
4051000.0,-0.0007567533851591805,0.2291444004484963,212706.48999670523,4051000.0,-0.0007190002743755217,0.22600386381313398,206915.95090324417
4051000.0,7.896471095137709e-05,0.06545980925172325,17358.48082707884,4051000.0,8.408902838313581e-05,0.0625784246183656,15863.955931479408
