cur_n,cur_mean,cur_std,cur_S,next_n,next_mean,next_std,next_S
5001000.0,-0.025112235739604225,0.1300426255123185,84572.33333513566,5001000.0,-0.024467141646127264,0.1314388540496627,86398.13794179655
5001000.0,-0.0026812782816708265,0.09848177011449967,48502.99388347069,5001000.0,-0.002187584882612064,0.09885189829772781,48868.26068311867
5001000.0,0.0033111077928862443,0.052773718252559214,13928.11175634071,5001000.0,0.0035591975175739807,0.051992099508519914,13518.595234930486
5001000.0,0.006788765377091244,0.18871906521909848,178110.0427714289,5001000.0,0.006838574401611313,0.1847241130346436,170649.11268011536
5001000.0,-0.000957512981009791,0.22459029710944195,252254.44858009272,5001000.0,-0.0009168888950136875,0.2213823387495749,245099.70969106787
5001000.0,-2.756951951209299e-05,0.06526079257756927,21299.11421031045,5001000.0,-1.3049246227623617e-05,0.06228445100488917,19400.64353773918
