cur_n,cur_mean,cur_std,cur_S,next_n,next_mean,next_std,next_S
5551000.0,-0.017635146012762604,0.06505810896688827,23494.926917571014,5551000.0,-0.017587274421632524,0.061405008505486934,20930.46221112158
5551000.0,-0.018634427594616414,0.08037494193523456,35860.188796853516,5551000.0,-0.01859043884434862,0.07418733707849695,30551.377215514633
5551000.0,-0.024134352672334193,0.10482544013101751,60996.45796047018,5551000.0,-0.024073722094021352,0.09878106163477074,54164.982362330375
5551000.0,0.03242821173806493,0.15105263282079057,126656.60014349586,5551000.0,0.0326409837223134,0.1418400505205232,111678.34822067004
5551000.0,0.03208559605735234,0.15662732063730958,136177.78463119536,5551000.0,0.03231227217328936,0.14291704581084952,113380.74028930084
5551000.0,0.04914541160751973,0.2247507051341482,280396.9938730057,5551000.0,0.049478861780239226,0.20940595087142236,243416.08089728362
