cur_n,cur_mean,cur_std,cur_S,next_n,next_mean,next_std,next_S
3301000.0,-0.02261101507601918,0.1327500464279564,58172.11950268775,3301000.0,-0.021956633603260615,0.1341334167994197,59390.84433104888
3301000.0,-0.0030958856662551444,0.10740293704748399,38078.3253160916,3301000.0,-0.0025947599516009242,0.1078463619663857,38393.39554275884
3301000.0,0.002827201447704305,0.054762080641345086,9899.32095683447,3301000.0,0.003065529803958728,0.05421392751527764,9702.133940821499
3301000.0,0.006731990734138828,0.19359681933688522,123720.58363774064,3301000.0,0.006779927520007749,0.18968079710738064,118766.03461605258
3301000.0,-0.0004547123444997659,0.23218356088788977,177954.28882966196,3301000.0,-0.0004155264041690055,0.2291056310584148,173267.47699300846
3301000.0,0.0001279853332057685,0.06581056310019975,14296.730741581301,3301000.0,0.00013533723267293463,0.0629963670852688,13100.15801987434
