cur_n,cur_mean,cur_std,cur_S,next_n,next_mean,next_std,next_S
4951000.0,-0.024013556435316934,0.07619743989612043,28745.752791125007,4951000.0,-0.023979254649657077,0.07247421685926532,26005.187453460258
4951000.0,-0.025691689598778534,0.08724700644370703,37687.21070040526,4951000.0,-0.02566340420066334,0.08166214970426877,33016.76684359022
4951000.0,-0.03469879058179529,0.12815140141385292,81309.19211913993,4951000.0,-0.0346239854242541,0.12070727011672656,72137.28328726935
4951000.0,0.03261710895824408,0.1410423448737345,98489.96102808071,4951000.0,0.032837198913814654,0.13010424319671732,83806.14189816108
4951000.0,0.03222018364943392,0.15036537945289796,111940.85907050726,4951000.0,0.03246498631116595,0.1363995848633926,92112.59626373481
4951000.0,0.048651010874707135,0.21865076959326246,236698.19542548715,4951000.0,0.04901337727910483,0.19829097989677139,194669.9172193963
