cur_n,cur_mean,cur_std,cur_S,next_n,next_mean,next_std,next_S
27701000.0,-0.023413012484828265,0.07351124710719648,149693.52950322314,27701000.0,-0.023368580542922564,0.07014535886925279,136299.20734519733
27701000.0,-0.023708111151595945,0.0806439074955446,180151.78634716992,27701000.0,-0.02367129127704513,0.07589945381280162,159577.90109464957
27701000.0,-0.0330703149594097,0.1216261534429277,409778.71019783715,27701000.0,-0.03298794734888657,0.1151253634458725,367144.8796959839
27701000.0,0.03224091134548567,0.13379360134574858,495868.0597092642,27701000.0,0.03245909780820927,0.12304834735503024,419417.95419026254
27701000.0,0.03224988737228137,0.1395212897715819,539232.9374871622,27701000.0,0.03247454538058256,0.12642266767479807,442736.5206766464
27701000.0,0.04879190707852593,0.205513154071682,1169969.9206092944,27701000.0,0.049132054205898355,0.1862549625875782,960972.9280625428
