cur_n,cur_mean,cur_std,cur_S,next_n,next_mean,next_std,next_S
13501000.0,-0.02348146125272789,0.07408909944861797,74109.61706560435,13501000.0,-0.023437950216510257,0.07058308627675879,67261.60489482542
13501000.0,-0.024333350567256534,0.08303216199273332,93080.48332995654,13501000.0,-0.024300351252496064,0.07783290800623323,81788.53913911001
13501000.0,-0.03355220543853557,0.12406925085563307,207823.309785361,13501000.0,-0.03347444384618461,0.1170252272655425,184894.89642726682
13501000.0,0.03244025538988401,0.1367792186585423,252584.19642201476,13501000.0,0.03266089783611844,0.12601166027585042,214381.54903245607
13501000.0,0.03216368078141946,0.14388496508332418,279509.6257730742,13501000.0,0.032399612569115145,0.13024586582195416,229030.76909565533
13501000.0,0.04859275941965522,0.21070988730113308,599426.2628437652,13501000.0,0.04894602509448875,0.19079530744687026,491474.86898991134
