cur_n,cur_mean,cur_std,cur_S,next_n,next_mean,next_std,next_S
1401000.0,-0.002865095902531627,0.10755600743000261,16207.180922730173,1401000.0,-0.0022889614826731176,0.10815451662512503,16388.056652446638
1401000.0,0.0007025303956478582,0.10576678065456585,15672.443257933495,1401000.0,0.0012266076605907908,0.10557517610789603,15615.711052108778
1401000.0,0.004118816011890899,0.0484147751692655,3283.930627021428,1401000.0,0.004412178409386792,0.04685757801173802,3076.081296593686
1401000.0,0.0032381768459170215,0.19252044930009515,51926.83688159342,1401000.0,0.0032860152027600854,0.18855955191306023,49812.14116933333
1401000.0,-0.0006554316787222144,0.2137317303643622,63999.43484292674,1401000.0,-0.0006240939452427093,0.21024144033921405,61926.24999350612
1401000.0,0.0005554305029696171,0.06713804060586959,6315.030611449945,1401000.0,0.0005971792014880259,0.06369988297224417,5684.802802039323
