cur_n,cur_mean,cur_std,cur_S,next_n,next_mean,next_std,next_S
8801000.0,-0.023497243109346755,0.07446106583543727,48796.70731339938,8801000.0,-0.023455559241179487,0.0708760216721805,44211.03535351161
8801000.0,-0.024788893044028117,0.08456764033677415,62941.98665653605,8801000.0,-0.02475725342353408,0.07921700236903043,55229.209819612086
8801000.0,-0.033832364232961855,0.12518449178274138,137921.85260653144,8801000.0,-0.03375213807103522,0.11802278991737812,122592.46404989771
8801000.0,0.03244164545749035,0.13826397271365842,168248.06705110744,8801000.0,0.03266272942880856,0.12747695497686193,143019.54201557153
8801000.0,0.03225333833230869,0.14662015882603657,189199.24204368948,8801000.0,0.03248899961449457,0.1328651076906609,155365.2573433697
8801000.0,0.048612190819370786,0.2135903302002018,401508.9173934299,8801000.0,0.04895928128852765,0.19361766019525234,329930.1131858005
