cur_n,cur_mean,cur_std,cur_S,next_n,next_mean,next_std,next_S
9851000.0,-0.003511114205051777,0.0819475187769699,66153.36435779677,9851000.0,-0.008038518155289174,0.08599503634568513,72849.5859658188
9851000.0,-0.0230948636225226,0.15630377850135424,240668.51193310783,9851000.0,-0.025705560399577918,0.15172208672048149,226765.99683994925
9851000.0,-2.144746728014112e-05,0.021983611353363342,4760.783085305033,9851000.0,-1.9916750368357053e-05,0.020749259065823887,4241.168286791427
9851000.0,-0.001411022396119714,0.22790659023765206,511674.8680703411,9851000.0,0.0013799780279586996,0.2297955193339227,520191.71593428624
9851000.0,-0.0022061376771182876,0.43969855662353097,1904541.3186843388,9851000.0,-0.0037666091923312228,0.4323956669297413,1841802.191891995
9851000.0,-0.00011245560473018672,0.08604953032375912,72941.9429607234,9851000.0,0.00026454119952037144,0.08565166384504598,72268.98027385329
