cur_n,cur_mean,cur_std,cur_S,next_n,next_mean,next_std,next_S
2601000.0,-0.01585397266987877,0.1185306526706206,36542.7901341831,2601000.0,-0.01522261060358337,0.11987761681735008,37378.042478913085
2601000.0,0.0027384183901018734,0.11671126097699434,35429.56945942305,2601000.0,0.003316561522346578,0.116503663276642,35303.64235143754
2601000.0,0.004705771473235929,0.048517711598710406,6122.671649155435,2601000.0,0.004976045599034968,0.0469699345937887,5738.260539692194
2601000.0,0.00473625296177347,0.1849446246277312,88965.94137877892,2601000.0,0.004744160360003221,0.1809180575750737,85134.2245910747
2601000.0,0.002064084141884429,0.20648166576475369,110892.79825046436,2601000.0,0.0021036453686359936,0.20272907104233723,106898.69731503712
2601000.0,0.0002102488502912704,0.06592113829471027,11302.896429056895,2601000.0,0.00022037987240920058,0.06263032692097706,10202.572968444236
