cur_n,cur_mean,cur_std,cur_S,next_n,next_mean,next_std,next_S
6201000.0,-0.023892757720634615,0.07557750406108191,35419.85850375779,6201000.0,-0.02385549324227536,0.07193333599161723,32086.48433150084
6201000.0,-0.02541746773860132,0.08639468527386415,46284.52223177782,6201000.0,-0.02539173720970488,0.08089475238007354,40579.101929289805
6201000.0,-0.034412610685188916,0.1269762710599225,99978.55812956636,6201000.0,-0.03434065875483335,0.1196390994215469,88758.10099858284
6201000.0,0.032629468571920325,0.1396704574900762,120968.09534871604,6201000.0,0.03284577504938767,0.1287982004734497,102868.24293667861
6201000.0,0.032299122198535,0.14885214688609513,137395.31908375036,6201000.0,0.032539995624847225,0.134904700038435,112853.72345134523
6201000.0,0.048453701100733826,0.2159047112337501,289058.6497084928,6201000.0,0.04881633105830652,0.19564938667803544,237366.11022895438
