cur_n,cur_mean,cur_std,cur_S,next_n,next_mean,next_std,next_S
28451000.0,-0.023433843999190136,0.07351255207392286,153751.91573369614,28451000.0,-0.023389767859380288,0.07014851837838815,140002.09705756372
28451000.0,-0.02373486088105828,0.08061404570618148,184892.36181198125,28451000.0,-0.023698146984132723,0.07589070872520737,163860.68003433666
28451000.0,-0.03310968481106083,0.12165357499810676,421063.20080668846,28451000.0,-0.033026007054431254,0.11517040590917693,377380.39142514346
28451000.0,0.03221313251424109,0.13364116756549033,508133.7694238777,28451000.0,0.032431650008384244,0.12288472476363266,429628.7519132305
28451000.0,0.03225811319416253,0.13937573022868402,552677.5799235366,28451000.0,0.032482959513177354,0.12630152474765985,453852.49019461084
28451000.0,0.04882996534514974,0.20541537254740327,1200503.4671568112,28451000.0,0.04917336924739165,0.18615388226534163,985920.1245238316
