cur_n,cur_mean,cur_std,cur_S,next_n,next_mean,next_std,next_S
251000.0,-0.01935737355277496,0.06967737241327643,1218.588992831022,251000.0,-0.01927074311712452,0.06592863113712383,1090.9926853073484
251000.0,-0.02176002309933404,0.08606506110142155,1859.2058803402474,251000.0,-0.02170430547081841,0.07898500079585222,1565.8962180309147
251000.0,-0.02745544928179713,0.11030272299002682,3053.839365452662,251000.0,-0.0274077355603252,0.10298347156425834,2662.004449272028
251000.0,0.03264929603831195,0.1477355927996266,5478.277150344129,251000.0,0.03293059519970707,0.13754978020222622,4748.905450453866
251000.0,0.03042503468083108,0.15908421021881922,6352.254271177312,251000.0,0.03063179649330813,0.14258759812009275,5103.137007551927
251000.0,0.04682103969413456,0.21276637437409704,11362.652046138903,251000.0,0.04709355608012061,0.19457530640937656,9502.747015939996
