cur_n,cur_mean,cur_std,cur_S,next_n,next_mean,next_std,next_S
1451000.0,-0.00701299091170395,0.1002098240283487,14570.95481493108,1451000.0,-0.011536368806474403,0.10419521416204693,15752.988491352768
1451000.0,-0.017292880388177643,0.17330285478192536,43579.15911904497,1451000.0,-0.019902855800540555,0.16876726723773303,41327.94860228487
1451000.0,5.272870428097111e-05,0.02345023865937251,797.9247688063987,1451000.0,5.9327027516384465e-05,0.022288294409355293,720.8104662009208
1451000.0,-0.0012117102288431382,0.27246060405394473,107714.66688485008,1451000.0,0.0015831664446545098,0.2744264493036312,109274.63018830516
1451000.0,-0.0021707309468845092,0.4553850363778738,300901.8959988292,1451000.0,-0.0037299801572085373,0.4481263762544215,291385.8284367279
1451000.0,0.00014094624935605133,0.0865665109465715,10873.446946138645,1451000.0,0.0005179580392845927,0.08617023763563662,10774.124598418208
