cur_n,cur_mean,cur_std,cur_S,next_n,next_mean,next_std,next_S
12901000.0,-0.02345935698621218,0.07407202795086425,70783.46935464637,12901000.0,-0.023416833564327895,0.07055951600546181,64229.50300143171
12901000.0,-0.024402929147215206,0.0832338426940625,89376.48402066686,12901000.0,-0.024371747196000864,0.07801451510772793,78518.89918523892
12901000.0,-0.03357512494056734,0.12419233694157868,198981.62529619184,12901000.0,-0.033499908986764006,0.11713016389382166,176994.95076523026
12901000.0,0.032431500348269686,0.1368980803828151,241778.7300056586,12901000.0,0.032651010954494825,0.12612885624216458,205235.40855111738
12901000.0,0.03222748280688256,0.14429699915057997,268619.77075778984,12901000.0,0.03246399730550599,0.13062655220344657,220133.5835093614
12901000.0,0.04856862780871691,0.21099072859924434,574314.9465449906,12901000.0,0.04891828902566821,0.1910595994153558,470935.1435914841
