cur_n,cur_mean,cur_std,cur_S,next_n,next_mean,next_std,next_S
7301000.0,-0.003730008849136532,0.08317874106465228,50513.450348198545,7301000.0,-0.008257303123638047,0.08720749045712856,55525.17380675205
7301000.0,-0.022763438505453506,0.15731870506119675,180693.72639852433,7301000.0,-0.02537391131125062,0.15274073861873483,170330.3823399495
7301000.0,-6.033095866488415e-06,0.022100200139526963,3565.945996158385,7301000.0,-5.764929036165296e-06,0.02087538206496972,3181.6412889931116
7301000.0,-0.001405651790763782,0.23093759791609,389378.20333228295,7301000.0,0.0013855947043699111,0.23282679829605193,395774.9297529751
7301000.0,-0.0021949749227747994,0.4404307915113212,1416242.7386945202,7301000.0,-0.0037553936808918126,0.4331276909861765,1369664.6554995216
7301000.0,-0.00017558432007509688,0.08600224434617437,54001.01442385988,7301000.0,0.0002014137471554333,0.08560464564296574,53502.86225165711
