cur_n,cur_mean,cur_std,cur_S,next_n,next_mean,next_std,next_S
23901000.0,-0.02324541750622348,0.07331327577110537,128463.9648989388,23901000.0,-0.023199276022600687,0.06993541273897698,116898.8816857634
23901000.0,-0.02370043511112372,0.08107577521050358,157107.99697234615,23901000.0,-0.02366473274973489,0.07623067558991013,138891.48114727036
23901000.0,-0.03307729263729217,0.12190540030694819,355191.0072401591,23901000.0,-0.032997264223684826,0.11531365276916128,317817.297746219
23901000.0,0.03221301408735977,0.134254898537733,430800.65335269127,23901000.0,0.03243186188993966,0.12356727425962905,364941.2921753777
23901000.0,0.03225088042190378,0.14055617378155774,472189.06395385205,23901000.0,0.032475879757769596,0.127363969159823,387711.99888009
23901000.0,0.04886059764246561,0.20675355690468689,1021696.8427297691,23901000.0,0.049199426606255224,0.18747248404158454,840022.9272503325
