cur_n,cur_mean,cur_std,cur_S,next_n,next_mean,next_std,next_S
2851000.0,-0.016214928985500636,0.11843149891502742,39988.18283542666,2851000.0,-0.015582367813819657,0.11977857105535288,40903.02924566138
2851000.0,0.003075575052127727,0.11718413515173902,39150.27848562522,2851000.0,0.0036591327877248145,0.11694606047898005,38991.36240648835
2851000.0,0.004841068310324329,0.04852722580027511,6713.796076675897,2851000.0,0.005110106735981009,0.046995719751443135,6296.711971300076
2851000.0,0.004858638833312617,0.1846187675968201,97173.73873390967,2851000.0,0.004865761272321187,0.18056790306030127,92956.1924720595
2851000.0,0.0020510977314665236,0.20672203270030734,121834.63058948252,2851000.0,0.002085971865027175,0.20292981342607513,117405.63166403088
2851000.0,8.941284306350733e-05,0.06579783322343404,12342.990697018593,2851000.0,0.00010239424850599625,0.06250843195540308,11139.723890806803
