cur_n,cur_mean,cur_std,cur_S,next_n,next_mean,next_std,next_S
3351000.0,-0.015811484885935447,0.11776289444833726,46472.0007839571,3351000.0,-0.015184823777367842,0.11908773951197041,47523.51239163964
3351000.0,0.0034362983949061416,0.11707544809012038,45931.01948797878,3351000.0,0.0040078083957924004,0.11683852140410943,45745.305521144
3351000.0,0.0049921274739194756,0.048687161367802385,7943.343374564391,3351000.0,0.005255511114067621,0.04717434204059125,7457.377550871989
3351000.0,0.00483648199827022,0.18334241921913205,112641.99743785038,3351000.0,0.004838388925989177,0.17928265994079345,107708.75399290015
3351000.0,0.0020889822543298762,0.2049779131825879,140795.4313353993,3351000.0,0.002115909549659801,0.20118459204322783,135632.52949333563
3351000.0,-2.507640458574274e-05,0.06557535896825077,14409.727935483887,3351000.0,-1.1768159481962936e-05,0.0622976209277985,13005.209464006584
