cur_n,cur_mean,cur_std,cur_S,next_n,next_mean,next_std,next_S
2851000.0,-0.017544107196326517,0.06502643048645601,12055.272922820013,2851000.0,-0.017495440023278474,0.06133156746650816,10724.2108896796
2851000.0,-0.018522327285057018,0.08100210553668076,18706.38348002174,2851000.0,-0.018471885035833212,0.07469661001123902,15907.392692984902
2851000.0,-0.024705455338645526,0.10644478586872955,32303.23394256174,2851000.0,-0.024670668166440018,0.10015220310586465,28596.85225661829
2851000.0,0.03222045590437395,0.15046903304842937,64549.29116351511,2851000.0,0.03242223292144874,0.1412521774563489,56883.65844069184
2851000.0,0.03196870638759736,0.1572643397744636,70511.13888195383,2851000.0,0.032206416191043155,0.14330819596610422,58551.668477550156
2851000.0,0.049162354550760415,0.22592817712695631,145525.13601796154,2851000.0,0.04950170032977905,0.2101098104364618,125860.62359113249
