cur_n,cur_mean,cur_std,cur_S,next_n,next_mean,next_std,next_S
6051000.0,-0.02389093402561148,0.07565108355831758,34630.396069906215,6051000.0,-0.023855363531987115,0.07199868091769403,31367.23463607579
6051000.0,-0.025428016164930792,0.08646265222728183,45236.00668279427,6051000.0,-0.025402838208320403,0.08095005444322818,39651.666363202086
6051000.0,-0.03441273370626828,0.12704727585488992,97669.25333830056,6051000.0,-0.03433919687598102,0.11970684635265826,86709.19056444224
6051000.0,0.032627590685856446,0.13986110908709498,118364.39663202238,6051000.0,0.032840783379152805,0.12897630411782654,100657.7013815831
6051000.0,0.0322727653464646,0.1489898529029511,134319.95439792826,6051000.0,0.03251331521697894,0.13503505907047064,110336.7608950794
6051000.0,0.048454619921972544,0.21606608786311102,282488.2382173656,6051000.0,0.04881044297420412,0.19583985571630255,232075.5102253293
