cur_n,cur_mean,cur_std,cur_S,next_n,next_mean,next_std,next_S
4601000.0,-0.017579576621648083,0.06515045364730222,19529.319989677115,4601000.0,-0.017532847357999575,0.06149060941923892,17396.818310093964
4601000.0,-0.01841782852010779,0.08016885099520173,29570.832526167836,4601000.0,-0.018374055553145877,0.0739559268198348,25165.073393303283
4601000.0,-0.0243330750918451,0.10544223068885968,51154.21252216906,4601000.0,-0.024276298821605685,0.09931108687423826,45378.245782231636
4601000.0,0.03247872749475568,0.15147575017061915,105569.49819574818,4601000.0,0.0326854115879507,0.1422604940179242,93115.25957598792
4601000.0,0.03189754608037567,0.1564754449688488,112653.48300459467,4601000.0,0.03212172763047144,0.1426887658257085,93676.7459910667
4601000.0,0.04929755696263893,0.22569195214248353,234360.4802619332,4601000.0,0.04963340712903187,0.21024968773864028,203386.88842449462
