cur_n,cur_mean,cur_std,cur_S,next_n,next_mean,next_std,next_S
33351000.0,-0.023489303105021304,0.07347193503266805,180032.87479401467,33351000.0,-0.023446122564699082,0.07012178172054487,163989.01052425738
33351000.0,-0.023790936683103937,0.08032883869020783,215204.74227166164,33351000.0,-0.023751722982994317,0.07567956447194357,191014.39995989186
33351000.0,-0.03292476850803568,0.12108126104892247,488948.0644413075,33351000.0,-0.03284149088930172,0.11471820261456248,438908.0317367233
33351000.0,0.032191034896893206,0.1332554464424918,592214.1741337097,33351000.0,0.03240921872799512,0.12250436707895904,500509.1277663884
33351000.0,0.03232242786174825,0.1388997447767711,643445.4820924884,33351000.0,0.0325446466285838,0.12590705901319396,528699.6460243955
33351000.0,0.04882064766359305,0.20453152366835536,1395177.191350376,33351000.0,0.049168938416567436,0.1854292234447859,1146740.680856574
