cur_n,cur_mean,cur_std,cur_S,next_n,next_mean,next_std,next_S
5651000.0,-0.003929342085462344,0.0844348323694118,40287.34042338353,5651000.0,-0.008456231253232655,0.08846761903430184,44227.66235904836
5651000.0,-0.022353574937484622,0.1584912712502743,141950.19878634583,5651000.0,-0.02496420342616711,0.1539168185035727,133874.37704019708
5651000.0,-1.2926802754414077e-05,0.022295951008630722,2809.1653967242055,5651000.0,-1.0521757810871793e-05,0.021073076185095664,2509.465224990983
5651000.0,-0.0013855340240760702,0.23390079767126318,309163.85438773176,5651000.0,0.001405994816178929,0.23579808263910068,314199.7578717366
5651000.0,-0.002202793355640301,0.4415248234605091,1101629.5031545924,5651000.0,-0.003763138634970345,0.4342248007250383,1065502.7044181153
5651000.0,-6.87373584702014e-05,0.08620580837535192,41995.075338108254,5651000.0,0.00030826136573175114,0.0858084773134208,41608.84859526921
