cur_n,cur_mean,cur_std,cur_S,next_n,next_mean,next_std,next_S
4151000.0,-0.024156092556210564,0.13070817808204402,70918.29007055596,4151000.0,-0.02350902174500196,0.1320891851583579,72424.79182140146
4151000.0,-0.0027929097791859286,0.10240611067738305,43531.58475338804,4151000.0,-0.00229424778421296,0.10278272213599515,43852.35936216322
4151000.0,0.003136344843074339,0.05355797847394491,11906.965248652732,4151000.0,0.00337842884517754,0.05287349248450073,11604.561367368013
4151000.0,0.006720992557755851,0.19100610198797943,151442.3069670626,4151000.0,0.006772055372009596,0.18704204204535593,145221.59551935378
4151000.0,-0.0007388851740995661,0.22905399679597158,217785.2595435154,4151000.0,-0.0006970788453910221,0.22589168663482842,211813.30153060996
4151000.0,7.205270873945716e-05,0.0654884232402475,17802.533084327726,4151000.0,7.864503292593485e-05,0.06258707601242276,16260.056789790637
