cur_n,cur_mean,cur_std,cur_S,next_n,next_mean,next_std,next_S
1401000.0,-0.00721562963694878,0.10089238859595337,14261.162981312204,1401000.0,-0.011736753652513879,0.10488886950970742,15413.346600781228
1401000.0,-0.017021120871824065,0.17395908805241325,42396.7318067542,1401000.0,-0.019631575020612416,0.1694301529566892,40217.91400002886
1401000.0,4.322241880866539e-05,0.023456706835117382,770.8541508636482,1401000.0,5.152315909514128e-05,0.022293499448802635,696.2971648609425
1401000.0,-0.0010991019625183793,0.27443594691621503,105516.43963267923,1401000.0,0.0016959624524430913,0.27639516134644554,107028.39358723443
1401000.0,-0.00219465741832282,0.4562109109912726,291587.88182578905,1401000.0,-0.003753929585510532,0.4489590424125453,282391.4746913495
1401000.0,0.00022606936573886228,0.08658637958417516,10503.578782422306,1401000.0,0.0006030821528717896,0.08618961864771998,10407.539158057802
