cur_n,cur_mean,cur_std,cur_S,next_n,next_mean,next_std,next_S
4751000.0,-0.025061533196421192,0.13025392871775837,80605.87433139807,4751000.0,-0.0244150013561354,0.13163568007539547,82325.10122960029
4751000.0,-0.0026935308567505945,0.09942463540483344,46964.86135369966,4751000.0,-0.0021964022066303717,0.09979816928438948,47318.413989041896
4751000.0,0.0032725435812336486,0.05293984273684182,13315.28063470633,4751000.0,0.0035198939349446972,0.052183550400786094,12937.557051981497
4751000.0,0.006809540297937963,0.18939172491359582,170414.69018776473,4751000.0,0.006863196633558915,0.18539797521752457,163303.31617931457
4751000.0,-0.0009139936552281323,0.225761050487478,242149.2146586628,4751000.0,-0.0008700564496366197,0.22255992591608365,235330.90588354383
4751000.0,-3.153207025798662e-05,0.06533292061365793,20279.123341090926,4751000.0,-1.5108772496062083e-05,0.06238810254102552,18492.200134018865
