cur_n,cur_mean,cur_std,cur_S,next_n,next_mean,next_std,next_S
32651000.0,-0.02349874349337166,0.07351577659092454,176464.59573299144,32651000.0,-0.023454955350684766,0.07016407570013504,160740.7919881111
32651000.0,-0.023775371513250227,0.0803353447746214,210721.9665624906,32651000.0,-0.023737835806080184,0.07567920941721269,187003.46773890604
32651000.0,-0.03298458286789313,0.12122170420591301,479796.7009811991,32651000.0,-0.032901394736192226,0.11483975196122281,430606.8939549511
32651000.0,0.0322052486181594,0.13330933825834285,580253.3175032098,32651000.0,0.03242337655451297,0.12255427001091025,490403.2975957646
32651000.0,0.03228916678725887,0.13886508616316334,629625.9553762609,32651000.0,0.032510869524931436,0.12586024263312431,517217.982861266
32651000.0,0.04884216828468746,0.20466048795192285,1367617.021398009,32651000.0,0.049189899881028794,0.18552490146825806,1123830.7374550088
