cur_n,cur_mean,cur_std,cur_S,next_n,next_mean,next_std,next_S
3201000.0,-0.00482216044986768,0.08927370204368301,25511.310198946318,3201000.0,-0.009345861862897622,0.09329311913751921,27860.243056981937
3201000.0,-0.020869448136534897,0.16252597127301943,84553.4269737009,3201000.0,-0.023480150232216345,0.1579694572804045,79878.87253652321
3201000.0,-2.2858979693159954e-05,0.022744404250514293,1655.9026669993111,3201000.0,-1.4950232947807625e-05,0.021544515917221226,1485.7958977097835
3201000.0,-0.0012265929427250342,0.2455221431375981,192959.87398958436,3201000.0,0.0015658720968682088,0.24742722487590502,195965.96138294315
3201000.0,-0.0022066132394744455,0.44524676476362657,634581.2255854565,3201000.0,-0.003766735684151826,0.4379591733272364,613978.1682422257
3201000.0,0.00020645640382226406,0.08609667630140813,23727.853182148396,3201000.0,0.0005834573113001312,0.08569716430227828,23508.156706214824
