cur_n,cur_mean,cur_std,cur_S,next_n,next_mean,next_std,next_S
17451000.0,-0.023469998036800242,0.07384385245230864,95158.81172476582,17451000.0,-0.023426534337007754,0.07038928118703422,86463.61296108362
17451000.0,-0.024027820083023173,0.0821361743628914,117730.57372618814,17451000.0,-0.023996270281854762,0.07708054391126587,103683.55026675708
17451000.0,-0.0333145280825119,0.12296636587981306,263871.8092797942,17451000.0,-0.03323630355983306,0.11613243638326327,235357.1482592368
17451000.0,0.03241594730848871,0.1356351108707274,321044.01048425917,17451000.0,0.032634789990100894,0.12488208954836341,272157.70379618724
17451000.0,0.03213511110149024,0.1420963581397287,352359.68506521365,17451000.0,0.03236482832150373,0.12864313975288158,288797.60078302136
17451000.0,0.048737285272919484,0.20861289392194737,759455.9937975551,17451000.0,0.04907845344577009,0.1889803657043153,623237.6605279282
