cur_n,cur_mean,cur_std,cur_S,next_n,next_mean,next_std,next_S
6351000.0,-0.01770774691630503,0.06508696893285766,26904.82719642891,6351000.0,-0.017662586463085658,0.0614355410833937,23970.74257283761
6351000.0,-0.018666683298065312,0.08012891665107769,40777.50549462218,6351000.0,-0.018623915363890745,0.07398650115952161,34765.388949160944
6351000.0,-0.023957482350074676,0.10427422094515762,69055.14163927284,6351000.0,-0.02388969873853818,0.09827101969552107,61332.83472449606
6351000.0,0.03249924393603197,0.15105063158371074,144906.27875997257,6351000.0,0.032712525931379965,0.14186127927791184,127811.47786818053
6351000.0,0.03213843479754038,0.15638797830434314,155327.67566381823,6351000.0,0.03236722275278522,0.14278770536137775,129486.27622383677
6351000.0,0.048997859774966644,0.2240642063034675,318850.4850382044,6351000.0,0.04932602601950765,0.20875519889887736,276768.53371048486
