cur_n,cur_mean,cur_std,cur_S,next_n,next_mean,next_std,next_S
30151000.0,-0.023466068790182305,0.07350342895402794,162898.43790426292,30151000.0,-0.023423115726794903,0.07014566819874676,148355.42564128456
30151000.0,-0.023764280143778148,0.08050149232613868,195393.262032338,30151000.0,-0.0237264421673559,0.07581173010278328,173290.41281691543
30151000.0,-0.03310503460775786,0.12152153924601698,445254.4251812463,30151000.0,-0.033020251828389316,0.11508278609830895,399321.28088055254
30151000.0,0.03218796578439049,0.13338926172731563,536467.5512915173,30151000.0,0.032407867989075155,0.12262484530066423,453376.1453057918
30151000.0,0.032275112813419146,0.1391024788049584,583406.7627315792,30151000.0,0.03249932711312375,0.12605844721521156,479121.4639785693
30151000.0,0.04883844625285093,0.2050250304262988,1267405.2177674395,30151000.0,0.04918551798917017,0.18581046160239886,1040979.1839006714
