cur_n,cur_mean,cur_std,cur_S,next_n,next_mean,next_std,next_S
4001000.0,-0.024306272905306136,0.07712689895865762,23800.18273045891,4001000.0,-0.024269119053044897,0.07335627441350058,21529.953126311033
4001000.0,-0.02631218140797488,0.08896427444492438,31666.48315217482,4001000.0,-0.02628674896025575,0.0832272955918873,27714.057708889064
4001000.0,-0.03516669832441962,0.12951460834843012,67112.90913636464,4001000.0,-0.035089355056861136,0.12199603699220114,59547.015200251844
4001000.0,0.03258152168779211,0.14239822876014846,81129.29947166432,4001000.0,0.03279366031883907,0.13147176836985877,69156.58833906948
4001000.0,0.032251984231409736,0.15283597200886168,93458.69619391407,4001000.0,0.03248738761798986,0.13865902242461642,76924.52432350087
4001000.0,0.0488536642163647,0.2212095042700609,195783.51276240376,4001000.0,0.049201360570375156,0.20077067356608783,161275.76232008656
