cur_n,cur_mean,cur_std,cur_S,next_n,next_mean,next_std,next_S
2351000.0,-0.02551458538675239,0.08016237892803235,15107.542446188798,2351000.0,-0.02549530372494771,0.07623581180833809,13663.77455388148
2351000.0,-0.02828513583404602,0.09310729339610126,20380.7439644206,2351000.0,-0.028265995483314554,0.08722949707607332,17888.72411150015
2351000.0,-0.03785344530071812,0.13560469256075625,43231.675347212964,2351000.0,-0.037788124263240255,0.1278722455282302,38441.93257579161
2351000.0,0.032166647211105716,0.14328565117166736,48267.858682300226,2351000.0,0.03238160135744639,0.13212598345873902,41042.05471211153
2351000.0,0.032291267403270936,0.1570127188993397,57959.18864987937,2351000.0,0.032522329833744264,0.14262131668501274,47821.3147764447
2351000.0,0.04893842727613222,0.22670992957879035,120835.2689907768,2351000.0,0.049261734872146606,0.20588522967581332,99655.89905465531
