cur_n,cur_mean,cur_std,cur_S,next_n,next_mean,next_std,next_S
6451000.0,-0.023899059965604805,0.07551640448446527,36788.29411073208,6451000.0,-0.023858778615361686,0.07188565159918293,33335.845089568116
6451000.0,-0.02537299638285129,0.08624333049578231,47981.97066683554,6451000.0,-0.02534589805154237,0.08077117093689316,42086.20823368797
6451000.0,-0.03444747491326141,0.12702968811410978,104096.83026393598,6451000.0,-0.03437697228101781,0.11972043006608776,92462.06285147333
6451000.0,0.0326541338471637,0.13947979399854174,125501.70803643177,6451000.0,0.032867892598000416,0.12862993250513313,106736.04966851069
6451000.0,0.03231861053032495,0.1485532738754832,142361.152980531,6451000.0,0.03255791433603711,0.13465112427728082,116962.59891119457
6451000.0,0.04854894262018655,0.21577416314441236,300348.8156398117,6451000.0,0.04891229722363587,0.19556214182412454,246715.6005320264
