cur_n,cur_mean,cur_std,cur_S,next_n,next_mean,next_std,next_S
24851000.0,-0.0232605265352613,0.07334844077544124,133698.22503384622,24851000.0,-0.023215525855379962,0.06997136569202506,121670.29760967329
24851000.0,-0.02369298448911779,0.08099193282736596,163014.9352935302,24851000.0,-0.023655293766179468,0.07617786964914096,144212.03850121985
24851000.0,-0.03301414658901754,0.12168825387614841,367994.3816470663,24851000.0,-0.0329350448605813,0.11511909112240679,329335.52015523845
24851000.0,0.03222449480764105,0.13422264284312543,447708.60433491314,24851000.0,0.032444625794229125,0.12351554439056568,379129.0852862364
24851000.0,0.03229479778818776,0.1404329045385782,490096.5282276413,24851000.0,0.03251920711852547,0.12727885072493403,402583.86007606384
24851000.0,0.048779028807090036,0.2063293358256284,1057951.6731276093,24851000.0,0.04912077372758189,0.18707914426840835,869750.3631781888
