cur_n,cur_mean,cur_std,cur_S,next_n,next_mean,next_std,next_S
1901000.0,-0.01284249497959806,0.11860457944397328,26741.45494992044,1901000.0,-0.012218329443345426,0.1199317890391872,27343.28827608834
1901000.0,0.002300538817916157,0.1160768011786037,25613.738990300335,1901000.0,0.002881186069932538,0.11584151317191078,25510.00598669412
1901000.0,0.004315954597055503,0.0479590148986588,4372.427576204625,1901000.0,0.004584888412508595,0.04637876129283865,4089.031037709464
1901000.0,0.004628609905546852,0.18736063026784303,66732.71497706477,1901000.0,0.004646232724035082,0.18340947564431678,63947.806972390266
1901000.0,0.0016271956310324209,0.21058698870975218,84303.41852611228,1901000.0,0.0016760897565651796,0.20687156750731556,81354.90218701719
1901000.0,0.0002579461545301776,0.0659582772881802,8270.289745709315,1901000.0,0.00027073816057858864,0.06268712334809386,7470.312999386014
