cur_n,cur_mean,cur_std,cur_S,next_n,next_mean,next_std,next_S
4401000.0,-0.004267300763023882,0.08616639582537673,32675.87483372574,4401000.0,-0.008792948765100821,0.09019365427842314,35801.67409249325
4401000.0,-0.021936282988631386,0.16025739540770317,113028.38667737093,4401000.0,-0.0245445291823532,0.15567285776170925,106654.0040709121
4401000.0,-3.374318334584682e-05,0.022510399681168223,2230.0663308399353,4401000.0,-2.6986690182710922e-05,0.021290340496076293,1994.87911172945
4401000.0,-0.0013236359771567428,0.23815059084710571,249605.81295555324,4401000.0,0.001468249978822185,0.24004972558823065,253602.65519268825
4401000.0,-0.0020837411596330247,0.44318068633042795,864396.5403604967,4401000.0,-0.0036439788765989575,0.4358814222886518,836157.4955183595
4401000.0,0.0001488410519573959,0.08634115209023353,32808.55078932716,4401000.0,0.0005258402416437897,0.08594302161804328,32506.679248258435
