cur_n,cur_mean,cur_std,cur_S,next_n,next_mean,next_std,next_S
2551000.0,-0.0053010569327131465,0.09141918124800917,21319.897551843755,2551000.0,-0.009824825866872819,0.09543205574828918,23232.66430134301
2551000.0,-0.020113873914077658,0.16476111665361706,69250.02140597532,2551000.0,-0.022724158816863065,0.16020647294931395,65474.25674986597
2551000.0,1.2902108390372737e-05,0.02300280689265731,1349.8083977241918,2551000.0,1.8032287617681248e-05,0.021818664501059872,1214.4140616756258
2551000.0,-0.0012302039514820095,0.25062581575519455,160236.7270830626,2551000.0,0.001562720236881365,0.25254733609376223,162703.1804255101
2551000.0,-0.0021858479071917066,0.4472311518690334,510240.0588685632,2551000.0,-0.003745785499538955,0.4399460950118757,493752.597182822
2551000.0,6.75271585317102e-05,0.08621661161977485,18962.35880806669,2551000.0,0.0004445298079924676,0.08581875462093251,18787.754402598643
