cur_n,cur_mean,cur_std,cur_S,next_n,next_mean,next_std,next_S
201000.0,-0.019593403390188738,0.06992543896076607,982.8029697850201,201000.0,-0.01948124904784413,0.06619451742307807,880.7245415117113
201000.0,-0.02174510574966929,0.08556808336048094,1471.7012748872291,201000.0,-0.02169596983048715,0.07844148089894452,1236.7662510495152
201000.0,-0.02706602966761116,0.1091856721070894,2396.223709688845,201000.0,-0.0270650552447469,0.10185389521149599,2085.2174099206354
201000.0,0.033297109210436035,0.14882928272954313,4452.181234955848,201000.0,0.033549117491050065,0.13872424587695462,3868.127695220081
201000.0,0.029947511260643087,0.15835530726961514,5040.357071431299,201000.0,0.030144208172693664,0.14184081541615556,4043.882200501902
201000.0,0.04609617198334181,0.21171661439742265,9009.608887193297,201000.0,0.04642277100815399,0.19354048194256146,7529.04154826235
