cur_n,cur_mean,cur_std,cur_S,next_n,next_mean,next_std,next_S
10451000.0,-0.023416924777201975,0.07418698346587128,57519.257698264824,10451000.0,-0.023372450884371277,0.07063080622535248,52137.01644584043
10451000.0,-0.024545937379480062,0.08385454330744396,73487.08891241826,10451000.0,-0.024511143693619463,0.07857536165553689,64525.38803712774
10451000.0,-0.03367869957429441,0.12475705854332358,162662.7465328511,10451000.0,-0.03359795409067174,0.11762043009227309,144585.04482527918
10451000.0,0.032452756396770775,0.13784808379673955,198590.88655143057,10451000.0,0.03267185372428858,0.12708692986096365,168795.0179862649
10451000.0,0.03229116543915577,0.1456634962079695,221747.79348680715,10451000.0,0.03252514332166704,0.13200785834040604,182119.90630950002
10451000.0,0.048683068257040836,0.21287376660335344,473589.5785480524,10451000.0,0.049024242204160816,0.19288620724086897,388830.38455131365
