cur_n,cur_mean,cur_std,cur_S,next_n,next_mean,next_std,next_S
7351000.0,-0.01780903543694497,0.06516157395517214,31212.571825038274,7351000.0,-0.017764028594079502,0.06149883217898125,27802.26384779135
7351000.0,-0.01879823092591502,0.08022147858681969,47307.2548415451,7351000.0,-0.018756924128468706,0.07410190076444595,40365.0150639398
7351000.0,-0.02385003369303652,0.10389827073114548,79352.94720844056,7351000.0,-0.023785587326075032,0.09793982588611107,70512.33199481748
7351000.0,0.032494335746851094,0.1509264896528386,167446.9976054027,7351000.0,0.032715031376778246,0.1416921300290365,147583.52554412777
7351000.0,0.03228341117709466,0.15670274200033607,180509.31347496598,7351000.0,0.03251337938321659,0.14312703684909522,150587.7981261138
7351000.0,0.04891670819568128,0.22344729572262745,367025.82934226736,7351000.0,0.04925300347172826,0.2082213964331931,318711.0581544614
