cur_n,cur_mean,cur_std,cur_S,next_n,next_mean,next_std,next_S
6501000.0,-0.023897508914956615,0.0755110164322132,37068.14033067144,6501000.0,-0.023856970715324284,0.07188424324200218,33592.90611651616
6501000.0,-0.02535021229164858,0.08615474443234301,48254.58256330341,6501000.0,-0.02532354036673751,0.08068888894111817,42326.03988738722
6501000.0,-0.03446615147133267,0.12707250858308086,104974.39326681913,6501000.0,-0.034396993053788086,0.1197692525898477,93254.72480241576
6501000.0,0.03265772731577522,0.13945686916208733,126432.86753555152,6501000.0,0.03287136394663051,0.12861316931762137,107535.29893982234
6501000.0,0.032299292340850896,0.14841947109705614,143206.23444414497,6501000.0,0.03253759739348353,0.13452369399312744,117646.1542203634
6501000.0,0.04858932030456792,0.21580718520859427,302769.390460955,6501000.0,0.0489533412893428,0.19560536592539468,248737.74612142795
