cur_n,cur_mean,cur_std,cur_S,next_n,next_mean,next_std,next_S
7801000.0,-0.023765959989603694,0.07514522222629547,44050.72130725022,7801000.0,-0.02372417368326852,0.07154664723894182,39932.716225573065
7801000.0,-0.025031212107766883,0.0851514315193571,56563.22782669673,7801000.0,-0.025000708883390607,0.07976123827628377,49628.831879787074
7801000.0,-0.03413680048896708,0.12597782584058284,123805.08872006128,7801000.0,-0.03406178933496081,0.11878056595162857,110062.92703560344
7801000.0,0.03266982040290554,0.13905122408247766,150834.23000983507,7801000.0,0.03288582268880621,0.12822699820780914,128265.3141042762
7801000.0,0.032266892881366055,0.14715707795778754,168932.2588315731,7801000.0,0.0325035913419658,0.13333500990674282,138687.93218615025
7801000.0,0.048649922320954914,0.21429801996325665,358250.3262507045,7801000.0,0.04900035948830977,0.19426139443349144,294390.1545538746
