cur_n,cur_mean,cur_std,cur_S,next_n,next_mean,next_std,next_S
4701000.0,-0.004223786013531993,0.0859130335498865,34698.312917930176,4701000.0,-0.008749276710817983,0.08993095397171368,38019.697043115935
4701000.0,-0.022086383830111297,0.15977932881001944,120013.86883432245,4701000.0,-0.024695031280945322,0.1551944646259437,113225.09801935698
4701000.0,-2.589249281126638e-05,0.02245069338836895,2369.462111640819,4701000.0,-2.0617600010506238e-05,0.02122949812807154,2118.701168208797
4701000.0,-0.0013157432707364496,0.2375456327776203,265267.6878907359,4701000.0,0.001476056892012881,0.23943727366239964,269509.3078967683
4701000.0,-0.0021037724306205118,0.4426842151236461,921251.7466166209,4701000.0,-0.0036640656614929734,0.4353830278690699,891113.9488762212
4701000.0,7.475927649832453e-05,0.0863367100135853,35041.38325855459,4701000.0,0.00045175825659595365,0.08593905258811148,34719.33309154804
