cur_n,cur_mean,cur_std,cur_S,next_n,next_mean,next_std,next_S
401000.0,-0.0038731899331020405,0.12099102275356374,5870.169862368305,401000.0,-0.0032676376184404975,0.12204914585180672,5973.293595265392
401000.0,0.004471870217020469,0.11887898785957998,5667.017715561784,401000.0,0.005074326332923111,0.11883610354309983,5662.929821627844
401000.0,0.003775576575072415,0.04691302548887136,882.533616168317,401000.0,0.004041035617779446,0.045411757696788665,826.9533225818496
401000.0,0.004480365989167701,0.20591611472925903,17002.97996838254,401000.0,0.004505869944256046,0.20223680285604267,16400.789496202982
401000.0,-0.0007263155470771854,0.23738067190760018,22596.18294151679,401000.0,-0.0006860819471499405,0.23399868546711042,21956.909304934605
401000.0,0.0006484085530162598,0.06512305066240644,1700.6457027589206,401000.0,0.0006602498749866666,0.06186690906599738,1534.8332893895358
