cur_n,cur_mean,cur_std,cur_S,next_n,next_mean,next_std,next_S
31901000.0,-0.02350052391275558,0.07352305220766549,172445.29630840817,31901000.0,-0.023457448734358562,0.0701699110247202,157074.6673980403
31901000.0,-0.023777016005558288,0.08037545061106321,206087.2568567746,31901000.0,-0.023739131834547948,0.07571192531368241,182865.96304271222
31901000.0,-0.033029548468934876,0.1213264425450098,469586.09067967994,31901000.0,-0.03294577610656067,0.11492705886433,421355.70883750415
31901000.0,0.03219785009986709,0.1332900814084273,566761.007325301,31901000.0,0.032416936541376624,0.12253371338843277,478977.9127555158
31901000.0,0.032274639944255855,0.13887194624609794,615224.1022057681,31901000.0,0.03249687717797655,0.1258584773980961,505323.20737798244
31901000.0,0.04882871919071159,0.2047053874453402,1336788.9355034335,31901000.0,0.049175974244949704,0.18554180725268724,1098216.2411733663
