cur_n,cur_mean,cur_std,cur_S,next_n,next_mean,next_std,next_S
8401000.0,-0.003589515227806947,0.08239908480760265,57039.50669707328,8401000.0,-0.008116570499755234,0.08644393740873003,62776.928797999986
8401000.0,-0.022920261720408175,0.1568839806423751,206770.31299383804,8401000.0,-0.02553065423048755,0.15230314306043155,194871.67429051083
8401000.0,-1.975037501991734e-05,0.022062817941041653,4089.3374261317153,8401000.0,-1.806601302690166e-05,0.020830606336822863,3645.312861181713
8401000.0,-0.0013936358787019398,0.22916385446730866,441187.52250443044,8401000.0,0.0013974621806845295,0.23105150097453475,448485.67205782025
8401000.0,-0.002190952976004697,0.4401602624454763,1627618.6167996288,8401000.0,-0.0037513730628522114,0.4328576418723572,1574059.5660074293
8401000.0,-0.00010477294840498068,0.08611619998811552,62301.8151632025,8401000.0,0.0002722244794594167,0.08571861087632966,61727.861785018584
