cur_n,cur_mean,cur_std,cur_S,next_n,next_mean,next_std,next_S
3101000.0,-0.01747844555513688,0.06491424893497708,13067.178975570529,3101000.0,-0.017429875692316552,0.06122894674103978,11625.599132871983
3101000.0,-0.01839636000763808,0.08053720153873319,20113.832819072326,3101000.0,-0.018345623075991333,0.07428221036500963,17110.842854582497
3101000.0,-0.02469559922300385,0.10638646325294311,35097.3647263199,3101000.0,-0.024654040186089354,0.10010508219300868,31075.206218174837
3101000.0,0.032111781330108086,0.1504099192483249,70154.3689494999,3101000.0,0.032321801923538666,0.14120411038193226,61829.60104592277
3101000.0,0.03182413046103261,0.15654598358641209,75995.10607379235,3101000.0,0.032056301404489757,0.142723927396747,63167.74041926247
3101000.0,0.04929829211219772,0.22632248602737556,158839.0116806776,3101000.0,0.049647454135452886,0.21050549538053345,137413.25967833717
