cur_n,cur_mean,cur_std,cur_S,next_n,next_mean,next_std,next_S
1701000.0,-0.017871453951719008,0.06597412024862952,7403.746306929646,1701000.0,-0.017811647683643274,0.06227401295068164,6596.567623957812
1701000.0,-0.019124037676045716,0.0825501075859961,11591.498966443662,1701000.0,-0.019086167868624312,0.07613378252724178,9859.59618408099
1701000.0,-0.024894238259249107,0.10672826772347124,19375.960246261275,1701000.0,-0.02485862375234275,0.10032628077569766,17121.181806897293
1701000.0,0.03242944300089714,0.15094280942614413,38755.1276513948,1701000.0,0.032633248085009246,0.1416651549238256,34137.39641942515
1701000.0,0.03221838584164982,0.15871039207406476,42846.46952746802,1701000.0,0.032460576214175293,0.14452151956587425,35527.88481958757
1701000.0,0.04845210468579926,0.22346528746159375,84942.38572519792,1701000.0,0.04873653292919409,0.2073899514561338,73161.01693242678
