cur_n,cur_mean,cur_std,cur_S,next_n,next_mean,next_std,next_S
21451000.0,-0.023283682581045174,0.07345915334666599,115754.8989104832,21451000.0,-0.023238866170991423,0.07005541465769376,105276.38384650018
21451000.0,-0.02375327427383538,0.08139256479963534,142107.50376962253,21451000.0,-0.02371992309238652,0.07647837358445135,125465.64682196248
21451000.0,-0.033101878118050154,0.12212904115507295,319952.44827735686,21451000.0,-0.033022530780809856,0.1154832348699529,286078.6345253518
21451000.0,0.03233604542456169,0.13492026962337256,390482.83135912934,21451000.0,0.03255434793471189,0.12422108706735599,331007.77410706866
21451000.0,0.03222562607576313,0.14117919113694266,427551.9795802559,21451000.0,0.03245226927175904,0.12792645720175616,351049.44297798676
21451000.0,0.04888008496910941,0.20750257476822737,923622.5399038045,21451000.0,0.049219255627159786,0.18819354927255447,759726.0339503275
