cur_n,cur_mean,cur_std,cur_S,next_n,next_mean,next_std,next_S
3151000.0,-0.02232575513132278,0.13307860057081417,55803.93879307172,3151000.0,-0.02167207507228931,0.1344694396600644,56976.47716805133
3151000.0,-0.0031709103470196026,0.1086201998126536,37176.59394093084,3151000.0,-0.002667131159347067,0.10906376537967591,37480.84539911672
3151000.0,0.0027855008614366492,0.05508508770616261,9561.290062813821,3151000.0,0.003024182174085183,0.054562860486985595,9380.860200989622
3151000.0,0.006756715322336401,0.19412104650186854,118739.07216988389,3151000.0,0.006809669839206207,0.19021923623113762,114013.76052975799
3151000.0,-0.00042723300176168943,0.23311966776513077,171240.4002011125,3151000.0,-0.00038793762355278377,0.23005223263919564,166763.61771791984
3151000.0,0.00012754424245746797,0.06596611407204504,13711.66537636885,3151000.0,0.00013614613855290913,0.06315661692602341,12568.577282114009
