cur_n,cur_mean,cur_std,cur_S,next_n,next_mean,next_std,next_S
10301000.0,-0.02342787886186326,0.07422499821448807,56751.81805774973,10301000.0,-0.02338344420013516,0.07066568280657844,51439.47252188206
10301000.0,-0.02453022418796827,0.08381824762423477,72369.66143704944,10301000.0,-0.0244958561531117,0.07853409235151598,63532.48531686881
10301000.0,-0.0336799161250874,0.1247771816452418,160379.82345615493,10301000.0,-0.03359912878622871,0.11763510091460878,142545.41277902617
10301000.0,0.03246323387191698,0.13791417105419795,195928.3016675133,10301000.0,0.03268223051738545,0.12715739786324326,166556.9084667481
10301000.0,0.032237555682680934,0.14559918693886464,218372.16846699928,10301000.0,0.03247149614850061,0.13194323471552405,179330.28604530467
10301000.0,0.048674021120655345,0.21295187698192153,467134.9181761815,10301000.0,0.04901536064807658,0.19295473643997005,383521.9937708832
