cur_n,cur_mean,cur_std,cur_S,next_n,next_mean,next_std,next_S
5151000.0,-0.02395833933151668,0.0760336379261517,29778.518709964723,5151000.0,-0.02392517962835002,0.07232799370558207,26946.625507068282
5151000.0,-0.025590544666013387,0.08699744209380086,38985.626448881674,5151000.0,-0.025561776693391873,0.08142274703938104,34149.39790124646
5151000.0,-0.03461416112552477,0.12788626442416065,84244.07253271498,5151000.0,-0.03454568495713395,0.12044801579778511,74729.2889490706
5151000.0,0.032592935422904666,0.14074015886425764,102029.93822557,5151000.0,0.032808506436400646,0.1298274402661803,86820.9510314994
5151000.0,0.03218897912846923,0.14996799294441276,115848.04477395129,5151000.0,0.03243058296171316,0.1359992034952536,95271.78004276984
5151000.0,0.048587446385151736,0.21813322643970298,245095.42016099987,5151000.0,0.048947822780390705,0.197771889045237,201474.77221718236
