cur_n,cur_mean,cur_std,cur_S,next_n,next_mean,next_std,next_S
10051000.0,-0.0034960795706056123,0.08183274229851412,67307.50360426705,10051000.0,-0.00802361448335118,0.08588505934400345,74138.6225995746
10051000.0,-0.023115146142726774,0.15626895716354308,245445.28906543463,10051000.0,-0.025725870530344374,0.15168703828893826,231263.03268552656
10051000.0,-2.6551567063518914e-05,0.022000824377019598,4865.04858262129,10051000.0,-2.4416300443082442e-05,0.020763597387857404,4333.257240651125
10051000.0,-0.001417561911977236,0.22762541656349247,520775.7825005856,10051000.0,0.00137342176637166,0.22951671466139356,529465.7971273524
10051000.0,-0.002207524321761295,0.439660945009316,1942875.8547397386,10051000.0,-0.0037679825221259267,0.4323579563966955,1878867.628120704
10051000.0,-8.2227394614058e-05,0.08614045091819524,74580.20188540392,10051000.0,0.00029476955143910435,0.08574278806514471,73893.20016280763
