cur_n,cur_mean,cur_std,cur_S,next_n,next_mean,next_std,next_S
4801000.0,-0.017582610962402774,0.06509206697619177,20341.727456701807,4801000.0,-0.017534890914957264,0.06143585120641738,18120.720668407324
4801000.0,-0.01845914627634315,0.08019448747533478,30875.97909869324,4801000.0,-0.0184171957218244,0.07397795332186893,26274.613110502265
4801000.0,-0.024373148551157107,0.10559950758399479,53537.18006551641,4801000.0,-0.024313504743927152,0.09947406564957,47506.32582664067
4801000.0,0.03245373888844053,0.15131813361156732,109929.34946406276,4801000.0,0.032661199923895226,0.1421133204913718,96961.9363290612
4801000.0,0.031890174763153915,0.15644272077166568,117501.23376060097,4801000.0,0.032115151484105285,0.14264416062165547,97687.65884195133
4801000.0,0.049441832298296226,0.22609658193707577,245425.50860978194,4801000.0,0.04977533741482884,0.21063199477083838,213000.38449870507
