cur_n,cur_mean,cur_std,cur_S,next_n,next_mean,next_std,next_S
19551000.0,-0.02333903599318424,0.07359569003137803,105894.5816334471,19551000.0,-0.023295732609396522,0.07016832358650736,96261.17915672768
19551000.0,-0.023892576911535086,0.08184755571985725,130972.58649888822,19551000.0,-0.02385954209079406,0.07685973161688953,115495.93604785083
19551000.0,-0.033137457704269846,0.12236258446056429,292729.34318530955,19551000.0,-0.03305570680512909,0.11563961495682969,261446.1492215102
19551000.0,0.03236996376333965,0.1352723072931822,357755.8723013532,19551000.0,0.03258871709322924,0.12455579558329881,303317.07261795894
19551000.0,0.03226569275724871,0.1418853252125724,393589.8911792545,19551000.0,0.032493939762472134,0.1285135208941808,322898.9405037549
19551000.0,0.04879377377848342,0.20797389845240083,845642.1877953578,19551000.0,0.04913162897202665,0.18852061886054,694843.0040539529
