cur_n,cur_mean,cur_std,cur_S,next_n,next_mean,next_std,next_S
12251000.0,-0.023431217311086674,0.07403989692560144,67158.83453156939,12251000.0,-0.02338836958093561,0.07052580737959355,60935.120344664814
12251000.0,-0.024452457315436785,0.0834137750239851,85240.71668882578,12251000.0,-0.024418641307695776,0.07817964687117748,74878.81257223454
12251000.0,-0.03359983369354958,0.12422969629991536,189069.8966913655,12251000.0,-0.03352327283148607,0.11714287213999454,168113.7654942803
12251000.0,0.03238705942368033,0.13695115638182584,229775.09123964593,12251000.0,0.03260705702353893,0.12620089069296733,195117.57060811573
12251000.0,0.032245502845699645,0.14460688381169282,256182.50901101896,12251000.0,0.03248249458481926,0.1309344658507179,210029.1145926046
12251000.0,0.04852104924514071,0.21119417252181508,546431.089691391,12251000.0,0.04887233549338638,0.19122324992153106,447974.12488557654
