cur_n,cur_mean,cur_std,cur_S,next_n,next_mean,next_std,next_S
4651000.0,-0.004232223277562077,0.08590602558776807,34323.6601753634,4651000.0,-0.008757642671619083,0.08993251264878371,37616.62212248626
4651000.0,-0.022018660900848933,0.1598149876904042,118790.40168104129,4651000.0,-0.024627803913328805,0.15523490861975817,112079.22524881287
4651000.0,-2.617070816910915e-05,0.022446065855003767,2343.294132379689,4651000.0,-2.0785213000529227e-05,0.02122624852604196,2095.524916801727
4651000.0,-0.0013121804248067235,0.2375402101968957,262434.30964225245,4651000.0,0.001479633894267389,0.23943515926926187,266638.08824397443
4651000.0,-0.0021285681362220553,0.4427391799539348,911679.6317996808,4651000.0,-0.0036888278694834934,0.4354399384685442,881866.5290027398
4651000.0,8.02895285360624e-05,0.08628349088877646,34625.954560584054,4651000.0,0.000457288667618607,0.08588555454808612,34307.30376063012
