cur_n,cur_mean,cur_std,cur_S,next_n,next_mean,next_std,next_S
551000.0,-0.019187131742065256,0.0685166708014172,2586.688331918087,551000.0,-0.019120806509250087,0.06474915842854193,2310.041887979636
551000.0,-0.021248013612813237,0.08580344999937473,4056.589849519154,551000.0,-0.021220254039557317,0.07902666289546405,3441.112610064716
551000.0,-0.02667108501402895,0.10986799275781774,6651.107683780172,551000.0,-0.02659278463656624,0.10315735816051043,5863.433739003362
551000.0,0.03278110173702151,0.14842582629161913,12138.654476602795,551000.0,0.03301035621324256,0.1385491204387991,10576.918184675038
551000.0,0.03178717684974118,0.15928628111458643,13980.037762574595,551000.0,0.03203003930350293,0.14398137071489517,11422.57994722998
551000.0,0.04755109318595123,0.21655223094124285,25839.072667821787,551000.0,0.04789086322641291,0.1995032968960884,21930.662575297247
