cur_n,cur_mean,cur_std,cur_S,next_n,next_mean,next_std,next_S
21151000.0,-0.02328324403415681,0.07347117644571995,114173.38921369641,21151000.0,-0.023238958690817428,0.070063407712608,103827.74415251167
21151000.0,-0.02375290101231322,0.0814399560861915,140283.29782728228,21151000.0,-0.023719649499826845,0.07651570691290716,123831.77415608175
21151000.0,-0.03307776474010405,0.1220845735317711,315248.10609038256,21151000.0,-0.03299920687754888,0.11542450352315331,281790.8815029436
21151000.0,0.03233905214890146,0.13499146663001038,385428.24442684645,21151000.0,0.032557093610367384,0.1242880899782979,326730.69244540145
21151000.0,0.0322142531821123,0.14127432184803757,422140.8378221381,21151000.0,0.03243939348881588,0.12800615377506713,346571.30537605594
21151000.0,0.04884159114741838,0.20751249896863908,910792.4588138579,21151000.0,0.04918054737963774,0.18817820388990614,748978.8313031568
