cur_n,cur_mean,cur_std,cur_S,next_n,next_mean,next_std,next_S
29801000.0,-0.023460175160532667,0.07350539468547618,161016.0858695032,29801000.0,-0.023416578948829085,0.07014586516769195,146634.10396609586
29801000.0,-0.02375730706944701,0.08051267444475434,193178.7465289068,29801000.0,-0.023719847660454412,0.0758141101414227,171289.57081606254
29801000.0,-0.033101934730576016,0.12153063370585991,440151.6785775761,29801000.0,-0.03301670336349234,0.11508231725079053,394682.64830532944
29801000.0,0.03218710894297007,0.13342586465191128,530531.1509330405,29801000.0,0.03240660993574783,0.12265588467974244,448340.13265384076
29801000.0,0.032261400522251446,0.1391253112230354,576823.7520948353,29801000.0,0.03248543819318812,0.12606833161705658,473633.9754781396
29801000.0,0.048817233391696524,0.20504857433820028,1252980.5964940658,29801000.0,0.04916360886446388,0.1858222190703746,1029025.4634842015
