cur_n,cur_mean,cur_std,cur_S,next_n,next_mean,next_std,next_S
2451000.0,-0.015507213002016972,0.11879625066702552,34589.85802190231,2451000.0,-0.014879066335386439,0.12012695723505985,35369.12082951161
2451000.0,0.0027645936617227062,0.11666047618592627,33357.29309132525,2451000.0,0.0033440460926228393,0.11644898446690183,33236.45702524659
2451000.0,0.004650983437311448,0.04841280545647786,5744.65314354076,2451000.0,0.004927158861309361,0.046835033446163375,5376.318397220847
2451000.0,0.004763255108201083,0.1851981133176917,84065.23422343623,2451000.0,0.0047694428637427115,0.1811840476280492,80460.59249057875
2451000.0,0.0019409148192382688,0.20734664426186325,105374.93830319305,2451000.0,0.001980856600885776,0.20360151584735117,101602.71785283634
2451000.0,0.00017742809334444064,0.06610038812480906,10709.059471423727,2451000.0,0.00019453422652221023,0.06278885511629977,9662.92124102524
