cur_n,cur_mean,cur_std,cur_S,next_n,next_mean,next_std,next_S
16501000.0,-0.023490472196339988,0.07388613106168654,90081.60515423116,16501000.0,-0.02344612609382627,0.07041918550642234,81826.17670358812
16501000.0,-0.024129820021819428,0.08239054827936997,112012.12855773648,16501000.0,-0.02409753471168723,0.07730306376956697,98606.07628833683
16501000.0,-0.03338877387063377,0.12324803938312542,250651.497073655,16501000.0,-0.03331310347001534,0.11635482755304846,223397.89571173905
16501000.0,0.03239206384449734,0.1357681919760624,304162.96521735983,16501000.0,0.03261319879152401,0.12499861489735863,257822.41113698602
16501000.0,0.03216248738208509,0.1425016281666847,335081.0882116053,16501000.0,0.03239274537610123,0.12900113014534237,274597.9523413755
16501000.0,0.048684430712732575,0.2089875962733919,720694.6298515452,16501000.0,0.049031046478030055,0.18927071417588084,591121.9769399364
