cur_n,cur_mean,cur_std,cur_S,next_n,next_mean,next_std,next_S
19251000.0,-0.023369656522248695,0.07367222936780775,104486.67716282037,19251000.0,-0.023326575615681827,0.07024093309727845,94980.36592442708
19251000.0,-0.023902170233707887,0.08187837457526509,129060.01736265585,19251000.0,-0.02387019732514869,0.07687953483689851,113782.32084008117
19251000.0,-0.03317954155311236,0.12247676696912056,288775.75066720624,19251000.0,-0.03309797403624675,0.11573786541995154,257872.02497385314
19251000.0,0.03240021746384231,0.13539522991684494,352906.79633981385,19251000.0,0.03262009199431392,0.12467748021604905,299246.67037977156
19251000.0,0.03223617094520159,0.14189061464367547,387579.3535327541,19251000.0,0.03246429659795718,0.1285093460558379,317923.5661082314
19251000.0,0.0488190533808198,0.20813113954250162,833925.8150810077,19251000.0,0.04915889512629039,0.1886502697308505,685122.3811125805
