cur_n,cur_mean,cur_std,cur_S,next_n,next_mean,next_std,next_S
20501000.0,-0.023306334388142308,0.07354786421875177,110895.82007670007,20501000.0,-0.023261823009430943,0.0701320979536955,100834.39736059158
20501000.0,-0.023793460882667157,0.08159573244539826,136492.8607062242,20501000.0,-0.023759803228656867,0.07664833184467937,120442.69384550239
20501000.0,-0.03308482467504262,0.12217557304606863,306015.7751779218,20501000.0,-0.0330076972315772,0.11548984980268161,273440.39875804953
20501000.0,0.03237809515984817,0.13521383061663586,374815.2725754881,20501000.0,0.03259717360031663,0.12450817080755547,317812.3365403877
20501000.0,0.03224000312683267,0.1415616130721803,410833.6907500482,20501000.0,0.032466134071413306,0.1282603937997439,337256.3873907581
20501000.0,0.048831215794530675,0.2077603410757954,884912.5304999063,20501000.0,0.04917016894005767,0.18838416057309068,727551.623665929
