cur_n,cur_mean,cur_std,cur_S,next_n,next_mean,next_std,next_S
19601000.0,-0.02333662176604199,0.07358501739739091,106134.60854812214,19601000.0,-0.02329308062868503,0.07015842839754784,96480.14167926661
19601000.0,-0.02388461638491073,0.08182981806643241,131250.6309649192,19601000.0,-0.023851555835460704,0.07684267180626587,115739.91051858991
19601000.0,-0.03312842410831538,0.12233288716722863,293335.53687561257,19601000.0,-0.03304649620179434,0.11560993957707008,261980.2649867994
19601000.0,0.03236957880578916,0.13525570259149744,358582.7537420678,19601000.0,0.032588313949923856,0.12454169166010595,304023.9166795553
19601000.0,0.03226164129226534,0.14186521202973457,394484.5980695186,19601000.0,0.03248969575725956,0.1284930662347376,323621.68464800186
19601000.0,0.0487870344128214,0.20794248849561603,847548.7791048102,19601000.0,0.04912512396624998,0.18848739017815688,696374.4541172421
