cur_n,cur_mean,cur_std,cur_S,next_n,next_mean,next_std,next_S
51000.0,-0.01717028987293866,0.14659003271810195,1095.9205223070041,51000.0,-0.021656103502754907,0.15143423790662638,1169.548748928397
51000.0,-0.00703930990684694,0.2094082477230762,2236.442524936912,51000.0,-0.009672820934411143,0.20591583216614986,2162.467826770578
51000.0,0.0005871388858217643,0.022744137151775062,26.38208451371648,51000.0,0.0005495162592236422,0.0218116035283038,24.26304847227165
51000.0,0.0006409982315122021,0.41041822052165433,8590.598902544227,51000.0,0.0034851351920449965,0.41292488706617525,8695.855080289293
51000.0,-0.0033570764493268453,0.49334158231057335,12412.681758671712,51000.0,-0.004897455923118636,0.4866887709952608,12080.16395045675
51000.0,-0.002070238713177826,0.07900306173098322,318.31567190634684,51000.0,-0.0016930103481785184,0.0785882173694776,314.98150337492535
