cur_n,cur_mean,cur_std,cur_S,next_n,next_mean,next_std,next_S
26351000.0,-0.02332513965476982,0.0734416300628764,142128.6779158308,26351000.0,-0.023280664111833733,0.07007049573195086,129380.0995797695
26351000.0,-0.02366895617341169,0.08075775226813156,171856.33524396535,26351000.0,-0.0236327457587337,0.07598084710679676,152126.67158732735
26351000.0,-0.03297324079419035,0.12153053881864602,389195.6233291193,26351000.0,-0.03289194958086002,0.11499786138512505,348479.0135531898
26351000.0,0.03224817941194596,0.13408371605689723,473749.9491642736,26351000.0,0.03246774381440381,0.1233678457177856,401052.34778355475
26351000.0,0.032271809675618095,0.13995172295653313,516123.4598712915,26351000.0,0.03249701847011151,0.12683636628382972,423920.75891227333
26351000.0,0.0487145983903728,0.2058062348264116,1116128.392038018,26351000.0,0.049054562940114566,0.18656568480003916,917192.7942830591
