cur_n,cur_mean,cur_std,cur_S,next_n,next_mean,next_std,next_S
32251000.0,-0.023499343908446005,0.07352275625930763,174335.86653257723,32251000.0,-0.02345632180570306,0.07016959690250782,158796.58139742847
32251000.0,-0.023775329529227517,0.08034740923672166,208202.97972263757,32251000.0,-0.02373741099942923,0.07568684522406606,184749.80641262833
32251000.0,-0.033007367771784944,0.12126255279869189,474238.2710447023,32251000.0,-0.03292374952866153,0.1148699762686581,425555.5393082248
32251000.0,0.032198742899308005,0.13330598673280175,573115.9471725895,32251000.0,0.03241811081425262,0.12254632610153811,484332.6834237918
32251000.0,0.03227993463852968,0.13885088771910273,621785.3804763681,32251000.0,0.03250190810193135,0.1258422998927099,510736.0095481894
32251000.0,0.04883214954667269,0.20467008251028243,1350989.3161038726,32251000.0,0.049180090278640114,0.1855132609691981,1109923.6475224774
