cur_n,cur_mean,cur_std,cur_S,next_n,next_mean,next_std,next_S
28101000.0,-0.023422920648527985,0.07350724261856864,151838.54687323907,28101000.0,-0.02337897424166225,0.07014216387893565,138254.7605398606
28101000.0,-0.023722978992013453,0.08063254028386822,182701.6457354453,28101000.0,-0.023685909685308117,0.07590009859438214,161884.94238746437
28101000.0,-0.03310657897501286,0.12166788359596079,415981.17962793814,28101000.0,-0.03302269834423866,0.1151755196486055,372771.01457009575
28101000.0,0.03222124723047378,0.13369621614169974,502296.3323962981,28101000.0,0.032439579596577485,0.12294549219819358,424763.30845120765
28101000.0,0.032253600569140235,0.13944344675528259,546409.1875629555,28101000.0,0.0324779966035676,0.12635908152203937,448677.91789240733
28101000.0,0.0488373401674635,0.2054969936565605,1186677.5337073551,28101000.0,0.04917791141379394,0.18623158134721216,974604.5553413318
