cur_n,cur_mean,cur_std,cur_S,next_n,next_mean,next_std,next_S
3501000.0,-0.02293523027990311,0.13222640243302317,61210.85907282966,3501000.0,-0.02228893214301511,0.13359864293723542,62487.93947874291
3501000.0,-0.0029943826133025982,0.10619908045177988,39485.13465550145,3501000.0,-0.002493938088321667,0.10661990539422513,39798.68259618358
3501000.0,0.0028801760972358035,0.05449859005326195,10398.307208595053,3501000.0,0.003117242831352842,0.053911958202313696,10175.653829465275
3501000.0,0.0067145585768819925,0.19294051570984452,130328.37515093503,3501000.0,0.0067579390162663365,0.18901505219193593,125079.14153287605
3501000.0,-0.0005586444511217781,0.23174936102898536,188030.88994703782,3501000.0,-0.0005183437365040065,0.22865232945213593,183038.8890613723
3501000.0,0.0001222498900536919,0.06575575973904818,15137.693605946864,3501000.0,0.00012740279141435615,0.06292339112245503,13861.69537937343
