cur_n,cur_mean,cur_std,cur_S,next_n,next_mean,next_std,next_S
2951000.0,-0.025134335911678057,0.07908212842297983,18455.5039389665,2951000.0,-0.02510079259883114,0.07520449944746506,16690.020091311275
2951000.0,-0.027116191015131526,0.09104009265305059,24458.768785784585,2951000.0,-0.027096066113903586,0.08523669251360551,21439.881858194516
2951000.0,-0.036499041612976915,0.13234969362676954,51691.01858054739,2951000.0,-0.03644286848561546,0.1248061922292875,45966.50416100167
2951000.0,0.0324900371675906,0.14319843047481048,60512.587737315385,2951000.0,0.032700439881695686,0.13210474544584905,51499.859783241416
2951000.0,0.03208309841943825,0.15458969286425756,70522.91873574303,2951000.0,0.03231630301208244,0.14032886139271464,58111.65074167815
2951000.0,0.04900855287019144,0.22360634797543946,147549.4064208492,2951000.0,0.049341922236605024,0.20317908190940118,121822.41274968964
