cur_n,cur_mean,cur_std,cur_S,next_n,next_mean,next_std,next_S
19401000.0,-0.023353131341045576,0.07362977424219426,105179.48824981092,19401000.0,-0.02330975078082867,0.0702002088251988,95609.47285988857
19401000.0,-0.023889984175815317,0.08183683293630407,129933.6814330892,19401000.0,-0.023857267442419648,0.07684329631445866,114560.81334853939
19401000.0,-0.033152338711573484,0.12241024297137883,290709.7754032371,19401000.0,-0.033070588928364404,0.1156812274950947,259627.02220496873
19401000.0,0.032379562126738516,0.13532245691818384,355274.3586869965,19401000.0,0.032599606779769634,0.12460597584481833,301232.5214442616
19401000.0,0.03223489710189092,0.14184469650042347,390346.52766869194,19401000.0,0.032463659213505115,0.1284671677624808,320190.47975571256
19401000.0,0.048796060932066926,0.20803313305325127,839632.296074712,19401000.0,0.049134393173921716,0.1885689226963062,689865.3872114097
