cur_n,cur_mean,cur_std,cur_S,next_n,next_mean,next_std,next_S
13301000.0,-0.023476665279069896,0.07408988666922238,73013.32968986093,13301000.0,-0.023433498816317795,0.07058061971571011,66260.57922061351
13301000.0,-0.024340195140022516,0.08306626002239197,91776.94727318565,13301000.0,-0.0243086736410415,0.07786149872472736,80636.15509567125
13301000.0,-0.03355589436808312,0.12408899413344711,204809.841663639,13301000.0,-0.033477873235758356,0.11703288293314633,182179.74934134664
13301000.0,0.032438097487593805,0.13683150479516065,249032.77023066184,13301000.0,0.03265969071305617,0.1260593072566685,211365.5119311604
13301000.0,0.03216163473748392,0.14396476567320707,275674.58079979627,13301000.0,0.032397354185517084,0.13031951907516834,225893.2379684281
13301000.0,0.04858054615423131,0.21079069467242664,590999.5682914003,13301000.0,0.048930581889732656,0.19085226393168545,484483.4270030491
