cur_n,cur_mean,cur_std,cur_S,next_n,next_mean,next_std,next_S
32101000.0,-0.0234996601563069,0.07352544177216974,173537.7038587342,32101000.0,-0.0234568486654378,0.07017248014386708,158071.00489924912
32101000.0,-0.023778764031319743,0.08036509468533931,207325.86359389583,32101000.0,-0.02374055085941717,0.07570367805975972,183972.33563087322
32101000.0,-0.03301574847081225,0.12128721975124883,472224.6391567809,32101000.0,-0.032932298871674905,0.11489262517502641,423743.3220747721
32101000.0,0.03219730304047302,0.13330155484121764,570412.4444955885,32101000.0,0.03241644521102759,0.12254240551207435,482049.1975139587
32101000.0,0.03227947024995039,0.1388679463255677,619045.5234919689,32101000.0,0.03250176449880274,0.12585694844698517,508478.92423509766
32101000.0,0.04882811352186872,0.20467283250782153,1344741.9755418368,32101000.0,0.04917549224606416,0.18551685910668725,1104804.2274162283
