cur_n,cur_mean,cur_std,cur_S,next_n,next_mean,next_std,next_S
18701000.0,-0.023395662221034858,0.07369946652086583,101576.56414547164,18701000.0,-0.02335273724691543,0.07026152071202639,92320.87685602656
18701000.0,-0.02394368768775572,0.0819740154231235,125665.84286504677,18701000.0,-0.023912372511483895,0.07695818491142128,110757.83616711639
18701000.0,-0.03320061789195668,0.1226179630585823,281172.6181335551,18701000.0,-0.033120123523770945,0.11584847283124095,250983.66476074277
18701000.0,0.03238717879156068,0.13540371980498953,342867.2633697628,18701000.0,0.03260607891760273,0.12467460945122924,290683.8228802111
18701000.0,0.03220396584220623,0.14195278609945675,376836.24869562633,18701000.0,0.032432727874853455,0.1285508090521866,309039.8318095795
18701000.0,0.048764267679066074,0.2082600218627471,811104.198643991,18701000.0,0.049103229184325074,0.18871695744614192,666019.0976085588
