cur_n,cur_mean,cur_std,cur_S,next_n,next_mean,next_std,next_S
10951000.0,-0.023410727527452112,0.07408354153206892,60103.15220010083,10951000.0,-0.02336698485654614,0.07053949149393218,54490.20328929694
10951000.0,-0.02448697768254895,0.08366446010116962,76654.17337190526,10951000.0,-0.024452004290447436,0.07840512321645757,67319.77600848401
10951000.0,-0.0336355075377123,0.1245575280323208,169900.1413730596,10951000.0,-0.033556895364020685,0.11744350262249918,151046.88355154687
10951000.0,0.032444257972815124,0.13757245417531241,207260.5987987597,10951000.0,0.03266591057641401,0.1268212776255426,176131.9028578543
10951000.0,0.03225777035683942,0.14531997001352848,231262.05374150907,10951000.0,0.032492209989543164,0.13167720175051695,189878.1346817283
10951000.0,0.04861104176233627,0.21234169376302398,493769.5832610511,10951000.0,0.0489578867568357,0.19239261613237968,405350.37514650245
