cur_n,cur_mean,cur_std,cur_S,next_n,next_mean,next_std,next_S
601000.0,-0.0190946590008444,0.06836543301625339,2808.973291331398,601000.0,-0.019023798533703222,0.0645558600871386,2504.642902025718
601000.0,-0.02099491650850086,0.08526592823868122,4369.437389560765,601000.0,-0.02095756476640037,0.07861602750144586,3714.468347844964
601000.0,-0.026430918644745158,0.10942614052814506,7196.422218762097,601000.0,-0.02638093960550007,0.10271621115717654,6340.922640725893
601000.0,0.03285188559874015,0.14932304372137686,13400.720203115952,601000.0,0.03308414250900144,0.1393465496284106,11669.8939968992
601000.0,0.03188944693251765,0.1591736137457709,15227.07982704561,601000.0,0.032119983586321225,0.1442275334354098,12501.750421918214
601000.0,0.04773142851701801,0.21766363823902743,28473.85310628157,601000.0,0.048066249982588155,0.2006627070969515,24199.578733705646
