cur_n,cur_mean,cur_std,cur_S,next_n,next_mean,next_std,next_S
26101000.0,-0.023308645115889468,0.07341737534580406,140687.28728060296,26101000.0,-0.023264519007187925,0.0700448393853731,128058.8018695674
26101000.0,-0.023667825432225866,0.08079822332420737,170396.53884318785,26101000.0,-0.02363149055511857,0.07601426212233928,150815.96416874268
26101000.0,-0.03297455006975646,0.12155254862923748,385642.8512647463,26101000.0,-0.03289447828544806,0.11501309897104887,345264.3656144587
26101000.0,0.03224945697112387,0.1341167398344897,469486.5147899242,26101000.0,0.0324681256509769,0.12340473664578219,397485.0563236744
26101000.0,0.03227811497296813,0.14005252402795942,511963.53230980283,26101000.0,0.03250369675555837,0.12693064918059452,420523.38259642833
26101000.0,0.04872617533310443,0.20590299601583534,1106579.1383963227,26101000.0,0.04906698441777892,0.18666962165004047,909503.6391335448
