cur_n,cur_mean,cur_std,cur_S,next_n,next_mean,next_std,next_S
21101000.0,-0.02328325778425167,0.07347124521230004,113903.701745142,21101000.0,-0.023238546919934138,0.07006286641323689,103580.69958107457
21101000.0,-0.023755221565063607,0.08145630272202732,140007.86237056108,21101000.0,-0.023721825642868552,0.07652940558663875,123583.28005019318
21101000.0,-0.033067722007335654,0.1220712084838211,314434.01812872157,21101000.0,-0.032989478388681076,0.11540935906007488,281050.9746678274
21101000.0,0.03234067501958059,0.13500125363824506,384572.8673487269,21101000.0,0.03255841195105135,0.12429864995153947,326013.70756763953
21101000.0,0.032215578023615646,0.14130795528358683,421343.4645158609,21101000.0,0.03244091561655382,0.12803451261524385,345905.2413115667
21101000.0,0.04882731847958315,0.20750995032907815,908617.0675251494,21101000.0,0.049165882395189445,0.18817035062532647,747145.9141099247
