cur_n,cur_mean,cur_std,cur_S,next_n,next_mean,next_std,next_S
3551000.0,-0.02455424033761334,0.07771408401827622,21446.189413393717,3551000.0,-0.024519815972890106,0.07390337240994109,19394.52671860023
3551000.0,-0.026669777579942253,0.0900216493338429,28776.93948553688,3551000.0,-0.02664654107371027,0.08421687070119367,25185.40113430129
3551000.0,-0.03567060537028937,0.1306971562702912,60657.282379507385,3551000.0,-0.03559854849036172,0.1231845710889294,53884.431306544786
3551000.0,0.0324838944973664,0.1425968263006109,72205.51864694442,3551000.0,0.032692291739133905,0.1316454199751873,61540.66444817467
3551000.0,0.03224941036142284,0.15399092783568777,84205.59399357649,3551000.0,0.032482941669235356,0.13971019833683496,69311.75423309738
3551000.0,0.04913583054705725,0.2226492148553178,176032.5613815733,3551000.0,0.04947448302015501,0.20224461244049297,145246.1384605397
