cur_n,cur_mean,cur_std,cur_S,next_n,next_mean,next_std,next_S
24051000.0,-0.023256893030309415,0.07334156484799521,129369.97146631648,24051000.0,-0.023211069658208443,0.06996541529372376,117733.47721955602
24051000.0,-0.02370186756658289,0.08106592575881813,158055.57955949695,24051000.0,-0.02366562715098138,0.07622527879977455,139743.36002401388
24051000.0,-0.03305607919264732,0.12183526780780098,357009.0150197377,24051000.0,-0.032976675507806225,0.11524603621034833,319436.9367846981
24051000.0,0.03222602082629494,0.134275518936275,433637.48531880864,24051000.0,0.03244549882886947,0.1235859540459711,367342.6607887792
24051000.0,0.032259868465939076,0.14053941818395618,475039.19125487574,24051000.0,0.032484158257936185,0.12734589517459965,390034.51425559184
24051000.0,0.04882698153946439,0.2066261852322699,1026842.543568973,24051000.0,0.049165675966315034,0.18734684501162693,844162.20891658
