cur_n,cur_mean,cur_std,cur_S,next_n,next_mean,next_std,next_S
26051000.0,-0.023304806886348475,0.07340818189261197,140382.61720785665,26051000.0,-0.02326083848217835,0.07003475658746386,127776.69361054167
26051000.0,-0.023671479780949415,0.08081407736280048,170136.8692701183,26051000.0,-0.02363490960972044,0.07602857505839945,150583.7474161736
26051000.0,-0.0329755923544117,0.12155354876758806,384910.4341939723,26051000.0,-0.032895489161711984,0.11501369286665139,344606.5238443229
26051000.0,0.032247781500636834,0.13411894136703797,468602.53368089336,26051000.0,0.03246655514400071,0.12340509306117473,396725.9114960323
26051000.0,0.03228392298015542,0.14008326598506937,511207.1460269972,26051000.0,0.03250929582945457,0.12695952390304432,419908.7932080738
26051000.0,0.04872771663547037,0.20591821983812716,1104622.6627702115,26051000.0,0.04906892359716717,0.18668695405352223,907929.9421178328
