cur_n,cur_mean,cur_std,cur_S,next_n,next_mean,next_std,next_S
30701000.0,-0.02348088386996099,0.07351276324170011,165912.08336086827,30701000.0,-0.02343794750441029,0.07015699741412242,151110.45358955718
30701000.0,-0.02376505094952742,0.08045237579409244,198714.82505182672,30701000.0,-0.02372748173443439,0.07577295945854065,176271.0620641284
30701000.0,-0.03310197476885387,0.12150516979255588,453254.4064962438,30701000.0,-0.03301796047175944,0.11508034768311298,406588.2766684142
30701000.0,0.03218427305873662,0.13332089013010465,545693.6886338064,30701000.0,0.032402833850761925,0.12255532085288028,461123.084555789
30701000.0,0.03226588062081281,0.13898714283438135,593064.2917351003,30701000.0,0.03248932267829276,0.12595282077539563,487044.13509432453
30701000.0,0.04884705517504096,0.2049362606612713,1289407.336539347,30701000.0,0.04919443790140473,0.18573136957862105,1059066.0446600404
