cur_n,cur_mean,cur_std,cur_S,next_n,next_mean,next_std,next_S
2801000.0,-0.005082219698018231,0.09071761130813999,23051.34768907481,2801000.0,-0.009606414810246164,0.09471800810448357,25129.17446704612
2801000.0,-0.02044534368924443,0.16376805231904698,75122.74986400788,2801000.0,-0.023055904878212286,0.15921298800322242,71001.92031250881
2801000.0,7.398588448785986e-06,0.02293438537498193,1473.286877111446,2801000.0,1.2195983681503546e-05,0.02174125824401109,1323.9831504018173
2801000.0,-0.0012514111955601766,0.24903148590498783,173708.72340270126,2801000.0,0.0015413101944804985,0.2509427955695786,176385.3749018192
2801000.0,-0.002199622806714735,0.4463607056717574,558065.3006693776,2801000.0,-0.0037596300993743316,0.43907466957252783,539995.1698540888
2801000.0,5.088657388606333e-05,0.08635374568205494,20886.971270692182,2801000.0,0.0004278889626849139,0.08595657341904574,20695.279571556588
