cur_n,cur_mean,cur_std,cur_S,next_n,next_mean,next_std,next_S
11401000.0,-0.02339792389803318,0.0740255025410648,62474.91507663843,11401000.0,-0.023354526140491633,0.07049282557681645,56654.287657417335
11401000.0,-0.024475866843421526,0.08358993994111152,79661.95715474777,11401000.0,-0.02444023281761594,0.07834760864270729,69983.3030401314
11401000.0,-0.033605590602156454,0.12437896194917761,176374.90852750224,11401000.0,-0.03352523064084317,0.11727427468037342,156800.8659761093
11401000.0,0.03239868713073647,0.13728204098896798,214867.3364290803,11401000.0,0.03261969928044812,0.1265409766697125,182559.86667115835
11401000.0,0.032264345381012985,0.14507778050972953,239963.25889537117,11401000.0,0.03249940397531519,0.13144083647660557,196971.58252132896
11401000.0,0.04856052818033296,0.21183903648833705,511628.73791288,11401000.0,0.04890612920004966,0.1918871965764077,419792.7574896733
