cur_n,cur_mean,cur_std,cur_S,next_n,next_mean,next_std,next_S
7351000.0,-0.023796689616436915,0.07526195237561856,41638.72120559098,7351000.0,-0.023757759578420645,0.0716582382191757,37746.67272247426
7351000.0,-0.02511504524834616,0.08542950587147895,53649.071680294604,7351000.0,-0.025081664538129093,0.08001470577470335,47063.69793370096
7351000.0,-0.0342252273964207,0.12625762181586075,117182.19592655395,7351000.0,-0.03415333222299558,0.11904231756342697,104171.56034927854
7351000.0,0.03263644062370152,0.13912426346535922,142282.72659380815,7351000.0,0.032853389810433564,0.12831790964842713,121037.78711951955
7351000.0,0.03225099219951686,0.14749938625226702,159928.86281319143,7351000.0,0.03248755660055953,0.1336391564097123,131284.6267494876
7351000.0,0.04860925057281602,0.214587760247444,338498.1632397547,7351000.0,0.04896406315933999,0.1945503516386157,278234.168861234
