cur_n,cur_mean,cur_std,cur_S,next_n,next_mean,next_std,next_S
4901000.0,-0.017583147497688138,0.06507254029481453,20752.968387559697,4901000.0,-0.01753382162061655,0.06141784385425952,18487.314715704106
4901000.0,-0.018458486319892345,0.08015225172868609,31485.90332363263,4901000.0,-0.01841626055247948,0.07393443154424234,26790.337122242025
4901000.0,-0.02435722768901205,0.1055395986886181,54590.31237452871,4901000.0,-0.024297749926457095,0.09941843434463019,48441.606954021496
4901000.0,0.032435314882470256,0.15125312050908096,112122.65917876312,4901000.0,0.03264266156545037,0.14205004568213797,98893.43405913595
4901000.0,0.03186305079710985,0.1563355245634937,119784.34237489996,4901000.0,0.0320887590739455,0.14253852305894313,99574.74695409765
4901000.0,0.04943411622259439,0.22603411757464995,250399.06073028606,4901000.0,0.049771252205446925,0.21057131375875252,217311.7033508044
