cur_n,cur_mean,cur_std,cur_S,next_n,next_mean,next_std,next_S
13601000.0,-0.023486206013714157,0.07407992293636975,74640.04359369761,13601000.0,-0.023442555535401782,0.07057377761479591,67741.93063887513
13601000.0,-0.02432290064701674,0.08299959628015562,93696.37749727863,13601000.0,-0.024290072510398403,0.07780220163198537,82329.33625404263
13601000.0,-0.03357178022807369,0.12410035539477696,209467.6165421044,13601000.0,-0.03349361200036289,0.11706114116824586,186378.72980469462
13601000.0,0.03244284335790858,0.13674204062790113,254316.74356679793,13601000.0,0.032664238788437064,0.12597504007905175,215843.93554241714
13601000.0,0.03215588081883076,0.14381810265438935,281318.2781017264,13601000.0,0.03239099930493043,0.13018159683083402,230499.52213474445
13601000.0,0.04863304908805606,0.21073000797089592,603981.4602642879,13601000.0,0.04898770062089906,0.19082859154712975,495287.9139366653
