cur_n,cur_mean,cur_std,cur_S,next_n,next_mean,next_std,next_S
17251000.0,-0.023486013733888797,0.07388629338989622,94176.38923733833,17251000.0,-0.023442846197906386,0.07042778784149867,85566.22450256353
17251000.0,-0.024056537599617667,0.08218894274566013,116530.88986376178,17251000.0,-0.024024447483602454,0.07712923866952429,102624.80956548035
17251000.0,-0.03332946199517778,0.12301406960744686,261050.09025522613,17251000.0,-0.03325141741447932,0.11617056793998748,232812.6103582175
17251000.0,0.03242389616593293,0.1357027391238013,317681.19148177333,17251000.0,0.03264332206416519,0.1249390157318256,269283.9292552966
17251000.0,0.03213870135498553,0.14215371224120396,348602.6515211281,17251000.0,0.03236957755750554,0.1286990351981131,285735.9320926199
17251000.0,0.04871493074927168,0.20863679123465764,750924.1381386301,17251000.0,0.04905776240113236,0.18899474303092345,616188.6914227458
