cur_n,cur_mean,cur_std,cur_S,next_n,next_mean,next_std,next_S
1701000.0,-0.01206075554154551,0.11941439540697815,24255.916109534424,1701000.0,-0.011432746069650508,0.1206871423072098,24775.722127395486
1701000.0,0.002511127024692181,0.11572843502380163,22781.61321487213,1701000.0,0.0030857664358813998,0.11550814147572763,22694.964400947585
1701000.0,0.004217058000102537,0.047712107920254695,3872.233356972047,1701000.0,0.004479204992307097,0.04616036296959702,3624.45526523389
1701000.0,0.004642463628547496,0.18980085592307178,61277.444710431235,1701000.0,0.00465853114882048,0.1858321780536631,58741.65087868635
1701000.0,0.0013879761070835824,0.2117383470508887,76261.15006774425,1701000.0,0.0014307674597286307,0.2080560782599113,73631.75122322125
1701000.0,0.00017805114061711182,0.06569313580905968,7340.815345219277,1701000.0,0.00018719141707480917,0.062465285479260634,6637.152124899406
