cur_n,cur_mean,cur_std,cur_S,next_n,next_mean,next_std,next_S
1851000.0,-0.006208700045032618,0.09588757056750052,17018.882876463515,1851000.0,-0.010732838778926446,0.09987390454787436,18463.348894639785
1851000.0,-0.018670267981164827,0.1693629966117897,53093.75937407273,1851000.0,-0.021279111716106892,0.1648058953719526,50274.97980944866
1851000.0,3.017967227550026e-05,0.02341616869370562,1014.9346860966384,1851000.0,3.704926649443175e-05,0.022250472530429315,916.399610008498
1851000.0,-0.0012492396488202762,0.2613854278950477,126464.65488628864,1851000.0,0.0015446819432132785,0.26333108869219307,128354.37846513075
1851000.0,-0.0021138942251750347,0.4514076610411092,377176.1903026657,1851000.0,-0.0036736266697340674,0.4441293613530181,365111.3966789194
1851000.0,0.00015450431896804165,0.08647146446440979,13840.508522413036,1851000.0,0.0005315102637756277,0.08607442649645669,13713.701565780457
