cur_n,cur_mean,cur_std,cur_S,next_n,next_mean,next_std,next_S
1601000.0,-0.018010321035128538,0.06639214881667803,7057.075796617973,1601000.0,-0.017946346591195574,0.06266099097442726,6286.166063625504
1601000.0,-0.0193881019894598,0.08321039924326942,11085.276838101094,1601000.0,-0.019345365917082313,0.07675566958638373,9432.183934660236
1601000.0,-0.024863607511250795,0.10665093642641049,18210.450007249034,1601000.0,-0.024831863587316996,0.1002340115388354,16085.018167736987
1601000.0,0.03273699423745118,0.15182118402375624,36902.52474131879,1601000.0,0.03293936723613448,0.1424965766892985,32508.74426343877
1601000.0,0.03258879853340073,0.15998652512333567,40978.696841884586,1601000.0,0.03283515816297743,0.14568664603569337,33980.58273184019
1601000.0,0.048347644095145324,0.22320836186760973,79764.97846500252,1601000.0,0.04862880306111009,0.20711733043396244,68679.039294312
