cur_n,cur_mean,cur_std,cur_S,next_n,next_mean,next_std,next_S
3801000.0,-0.02442429373498314,0.07744586194855319,22797.871686759518,3801000.0,-0.024388459419725127,0.07365735854614967,20621.96998485298
3801000.0,-0.026505013298155713,0.0894898207882076,30440.03492190565,3801000.0,-0.02647964944273954,0.08372168534061479,26642.427586433347
3801000.0,-0.03535267867572866,0.13002351387905417,64260.1399276965,3801000.0,-0.03527888097402982,0.12249721359263868,57036.16145158803
3801000.0,0.03257332986015754,0.1426479014419371,77344.35880978245,3801000.0,0.032782737295472986,0.13169747822733982,65925.4021572459
3801000.0,0.03227961178409074,0.15344058340499359,89490.79202816187,3801000.0,0.03251611490668639,0.13921586142364034,73667.3941293916
3801000.0,0.04892327266002306,0.22185973948368096,187091.84895831754,3801000.0,0.049265063951912484,0.201394508847718,154167.60288544558
