cur_n,cur_mean,cur_std,cur_S,next_n,next_mean,next_std,next_S
30601000.0,-0.023476818063506547,0.07350447546989097,165334.38507949052,30601000.0,-0.023433561774835063,0.07014857170835101,150582.07747139563
30601000.0,-0.023765727596802125,0.08046100138135764,198110.03991744292,30601000.0,-0.02372803993955062,0.07578000307797066,175729.57392368212
30601000.0,-0.03310581284989074,0.12150935118507263,451809.15074019507,30601000.0,-0.03302134642691413,0.11508195520130875,405275.2500928675
30601000.0,0.032181817998370874,0.1333238911976742,543940.7301610957,30601000.0,0.032400820300638906,0.1225583614907135,459643.91087339655
30601000.0,0.032268656217287854,0.13900597254269823,591292.7309781685,30601000.0,0.03249222307512881,0.1259714617577332,485601.4296370065
30601000.0,0.04884868772129353,0.2049512476200516,1285395.4303849817,30601000.0,0.04919661486100433,0.18574770440618082,1055802.1187899695
