cur_n,cur_mean,cur_std,cur_S,next_n,next_mean,next_std,next_S
3851000.0,-0.015102807100934331,0.11705135197917305,52762.62416958634,3851000.0,-0.014475752373064234,0.1183164265567232,53909.28943043018
3851000.0,0.003742322483256982,0.11779028932197383,53430.90074769261,3851000.0,0.004312255814320277,0.11755226172683612,53215.175347051234
3851000.0,0.005053470202840467,0.04915556037509487,9305.052364905738,3851000.0,0.005322511344191765,0.04764904707938863,8743.43242884668
3851000.0,0.004856775685897455,0.18262217188283758,128434.15286100117,3851000.0,0.004858237665222798,0.1785359692121953,122750.98045707363
3851000.0,0.0022611959636056403,0.2043719632189729,160848.18039676227,3851000.0,0.002279067304221677,0.20054999627428022,154888.37917261876
3851000.0,0.00012272108169753622,0.06557477209142226,16559.495379876433,3851000.0,0.0001361289435067839,0.06227236479900395,14933.59040540953
