cur_n,cur_mean,cur_std,cur_S,next_n,next_mean,next_std,next_S
551000.0,-0.01716960467039469,0.18068704792171159,17988.94291695126,551000.0,-0.016524471495234297,0.18242683501813753,18337.03212423886
551000.0,-0.015792485599853173,0.18638433758447262,19141.25583453826,551000.0,-0.01516848989805102,0.18741049528662312,19352.60425271114
551000.0,-0.0017424520401554163,0.08793034735851989,4260.1920386110705,551000.0,-0.0014607990640569197,0.08889027639938522,4353.716162335865
551000.0,0.008691142164379257,0.22490852643634254,27871.69874033561,551000.0,0.008681910498377453,0.22169452119450958,27080.801860942236
551000.0,0.004095704622458297,0.26182519495374285,37772.39042462357,551000.0,0.004137164473102376,0.2589671977970958,36952.26925371897
551000.0,0.0019191134469105787,0.07512124862925211,3109.4042995854697,551000.0,0.0019007076712344805,0.07318331102203714,2951.04415369367
