cur_n,cur_mean,cur_std,cur_S,next_n,next_mean,next_std,next_S
4001000.0,-0.014861169777689844,0.11673148464605781,54518.584270199,4001000.0,-0.014229519118601904,0.11797929089080846,55690.371429471095
4001000.0,0.003898041346741744,0.11783833690150436,55557.38044849349,4001000.0,0.0044670699378954685,0.11760544585325648,55337.99461826731
4001000.0,0.005063910229032535,0.04923184141437205,9697.520610408566,4001000.0,0.005334541661417347,0.04773786583427757,9117.894241480353
4001000.0,0.0048163577628586056,0.18260361821793197,133409.66962650733,4001000.0,0.004824010196521213,0.17850283547883286,127484.91235820708
4001000.0,0.002271896494763567,0.20396894258419754,166454.92148520163,4001000.0,0.0022875262581930128,0.20014662448049172,160274.7438350308
4001000.0,0.00016551793442055223,0.06546725283168583,17148.130734504834,4001000.0,0.00017981076039734766,0.06217696849428332,15467.767619967542
