cur_n,cur_mean,cur_std,cur_S,next_n,next_mean,next_std,next_S
30951000.0,-0.02348906617405042,0.07352207269686589,167305.48111943173,30951000.0,-0.023445703439287806,0.07016596385856559,152379.89714852165
30951000.0,-0.02377266134415449,0.08045371483263272,200339.63993020004,30951000.0,-0.023734664078224846,0.07577817588973793,177730.91591134018
30951000.0,-0.03310487733148311,0.12151351899091116,457008.08299461013,30951000.0,-0.033020928132145265,0.11509344691759738,409992.46864994266
30951000.0,0.03219036178449576,0.13331860235347576,550118.4231010693,30951000.0,0.03240864941933144,0.1225513774973238,464848.1207550403
30951000.0,0.032275894068545946,0.138988953415093,597909.2257847099,30951000.0,0.032499727937006645,0.1259553826036233,491030.1374496447
30951000.0,0.04886918020857426,0.20494282846239123,1299990.3744991487,30951000.0,0.04921554842504831,0.18574330827036376,1067827.3453320072
