cur_n,cur_mean,cur_std,cur_S,next_n,next_mean,next_std,next_S
4351000.0,-0.004286158631598974,0.08624799664152415,32365.857339266848,4351000.0,-0.008811937834386711,0.09027329724595268,35457.465919299815
4351000.0,-0.021892690041368488,0.16030495684530835,111810.60215210552,4351000.0,-0.02450125936143258,0.1557231544347804,105510.44829879244
4351000.0,-3.09866470929623e-05,0.022513526463894776,2205.3429600799736,4351000.0,-2.450962998894404e-05,0.02129478858359401,1973.0393585876704
4351000.0,-0.0013302096336446003,0.23832932765797005,247140.5785036871,4351000.0,0.0014616985074345824,0.24022953289419702,251097.20409282835
4351000.0,-0.0020998872332965044,0.4432069435984389,854677.3500091874,4351000.0,-0.003660146524136967,0.43590835006870415,826760.0061090064
4351000.0,0.00013486695379974853,0.08631617543062997,32417.047795366077,4351000.0,0.0005118662319503348,0.0859180329940504,32118.68342040885
