cur_n,cur_mean,cur_std,cur_S,next_n,next_mean,next_std,next_S
8251000.0,-0.003594655008652586,0.08252159755003653,56187.775827296326,8251000.0,-0.008122302694903112,0.08656008831886762,61821.84598949361
8251000.0,-0.022896171832842326,0.1569112471870925,203149.02196341683,8251000.0,-0.025506797913712492,0.15233193155473657,191464.59832974596
8251000.0,-1.7315457425507112e-05,0.022080553774296418,4022.7821044366447,8251000.0,-1.5942915706816316e-05,0.020848342243221064,3586.324991270717
8251000.0,-0.0014232625225103453,0.22947517327097772,434488.2138240461,8251000.0,0.0013678471623071954,0.2313648984821597,441673.68877594516
8251000.0,-0.0022026299467493176,0.4401503288130317,1598485.3059342683,8251000.0,-0.0037630500621771896,0.4328476423375169,1545883.2792679393
8251000.0,-0.00012036440796516794,0.086155655695387,61245.49811550038,8251000.0,0.0002566330891477069,0.08575835809115961,60681.946351537874
