cur_n,cur_mean,cur_std,cur_S,next_n,next_mean,next_std,next_S
651000.0,-0.03329639221884507,0.09919104971623745,6405.100687819716,651000.0,-0.033265980270889735,0.09471878647435673,5840.543180774784
651000.0,-0.038795021473943495,0.11357467441355887,8397.383540962983,651000.0,-0.03880839238442,0.10701820885634569,7455.835964460098
651000.0,-0.05102210819727974,0.1621368288262835,17113.716671460155,651000.0,-0.05093214925628113,0.1537804494269193,15395.125733490378
651000.0,0.032709271145689715,0.15583649251441511,15809.543071876176,651000.0,0.0329115388734788,0.14342559283802764,13391.656343291736
651000.0,0.03176900439898558,0.17680494882188255,20350.25344306844,651000.0,0.03199026364056914,0.16102345795541537,16879.488661759544
651000.0,0.04737151510618196,0.2464233660443026,39531.633441525424,651000.0,0.04774663602997822,0.22379529939401105,32604.90275608663
