cur_n,cur_mean,cur_std,cur_S,next_n,next_mean,next_std,next_S
6301000.0,-0.02388787834547052,0.07555043193334689,35965.27478925158,6301000.0,-0.023850178218360385,0.07190940639378934,32582.236148542965
6301000.0,-0.02540573961814094,0.08634509160792488,46976.94699696469,6301000.0,-0.02537982559754548,0.08085890796563955,41196.96504659073
6301000.0,-0.03440372591725995,0.12692327554742117,101506.07213470124,6301000.0,-0.03433179071048784,0.11959814307386116,90127.71342413603
6301000.0,0.032633762055963356,0.13959943321921042,122793.8990590413,6301000.0,0.03284774812127194,0.1287257277990286,104409.54219655193
6301000.0,0.03232222671919605,0.14874129634711436,139403.1553790656,6301000.0,0.03256378776265619,0.13482295677657133,114534.72417573049
6301000.0,0.048452939309209464,0.2157426066430074,293279.24049537344,6301000.0,0.048817325272117566,0.1955149359474206,240862.5942148796
