cur_n,cur_mean,cur_std,cur_S,next_n,next_mean,next_std,next_S
7651000.0,-0.023763002728700976,0.0751542443721308,43214.07558111369,7651000.0,-0.023721308328430425,0.07155510837045374,39174.14166792536
7651000.0,-0.02506867729348156,0.08526971706824148,55629.84448871822,7651000.0,-0.025035018580958517,0.07986981415334175,48807.16136581641
7651000.0,-0.03419197532289353,0.12613886809650812,121735.16845575697,7651000.0,-0.03411869327121686,0.11893142724579177,108220.98024280283
7651000.0,0.032636049033971465,0.13903003931383023,147888.87086361126,7651000.0,0.03285404388600997,0.12821832895576057,125781.98002346857
7651000.0,0.03228361680968953,0.14733646403770823,166088.16534241702,7651000.0,0.03251923990251164,0.1334949831074436,136347.78634916822
7651000.0,0.048687087139856366,0.21452474071849242,352105.63337395375,7651000.0,0.04903989674541187,0.19448079760946088,289382.0946675513
