cur_n,cur_mean,cur_std,cur_S,next_n,next_mean,next_std,next_S
23101000.0,-0.02324065248258171,0.07332243187845008,124195.1114617825,23101000.0,-0.023195438947663995,0.0699373903000126,112992.50202021442
23101000.0,-0.023727637824995845,0.08120964764551646,152351.25372024716,23101000.0,-0.02369219850496826,0.07634278104680708,134637.71525511076
23101000.0,-0.03307224041690555,0.12194570022881872,343529.2836330631,23101000.0,-0.032992430439803135,0.11533151439176463,307274.6760530514
23101000.0,0.032229970441682174,0.1343931434845006,417239.10457842815,23101000.0,0.03244769148077752,0.12370872810106427,353534.2251830568
23101000.0,0.03226171279976587,0.14079017918557593,457905.124097517,23101000.0,0.03248608085310058,0.12758060967060053,376010.6331785652
23101000.0,0.0488465041007631,0.20696335398299395,989504.3043325522,23101000.0,0.049185977274775555,0.18765682709707973,813503.6729516657
