cur_n,cur_mean,cur_std,cur_S,next_n,next_mean,next_std,next_S
25551000.0,-0.023286592612131344,0.07340012279395042,137658.00614659302,25551000.0,-0.023242568513260967,0.07002500620793903,125289.36668397395
25551000.0,-0.02366434220891644,0.08085818713778702,167053.624261627,25551000.0,-0.023628367120657048,0.0760595916124026,147814.10577954786
25551000.0,-0.03296835855821886,0.12156709214903363,377606.93273864884,25551000.0,-0.03288870600165189,0.11501236831779804,337984.6641729248
25551000.0,0.032253959385452925,0.13421865022608012,460292.22169652034,25551000.0,0.032473728519357835,0.12351286625134296,389791.4441399752
25551000.0,0.032279120711375786,0.140215099334149,502339.66305092,25551000.0,0.03250442570130782,0.12707871863001585,412623.1176176528
25551000.0,0.048721585783557474,0.20607218806675973,1085042.2937942864,25551000.0,0.04906319709580424,0.18682940776334162,891863.4705404901
