cur_n,cur_mean,cur_std,cur_S,next_n,next_mean,next_std,next_S
15601000.0,-0.02347921568933406,0.0738803944955217,85155.13628938784,15601000.0,-0.023435299128324996,0.0703991255916928,77319.13142845307
15601000.0,-0.02422100819578354,0.08264117674046269,106548.02941564795,15601000.0,-0.024188287673347228,0.07751428011660541,93738.04096675286
15601000.0,-0.03343740139788209,0.12349095195464012,237915.48736396115,15601000.0,-0.033362928773679135,0.11654529945316561,211905.3692710221
15601000.0,0.03237016374756429,0.13594508750380907,288323.1234029419,15601000.0,0.0325913285542348,0.12516566759691772,244412.19822606575
15601000.0,0.03219703099752597,0.14298531608717371,318959.33441878064,15601000.0,0.03242971959656327,0.12943590393845067,261373.74401570408
15601000.0,0.04863805148671973,0.2094331350863358,684294.7761626976,15601000.0,0.04898930311155861,0.1896659667965371,561217.5649684567
