cur_n,cur_mean,cur_std,cur_S,next_n,next_mean,next_std,next_S
2901000.0,-0.02513327747966242,0.07906906144491926,18136.80970204099,2901000.0,-0.02509911614077765,0.0751819267715933,16397.386450071823
2901000.0,-0.02721601142752091,0.09125341871321757,24157.167824291286,2901000.0,-0.027196615315289305,0.08543711846627178,21175.85301548912
2901000.0,-0.03661236754858374,0.132610820574288,51015.9118565528,2901000.0,-0.03655346602432376,0.125053400263839,45366.861813806536
2901000.0,0.032404020475854854,0.14305261135711753,59366.20793627858,2901000.0,0.032616095768265914,0.1319312374876484,50494.37498398963
2901000.0,0.03217011192375773,0.15493067855594445,69634.19747279343,2901000.0,0.032402641305471526,0.14063322948985868,57375.122891803796
2901000.0,0.04905515720446812,0.22390756177611593,145440.4636357435,2901000.0,0.0493869524202759,0.20345206176255348,120080.34290419369
