cur_n,cur_mean,cur_std,cur_S,next_n,next_mean,next_std,next_S
4151000.0,-0.0043377656001778895,0.08664970599909907,31166.420102930504,4151000.0,-0.008863609849246716,0.09067929862997114,34132.57381529748
4151000.0,-0.02171663855688986,0.16055588725064676,107005.27885592676,4151000.0,-0.02432588744895621,0.1559805067018937,100993.49157303594
4151000.0,-3.354501582728331e-05,0.022545992321262462,2110.043666234018,4151000.0,-2.637187617578652e-05,0.021329505465304908,1888.4883318904526
4151000.0,-0.0013335099145434632,0.23927861168618011,237662.4083974434,4151000.0,0.001458492456825526,0.24118385799368205,241462.23108373058
4151000.0,-0.002133897050024457,0.4435078128039842,816498.2962554398,4151000.0,-0.0036941006106586574,0.4362123757023191,789857.4136075397
4151000.0,0.00016967363734452868,0.08627225529903182,30895.486344716872,4151000.0,0.0005466736399385076,0.0858736855810176,30610.67727223527
