cur_n,cur_mean,cur_std,cur_S,next_n,next_mean,next_std,next_S
4101000.0,-0.014731048159558412,0.11674943992348912,55898.40049376087,4101000.0,-0.014096303412818548,0.11795924411596377,57062.8858001515
4101000.0,0.003846067690365627,0.11804528106024866,57146.15704881231,4101000.0,0.0044154463997472665,0.11781979694476155,56928.050168181966
4101000.0,0.005071937065862023,0.04929215194645193,9964.266314643142,4101000.0,0.005341781455856544,0.04780435063367127,9371.834607918154
4101000.0,0.004849517737464214,0.18281998796503796,137068.32994609972,4101000.0,0.004858456072024368,0.17870303490602435,130964.51098164203
4101000.0,0.002329946968988247,0.2039998124679213,170666.90221996987,4101000.0,0.0023426849007579407,0.20016893150992757,164317.2322826287
4101000.0,0.00014828776131740908,0.06545791015717864,17571.710546797753,4101000.0,0.00016334007529563728,0.062167455884182855,15849.51433412958
