cur_n,cur_mean,cur_std,cur_S,next_n,next_mean,next_std,next_S
4801000.0,-0.004180503579572511,0.0858392497862807,35375.577035387025,4801000.0,-0.00870642292254844,0.08985355605216527,38761.64903058933
4801000.0,-0.02213308996656659,0.1596139488804618,122313.21746330765,4801000.0,-0.024741807003801686,0.1550292139504771,115387.50851207157
4801000.0,-2.322334957388389e-05,0.02241944900370616,2413.1347611165793,4801000.0,-1.8372952937863645e-05,0.021199067248131583,2157.5715709680553
4801000.0,-0.001337161976212289,0.23729044311658654,270328.7278478312,4801000.0,0.0014546049754764424,0.23918293077059052,274657.8854600157
4801000.0,-0.0021072332953108726,0.4425473924327306,940267.1820297936,4801000.0,-0.0036675632291330285,0.435246098426284,909497.4369036471
4801000.0,5.353378411499787e-05,0.08627427637738447,35735.04692008278,4801000.0,0.00043053250243886684,0.0858764742659701,35406.26516413071
