cur_n,cur_mean,cur_std,cur_S,next_n,next_mean,next_std,next_S
2501000.0,-0.015668522396433703,0.11885145267357221,35328.295174348554,2501000.0,-0.015036396060020402,0.12019677338119229,36132.60809245549
2501000.0,0.002817657951367068,0.1167179187257154,34071.30445170842,2501000.0,0.0033985809800637437,0.11650108970318677,33944.83225897696
2501000.0,0.004688316814032925,0.04838519059299849,5855.157798470695,2501000.0,0.00496322099471103,0.04682427411430416,5483.474128475069
2501000.0,0.004731008781825613,0.18540125744453737,85968.43928130106,2501000.0,0.0047373396082878655,0.18137609696637327,82276.11866543887
2501000.0,0.00195643186016447,0.20712830435683469,107298.23829880959,2501000.0,0.001997283907160557,0.20337967821640163,103449.59707202906
2501000.0,0.00016634062979473102,0.06602270166991557,10901.851836622478,2501000.0,0.00017947001862276776,0.06271627688125885,9837.261796002655
