cur_n,cur_mean,cur_std,cur_S,next_n,next_mean,next_std,next_S
12301000.0,-0.02342231923202576,0.0740104298692155,67379.26541567002,12301000.0,-0.023379932610865708,0.07049614710509927,61132.36281372135
12301000.0,-0.02444328632371278,0.08338177357933317,85522.95055255799,12301000.0,-0.024409474541820183,0.07814911397797021,75125.70067517941
12301000.0,-0.03359596064813429,0.12421319026714817,189791.1035436522,12301000.0,-0.033519659603861246,0.11712867002944273,168758.96084259558
12301000.0,0.032373490199095155,0.13689518374792925,230524.32369189893,12301000.0,0.03259297646450272,0.12614336970667522,195735.3537174668
12301000.0,0.03223855245257165,0.14455388256718466,257039.54289750845,12301000.0,0.032474667983829364,0.13088293952149987,210720.3597946575
12301000.0,0.04851912304221865,0.2111497300836804,548430.3489357708,12301000.0,0.04887059670658945,0.19118648743600092,449629.50990380655
