cur_n,cur_mean,cur_std,cur_S,next_n,next_mean,next_std,next_S
6401000.0,-0.01772500612983193,0.06512809451782976,27150.92132004508,6401000.0,-0.01768021940376398,0.061471705571641805,24187.91052026024
6401000.0,-0.018654362173027888,0.08008094368118593,41049.341219104215,6401000.0,-0.018612163959302538,0.07394417456997732,34999.00983909863
6401000.0,-0.023944817765230657,0.10424645416604794,69561.73584284737,6401000.0,-0.023876675748421665,0.09824902455656528,61788.02615925235
6401000.0,0.03253063799369358,0.15113939252307965,146218.78533834373,6401000.0,0.032744935603491614,0.14194273057241116,128965.67581781585
6401000.0,0.032121379505587556,0.15631026313747337,156394.98241584157,6401000.0,0.032349135994678174,0.1427232782458237,130387.94851485605
6401000.0,0.04898002828608583,0.22401591066253104,321222.20379999373,6401000.0,0.04930990941754859,0.20872363660659932,278863.1270174941
