cur_n,cur_mean,cur_std,cur_S,next_n,next_mean,next_std,next_S
1201000.0,-0.01276445972738306,0.14957729505917314,26870.41400385995,1201000.0,-0.012123621684987191,0.15108747765098832,27415.738509428415
1201000.0,-0.00648760694238188,0.14396698140836722,24892.51657474042,1201000.0,-0.0059510620943688895,0.14474317813605977,25161.655727929487
1201000.0,0.001216095571606701,0.06764523624191808,5495.629461456115,1201000.0,0.001456864990200491,0.0678305322301236,5525.778304248825
1201000.0,0.007431383554777249,0.21064029769870937,53287.57135253569,1201000.0,0.007442605930531047,0.2071632388543314,51542.84564667274
1201000.0,0.0009190118040543397,0.25909545498629066,80623.67620825813,1201000.0,0.0009784475308981778,0.2563083237637673,78898.44215354118
1201000.0,0.000507153398610599,0.06934387790870575,5775.096657504405,1201000.0,0.0005007430500981862,0.06692825318315952,5379.748680053073
