cur_n,cur_mean,cur_std,cur_S,next_n,next_mean,next_std,next_S
19851000.0,-0.02333573174917084,0.07359760865706769,107525.08540877189,19851000.0,-0.02329170344899759,0.07017274430683573,97750.57297856163
19851000.0,-0.023867916259398776,0.08178433503376584,132776.93619722477,19851000.0,-0.02383412184274541,0.07681127066707669,117120.33030589616
19851000.0,-0.03310737301705534,0.12227481467849353,296794.88767780445,19851000.0,-0.033027393622010986,0.11556417474432121,265111.6629925541
19851000.0,0.03239088227828891,0.13530171345072772,363403.39675831393,19851000.0,0.03260895212540122,0.12458345977913063,308108.134281635
19851000.0,0.03227526001629756,0.14181661339444745,399242.3558700377,19851000.0,0.03250231800594299,0.12847478452760852,327656.0454196558
19851000.0,0.04879032759668435,0.20787821728815772,857828.2748278378,19851000.0,0.04912864616756704,0.18845612121869623,705022.351761824
