cur_n,cur_mean,cur_std,cur_S,next_n,next_mean,next_std,next_S
13401000.0,-0.023479811683857894,0.07409435190742182,73571.12796636815,13401000.0,-0.023436389696345723,0.07058483855350049,66766.72262999161
13401000.0,-0.024337495191507942,0.08304459871729863,92418.72844534603,13401000.0,-0.024304688760945152,0.07784079664060682,81199.20011965535
13401000.0,-0.033542091375996265,0.12403096167681231,206156.6883694179,13401000.0,-0.033464706065926324,0.1169805478485818,183385.29535296306
13401000.0,0.0324408764855881,0.13681747313516088,250853.59981916743,13401000.0,0.03266268023398397,0.1260394411076475,212887.49151807188
13401000.0,0.03216323488624036,0.14392601659679788,277597.67129410466,13401000.0,0.03239913569614365,0.13027768872091222,227445.47306758136
13401000.0,0.04856343564347773,0.21067651843072138,594797.9631978252,13401000.0,0.04891646487303142,0.19075193785332467,487612.8303520966
