cur_n,cur_mean,cur_std,cur_S,next_n,next_mean,next_std,next_S
2251000.0,-0.025667104359636067,0.08058099284672374,14616.410214776583,2251000.0,-0.025646129772376874,0.07665336833156292,13226.288211168645
2251000.0,-0.0285221214876867,0.0934756399524911,19668.552040451967,2251000.0,-0.028508038651384512,0.08758871552270127,17269.18372864947
2251000.0,-0.03823197809370214,0.13638946761979914,41873.29756150515,2251000.0,-0.038161799425345984,0.12859270315915342,37222.7235213066
2251000.0,0.03223357220477929,0.1435794137373485,46404.473158660745,2251000.0,0.032445335887429254,0.13240563679352518,39462.84972572725
2251000.0,0.03225723366572117,0.15726540241453824,55672.647699161564,2251000.0,0.03249296111207535,0.1428728403542335,45948.87179800505
2251000.0,0.0489127813128264,0.22740144393006126,116402.39899502427,2251000.0,0.04924082599766374,0.20638125558484408,95877.34420040443
