cur_n,cur_mean,cur_std,cur_S,next_n,next_mean,next_std,next_S
29051000.0,-0.023444831877873103,0.07350823554427037,156975.93658746054,29051000.0,-0.02340065295759723,0.07014698303030346,142948.3281799977
29051000.0,-0.023744318931063227,0.080566695892643,188569.82274151084,29051000.0,-0.023708361357550587,0.07585479794507068,167158.01223627312
29051000.0,-0.03312339359043004,0.12164148757214091,429857.522690573,29051000.0,-0.03303885126064161,0.11517532088054974,385371.8147397272
29051000.0,0.03219578593154598,0.13353172235430733,518000.27213694697,29051000.0,0.032414655777586523,0.12277130231405978,437879.6999110839
29051000.0,0.03226041811171332,0.13924950125789987,563311.196020271,29051000.0,0.032484817829543565,0.1261857585899995,462574.5895862931
29051000.0,0.048842386061836975,0.2053033526962615,1224484.1550194852,29051000.0,0.0491873932932195,0.18605423948216945,1005634.6460308592
