cur_n,cur_mean,cur_std,cur_S,next_n,next_mean,next_std,next_S
17601000.0,-0.023466705806241592,0.07384016407258281,95967.16138251098,17601000.0,-0.02342319100280259,0.07038856370708685,87205.03280304132
17601000.0,-0.024013615455801992,0.08211267413807684,118674.58856351957,17601000.0,-0.023982535451978558,0.07706028107379438,104519.78806434976
17601000.0,-0.0332950499327739,0.12290747783322474,265885.0729370208,17601000.0,-0.033216331977984466,0.11608192542404866,237173.7110321275
17601000.0,0.032419871557051984,0.13562707205406552,323765.16176434665,17601000.0,0.03263850475618741,0.12487899306914373,274483.42197826307
17601000.0,0.032136087715900485,0.14207214853372796,355267.3033416071,17601000.0,0.0323659251093139,0.12862004453386852,291175.382179596
17601000.0,0.04873001413673442,0.2085463988156171,765495.6596781976,17601000.0,0.049072439558491436,0.1889245639844156,628223.5319208237
