cur_n,cur_mean,cur_std,cur_S,next_n,next_mean,next_std,next_S
251000.0,-0.055478542149416804,0.13090958363175548,4301.467090746534,251000.0,-0.055458705067514484,0.12542511416522467,3948.5962751032694
251000.0,-0.062270355031444666,0.1428428872515565,5121.426700028581,251000.0,-0.06231608430254222,0.13535881757957302,4598.824383631572
251000.0,-0.08144156063767015,0.20445196518978723,10491.952123561457,251000.0,-0.08136959241443183,0.19543379399602856,9586.786326756213
251000.0,0.033545678725947235,0.17179718045818396,7408.082074558837,251000.0,0.03370162593114854,0.15670710243681465,6163.836104489723
251000.0,0.02983025449162121,0.20103228117955924,10143.908497140601,251000.0,0.030111414054333763,0.18288002751708976,8394.721220627529
251000.0,0.045077214280476334,0.2710931162239374,18446.36089366531,251000.0,0.045493279624374786,0.24579020881838343,15163.619514497119
