cur_n,cur_mean,cur_std,cur_S,next_n,next_mean,next_std,next_S
3901000.0,-0.02385989016699136,0.1313629490330516,67316.53130115311,3901000.0,-0.023209631723808147,0.13273879337098493,68734.00992304723
3901000.0,-0.002784531642460909,0.10351667031707514,41801.949731816225,3901000.0,-0.0022848438320544036,0.10392295672324806,42130.725623932245
3901000.0,0.003049980687901112,0.05396294900814022,11359.711475920709,3901000.0,0.0032885169301073245,0.05331431044159465,11088.263637362505
3901000.0,0.006688146385068077,0.19200589395155512,143815.29318064186,3901000.0,0.006741483294221744,0.18804224971452946,137938.92183071337
3901000.0,-0.0007724192632919788,0.22982029477543967,206040.5521415036,3901000.0,-0.0007314810624126317,0.22668712257944917,200460.8880706092
3901000.0,9.057422035102882e-05,0.06552381447558221,16748.437397642447,3901000.0,9.474915913042318e-05,0.06265595482997204,15314.423603732092
