cur_n,cur_mean,cur_std,cur_S,next_n,next_mean,next_std,next_S
13851000.0,-0.02349093126396684,0.07405969222033247,75970.49130103145,13851000.0,-0.023447721932900737,0.07055470181130509,68949.80634134586
13851000.0,-0.024320694027252326,0.08297737518795006,95367.52562897644,13851000.0,-0.024287074121231645,0.0777890908802472,83814.37698331867
13851000.0,-0.03350970682828973,0.1239311928298155,212736.68564421588,13851000.0,-0.03343379335265716,0.11690248438783551,189290.40954712257
13851000.0,0.03243953613621423,0.13664587636556966,258627.1951543742,13851000.0,0.03266039116319322,0.12587425801376845,219459.79863148753
13851000.0,0.032171166228354545,0.1437371729409398,286166.85253287794,13851000.0,0.03240653854806551,0.13011422863754502,234493.44775360916
13851000.0,0.04856525066997633,0.21041982953854488,613273.8660876324,13851000.0,0.04892023888473142,0.1905415482106655,502875.53616565996
