cur_n,cur_mean,cur_std,cur_S,next_n,next_mean,next_std,next_S
23301000.0,-0.02324296386567366,0.07332014972287902,125262.54932483514,23301000.0,-0.02319726480838204,0.0699364092223874,113967.5522049997
23301000.0,-0.0237225395934813,0.08118213349374419,153566.14454608777,23301000.0,-0.023686933029759345,0.07632133939316077,135727.08647649534
23301000.0,-0.03309135345545501,0.1219785849243343,346690.3404725129,23301000.0,-0.03301125730708552,0.11536959713445709,310139.6640150724
23301000.0,0.03222671009470408,0.1343605340854533,420647.20044278813,23301000.0,0.03244509757728752,0.12367466562312072,356398.6493888008
23301000.0,0.032259326728071636,0.14073840543458757,461529.8685062633,23301000.0,0.03248414699344965,0.127535184988163,378995.97067559336
23301000.0,0.04887907545965851,0.20697944447441005,998226.2676244297,23301000.0,0.04921850698934074,0.1876757478902315,820712.1640518212
