cur_n,cur_mean,cur_std,cur_S,next_n,next_mean,next_std,next_S
2101000.0,-0.0177261571923816,0.06559103183668125,9038.88744399852,2101000.0,-0.01767425296273346,0.06186891419735143,8042.129104858349
2101000.0,-0.01884451881172114,0.0820466874465274,14143.215392912078,2101000.0,-0.018802562244191974,0.07564720677452755,12022.972274747855
2101000.0,-0.0249560699121195,0.10686450389155595,23993.46662536758,2101000.0,-0.024921932014592422,0.10046390341656548,21205.384364244987
2101000.0,0.03231510803196495,0.15067663800164796,47699.946852146764,2101000.0,0.03252473846380285,0.14135553379387217,41980.89394865028
2101000.0,0.03208566897023041,0.15830865434658092,52654.48471619401,2101000.0,0.032341988993690896,0.14413162399885948,43646.01650178862
2101000.0,0.04895179302274261,0.22478017565343625,106155.39359762507,2101000.0,0.049259601793825644,0.20873569862009797,91541.8135365612
