cur_n,cur_mean,cur_std,cur_S,next_n,next_mean,next_std,next_S
10551000.0,-0.023415782816894798,0.07416207972514861,58030.64844369978,10551000.0,-0.023371354436792103,0.07060755741494808,52601.242008473855
10551000.0,-0.024535689694299576,0.08382909114730246,74145.21662977053,10551000.0,-0.024501324305483692,0.07855599755743535,65110.69318092422
10551000.0,-0.033675740032086975,0.1246988251537535,164065.90809135808,10551000.0,-0.033594891886522704,0.11756940073168037,145841.87264167643
10551000.0,0.03244807808571929,0.13778142757889233,200297.2485606839,10551000.0,0.03266739374341865,0.12702010726959576,170230.96982337572
10551000.0,0.032286167264442826,0.14560200032577203,223680.5933055364,10551000.0,0.03252048306998811,0.13195523582345856,183715.95614018032
10551000.0,0.048678065967594,0.2127327735735163,477487.96287951636,10551000.0,0.049019538157543535,0.19276088143321518,392040.94744251185
