cur_n,cur_mean,cur_std,cur_S,next_n,next_mean,next_std,next_S
12851000.0,-0.023458461558850455,0.07408324864371944,70530.49965318159,12851000.0,-0.023415797640724413,0.07057045586654671,64000.411938818215
12851000.0,-0.024405384639081727,0.08324370712345862,89051.19438195726,12851000.0,-0.02437347793966437,0.07802300426752397,78231.60874404626
12851000.0,-0.03357664872072744,0.12418904911509517,198199.94389335313,12851000.0,-0.03350121795092437,0.11712508227196503,176293.67921410452
12851000.0,0.032430393201901296,0.13692999530339223,240953.98326077696,12851000.0,0.03265034654476772,0.12615791321489328,204534.1908266313
12851000.0,0.032226724025337834,0.14431904695512954,267660.464972688,12851000.0,0.03246307931222697,0.13064623454873725,219346.5044712649
12851000.0,0.048564977141899585,0.21099097239177883,572090.4142265754,12851000.0,0.04891470069509194,0.1910614608121024,469119.0957101685
