cur_n,cur_mean,cur_std,cur_S,next_n,next_mean,next_std,next_S
601000.0,-0.034593307494564046,0.10154431240224447,6197.059676128017,601000.0,-0.03457064597680668,0.09698685668243409,5653.276671852545
601000.0,-0.040063021715581966,0.11566901726689871,8040.972254849558,601000.0,-0.040072878848459476,0.10900013431706085,7140.498597963521
601000.0,-0.052391823423238025,0.16442599465268168,16248.580538231745,601000.0,-0.05230681232241493,0.1560302903651572,14631.616358372596
601000.0,0.03319985803155506,0.15797977413815734,14999.523031082668,601000.0,0.03340669027181937,0.1453824065379782,12702.762522595154
601000.0,0.03163976416046348,0.1787354935185148,19199.77236262754,601000.0,0.03184420300815708,0.1627242214720434,15913.982524463265
601000.0,0.04697735240822346,0.2473845070198121,36780.655682374716,601000.0,0.04736345837709164,0.2246729615810788,30337.24173903336
