cur_n,cur_mean,cur_std,cur_S,next_n,next_mean,next_std,next_S
1951000.0,-0.0263143262791401,0.08233863057345564,13227.09731527312,1951000.0,-0.026296411115596285,0.07836912217707961,11982.494375382568
1951000.0,-0.029504173122185045,0.09513673598680857,17658.49814027047,1951000.0,-0.029489386533055138,0.08918267168976908,15517.373961893745
1951000.0,-0.03922763856382142,0.13877521641136273,37573.45190623011,1951000.0,-0.03916847214248952,0.1307782218728569,33367.84240995728
1951000.0,0.032613100587554504,0.1451611310992441,41110.99201890529,1951000.0,0.032826722780257556,0.13392851063331504,34994.78646885351
1951000.0,0.032414973205636334,0.15885212630836937,49231.53016177846,1951000.0,0.03264027112281523,0.1443366005392203,40645.28885193118
1951000.0,0.048397083062277725,0.22873748575842234,102077.95375000578,1951000.0,0.04875277261872394,0.2073639564051237,83892.63012158877
