cur_n,cur_mean,cur_std,cur_S,next_n,next_mean,next_std,next_S
1001000.0,-0.01240938732993505,0.15464021013321402,23937.508184634637,1001000.0,-0.011763951757444243,0.15614513569488844,24405.684704576302
1001000.0,-0.007758413915442509,0.15326074443728205,23512.344641255353,1001000.0,-0.007184311051334821,0.15407977867872708,23764.318775883206
1001000.0,0.0006234460197785046,0.07135178839888931,5096.168785427594,1001000.0,0.000882489358768891,0.0717072773209486,5147.075554404214
1001000.0,0.0075873966725632696,0.21376088356027023,45739.40905580788,1001000.0,0.007601893047756124,0.21036923029201116,44299.468266706885
1001000.0,0.001385455144978069,0.2646265918057503,70097.26032381793,1001000.0,0.0014584697179702926,0.26185100124685834,68634.51280083621
1001000.0,0.0007663594732116078,0.07047914162294171,4972.276713310582,1001000.0,0.0007591093987641565,0.0681579817294838,4650.155983910085
