cur_n,cur_mean,cur_std,cur_S,next_n,next_mean,next_std,next_S
6701000.0,-0.017742717871836844,0.06511517816615961,28412.149051419357,6701000.0,-0.01769855939340856,0.06145467255188308,25307.51109245491
6701000.0,-0.018711244267670183,0.08020897649061953,43110.74887471714,6701000.0,-0.01866954220652708,0.07407432158280834,36768.421295405096
6701000.0,-0.023889541862667556,0.10404541791948876,72541.33368226523,6701000.0,-0.023819132044391116,0.09806855568213771,64446.476252603235
6701000.0,0.032517724696119,0.15109387767975857,152979.54050432146,6701000.0,0.032737511353431704,0.1418865525159678,134903.15015239036
6701000.0,0.03223534953614942,0.15670260417448992,164547.7869451031,6701000.0,0.03246353826687322,0.14310537910560975,137230.78099356292
6701000.0,0.048931691927266104,0.22374959800653982,335478.0773567988,6701000.0,0.04926703119775811,0.20851020291570085,291336.05812836316
