cur_n,cur_mean,cur_std,cur_S,next_n,next_mean,next_std,next_S
31401000.0,-0.02349754435857756,0.07352915957410719,169770.6779982876,31401000.0,-0.02345359208968255,0.070174382853017,154632.4663203855
31401000.0,-0.02378045423142774,0.08043362732113482,203150.91745510948,31401000.0,-0.02374268337319751,0.07576338916113258,180244.60179862755
31401000.0,-0.03307620793624738,0.12144216309597025,463108.19609022414,31401000.0,-0.03299240165827685,0.1150315319515788,415505.9872275338
31401000.0,0.032195033767892865,0.1333088708061399,558035.1793731299,31401000.0,0.03241313107929174,0.12254171864726664,471532.26267622085
31401000.0,0.032282149809381995,0.13895261024219632,606285.1036718524,31401000.0,0.0325052735682693,0.12592572499396018,497934.7072472061
31401000.0,0.048857870452795715,0.20484056019745595,1317575.12985814,31401000.0,0.049203597217018814,0.18565383993856935,1082309.2034638722
