cur_n,cur_mean,cur_std,cur_S,next_n,next_mean,next_std,next_S
7601000.0,-0.023761287145526246,0.07515875927481255,42936.82596663782,7601000.0,-0.02371974753106473,0.07155857296190192,38921.90379837753
7601000.0,-0.02505985900648053,0.08525980885086398,55253.455275177854,7601000.0,-0.025026602558517297,0.07985704507660327,48472.699275234874
7601000.0,-0.03422414989814018,0.12622888848798214,121112.2991280158,7601000.0,-0.034151068212947375,0.1190203048406876,107674.49636217792
7601000.0,0.032627135448892605,0.13903499476637227,146932.87697937695,7601000.0,0.032844907810776904,0.12822161097644008,124966.38034411227
7601000.0,0.03225915073234075,0.14731685460588412,164958.8452030321,7601000.0,0.0324940519800096,0.1334719933614468,135410.0896632854
7601000.0,0.04872066199953806,0.21464419258380346,350194.25564505206,7601000.0,0.04907369247406534,0.19460618337999727,287861.7778005511
