cur_n,cur_mean,cur_std,cur_S,next_n,next_mean,next_std,next_S
5701000.0,-0.023859248043013016,0.07565725501981253,32632.639371894944,5701000.0,-0.023823904309450927,0.07199366803240749,29548.78603777156
5701000.0,-0.025491500476867036,0.08676062712666499,42913.74399706893,5701000.0,-0.025464842644325254,0.08121660187111693,37604.57372752112
5701000.0,-0.034506471025715434,0.12740171700168806,92534.05691887079,5701000.0,-0.034435372607490085,0.1200164657212944,82116.93060415884
5701000.0,0.032544198605054496,0.13998496181305173,111715.59613220266,5701000.0,0.0327560315401044,0.12912906483095338,95060.27200484854
5701000.0,0.032277260183670824,0.14957012155910884,127538.3324215408,5701000.0,0.032514539705591775,0.1355805134854605,104796.21320642946
5701000.0,0.04855586286609487,0.21691911595210644,268254.3002358928,5701000.0,0.04891441084506469,0.19664915576782943,220462.74653640448
