cur_n,cur_mean,cur_std,cur_S,next_n,next_mean,next_std,next_S
801000.0,-0.01899552442439831,0.06868247992906779,3778.543722414647,801000.0,-0.018914019280912985,0.06487234533040093,3370.9453721221003
801000.0,-0.020491494480675596,0.08495689762319747,5781.357237460524,801000.0,-0.020450099359134874,0.07831927459524059,4913.260927272883
801000.0,-0.026144138232910653,0.10955966996521953,9614.660347593148,801000.0,-0.026074803168756096,0.1029667598385168,8492.32505894588
801000.0,0.033522071966938925,0.15295768775420804,18740.239448734155,801000.0,0.033725543971638045,0.14323196716170222,16432.832530025767
801000.0,0.03249386305583095,0.16089646764024315,20736.026312585356,801000.0,0.03271440639840087,0.14601754917479964,17078.22085827904
801000.0,0.04887303970520862,0.22287262123618587,39787.436442647384,801000.0,0.04916811217335346,0.20631375329279755,34094.857203006824
