cur_n,cur_mean,cur_std,cur_S,next_n,next_mean,next_std,next_S
1401000.0,-0.01003296058388763,0.11836764363308365,19629.26958200741,1401000.0,-0.009427739437745683,0.1195710432798295,20030.425381828627
1401000.0,0.002650864510119799,0.11593808936580038,18831.738432675033,1401000.0,0.00323287996107732,0.11567901782733413,18747.67086686086
1401000.0,0.004084034492029085,0.04752798333015471,3164.7317884034815,1401000.0,0.004344116274698874,0.04599822813835496,2964.2876256072786
1401000.0,0.004396420331170955,0.1898663216061397,50504.95733242475,1401000.0,0.0044169242931383435,0.1859993605203225,48468.66272167044
1401000.0,0.001090196221950815,0.2151786981864693,64868.92288666635,1401000.0,0.001140027198848468,0.21151114842874402,62676.48923941431
1401000.0,0.00022448364642736884,0.06552111534294686,6014.516194653027,1401000.0,0.00023092473172115638,0.062320213362133885,5441.216399896149
