cur_n,cur_mean,cur_std,cur_S,next_n,next_mean,next_std,next_S
6001000.0,-0.017668530853884232,0.06503832497290955,25384.132275406027,6001000.0,-0.01762118687032316,0.06139071667777642,22616.68938536031
6001000.0,-0.018618204890610345,0.08013899532594992,38539.9736896876,6001000.0,-0.018576522402783124,0.07398152923821248,32845.07327721536
6001000.0,-0.024011867979212353,0.10441724626087688,65428.67086154435,6001000.0,-0.023946968959761426,0.09840172745832533,58107.08270066201
6001000.0,0.032454455316914196,0.15097247179414214,136778.9161250379,6001000.0,0.032669842697232304,0.14178418844779744,120636.63931889704
6001000.0,0.03204270570729758,0.15630171146110347,146605.78025902595,6001000.0,0.03227060137907171,0.14265985501688871,122131.35723487166
6001000.0,0.04901630880954651,0.22416589440484955,301552.3396341713,6001000.0,0.049348012669733474,0.2088702524551409,261804.32094640643
