cur_n,cur_mean,cur_std,cur_S,next_n,next_mean,next_std,next_S
30051000.0,-0.023461649927224874,0.07349589906802331,162324.89940068277,30051000.0,-0.02341851190338919,0.07013792901122468,147830.75836289296
30051000.0,-0.0237596641850572,0.08050080080798672,194741.8672472817,30051000.0,-0.023722089135020424,0.07580826970263455,172699.90424074203
30051000.0,-0.03311083581052342,0.12153730023659044,443892.79754676257,30051000.0,-0.033026027813716205,0.1150963447703603,398090.66298248374
30051000.0,0.03218440696701948,0.13338603893426318,534662.4450816944,30051000.0,0.032403957480543005,0.12262246573324818,451854.92279927636
30051000.0,0.03226817894325963,0.1391043522652532,581487.4756358454,30051000.0,0.03249204401880235,0.1260563224205687,477516.29268348304
30051000.0,0.048843314335270116,0.20504867135659574,1263493.0215920366,30051000.0,0.04919036954180871,0.1858342818845904,1037792.6631033435
