cur_n,cur_mean,cur_std,cur_S,next_n,next_mean,next_std,next_S
1101000.0,-0.00278502776194055,0.10732834023844379,12682.829252791407,1101000.0,-0.0022195564121374055,0.10795272102631805,12830.822764661641
1101000.0,0.0007401094168276905,0.1061354003496537,12402.460251326778,1101000.0,0.0012843101867976697,0.1059137768397123,12350.718665022068
1101000.0,0.004190764087139691,0.04892570338040222,2635.4906208450784,1101000.0,0.004485899741753853,0.04736879543258393,2470.426861588117
1101000.0,0.003264837440650235,0.1953436076465268,42013.19667824459,1101000.0,0.0033154298703665353,0.19141596362927044,40340.718316466526
1101000.0,-0.0007752412033955917,0.21872251922800406,52671.33399960652,1101000.0,-0.0007148713632259197,0.21525659148046297,51015.2755935414
1101000.0,0.0007070885621269493,0.06725407527783304,4979.944816265554,1101000.0,0.0007453010623276008,0.06381419753528779,4483.549239587076
