cur_n,cur_mean,cur_std,cur_S,next_n,next_mean,next_std,next_S
4201000.0,-0.004321943262197519,0.08653424942453301,31457.82873488609,4201000.0,-0.008848415954049888,0.09056097003117049,34453.61631983653
4201000.0,-0.021788836861966077,0.16046746926771532,108174.94632007084,4201000.0,-0.02439775097942666,0.1558889678760275,102090.05665320861
4201000.0,-2.5923769446983446e-05,0.02253080968878641,2132.5846553609404,4201000.0,-1.9886110417997888e-05,0.02131521476706137,1908.6755367575602
4201000.0,-0.001364917621764178,0.23893328573869654,239831.37225737024,4201000.0,0.0014270533523316586,0.24084179878772916,243678.0473539412
4201000.0,-0.0021171564523009795,0.4433601810806971,825783.2189553836,4201000.0,-0.0036773585157848033,0.4360625925086362,798822.6058430676
4201000.0,0.00011289839604383872,0.08626022551423483,31258.912150725697,4201000.0,0.0004898979773251614,0.08586198989943847,30970.953781172844
