cur_n,cur_mean,cur_std,cur_S,next_n,next_mean,next_std,next_S
22101000.0,-0.023271027127389814,0.07342780238250281,119160.68343836056,22101000.0,-0.023226172897353358,0.07003294141254039,108396.84932480304
22101000.0,-0.02374559314652765,0.08130940683606198,146114.56526435263,22101000.0,-0.023711605770854134,0.07641630803892623,129057.73162016565
22101000.0,-0.03309187575192406,0.1220671042971575,329313.2531059496,22101000.0,-0.033011927641967656,0.11543476168874134,294499.8961398229
22101000.0,0.032307568967007184,0.13474728646399517,401284.1265591699,22101000.0,0.03252566924881808,0.12405675281915754,340136.1121106616
22101000.0,0.032247151959618255,0.14100097845719384,439396.0792380074,22101000.0,0.03247169271236511,0.12777564591602478,360834.53334827645
22101000.0,0.048867220336005615,0.2072951072863706,949707.8505190855,22101000.0,0.04920739316645772,0.1879906503040291,781060.0501828735
