cur_n,cur_mean,cur_std,cur_S,next_n,next_mean,next_std,next_S
33401000.0,-0.023489773430659944,0.07346733364091747,180280.1978001288,33401000.0,-0.023446416976354117,0.0701165767103712,164210.48294234733
33401000.0,-0.02378903701827105,0.08032454878520248,215504.3588271864,33401000.0,-0.023749812628800788,0.07567509298853331,191278.1646603925
33401000.0,-0.032920272552084844,0.12106773532312128,489571.7017079325,33401000.0,-0.03283705149762185,0.11470534774772131,439467.5385011195
33401000.0,0.03219086070448022,0.13324962814894004,593050.2330845504,33401000.0,0.032409332047819546,0.12249627229499413,501193.2519907824
33401000.0,0.03231963062284933,0.13889876350202296,644401.0340463588,33401000.0,0.03254184566229567,0.12590321220424103,529459.9209866045
33401000.0,0.04881851713380069,0.20451564005070977,1397051.837293765,33401000.0,0.049166772387320964,0.185414425023578,1148276.5793369291
