cur_n,cur_mean,cur_std,cur_S,next_n,next_mean,next_std,next_S
30201000.0,-0.023466018051800604,0.07350120720367989,163158.71173148858,30201000.0,-0.02342284788718402,0.0701441366514412,148594.95737850352
30201000.0,-0.023761300211725053,0.08049192684283905,195670.77761385008,30201000.0,-0.023723497879064564,0.0758031639981556,173538.56021803658
30201000.0,-0.033110611319097275,0.12154403080509923,446157.9059668219,30201000.0,-0.0330259579442144,0.11510679724031622,400150.4076566537
30201000.0,0.032185463002298825,0.13337991969348123,537281.9201216506,30201000.0,0.03240524387778944,0.12261539735409414,454058.01171840064
30201000.0,0.032269176615018096,0.13908518067450046,584228.906681888,30201000.0,0.03249344834290841,0.12604200014857572,479790.77778969915
30201000.0,0.04884856345277789,0.20505106019061758,1269829.3519532327,30201000.0,0.04919546654458825,0.18583677353828462,1043000.7885598136
