cur_n,cur_mean,cur_std,cur_S,next_n,next_mean,next_std,next_S
15701000.0,-0.023476116621902247,0.07387252497852857,85682.71131318896,15701000.0,-0.023432212581496772,0.07039286726986473,77800.90062658532
15701000.0,-0.02421615816029828,0.08261892228559027,107173.24110454839,15701000.0,-0.024182964315154987,0.07749586734384105,94294.07405883046
15701000.0,-0.03342655487283024,0.12345654918843271,239307.09825853724,15701000.0,-0.03335244928764405,0.1165152161873033,213153.56676543536
15701000.0,0.03236562276882689,0.1359119008218703,290029.57516950334,15701000.0,0.032586604653725204,0.12513294674969686,245850.25174188297
15701000.0,0.03219965388449095,0.14294259703592047,320812.033529812,15701000.0,0.032431831405377996,0.12939668516900746,262889.7269859503
15701000.0,0.04863821056279386,0.20937869944356838,688323.0439964589,15701000.0,0.048987985276015666,0.1896126931340157,564497.6353146876
