cur_n,cur_mean,cur_std,cur_S,next_n,next_mean,next_std,next_S
9701000.0,-0.003539799536046208,0.0820267459891053,65272.082845401215,9701000.0,-0.00806695426867957,0.08607295877474615,71870.384606952
9701000.0,-0.02310559376444849,0.15640420379372577,237308.52942915258,9701000.0,-0.025715865941982892,0.1518196977750573,223600.489355977
9701000.0,-2.256233410277427e-05,0.022000821448602503,4695.634636953307,9701000.0,-2.0875956060310563e-05,0.020765683553099594,4183.203263859897
9701000.0,-0.0013985602675280794,0.22810096304894434,504743.50868474576,9701000.0,0.0013924420663456356,0.22998833878604708,513130.86361836357
9701000.0,-0.0021849094278768143,0.4397610391811144,1876074.174113622,9701000.0,-0.0037453785944415808,0.43245714691785647,1814273.1032111456
9701000.0,-0.00010467225233058414,0.08609724334240795,71910.94525358072,9701000.0,0.00027232445645887797,0.08569954348229251,71248.13841656451
