cur_n,cur_mean,cur_std,cur_S,next_n,next_mean,next_std,next_S
24101000.0,-0.023258942796923105,0.07334433289041534,129648.7065192426,24101000.0,-0.0232133401879319,0.06996728186442647,117984.5302295875
24101000.0,-0.023698920396509233,0.08105332243353904,158334.91960919485,24101000.0,-0.02366236592167179,0.07621432024328209,139993.6135271181
24101000.0,-0.0330593546967443,0.12183328329796873,357739.55230075005,24101000.0,-0.03297969901204788,0.11524608958967057,320101.3157547858
24101000.0,0.03222849931506605,0.1342738983191553,434528.4919325007,24101000.0,0.032447825705060676,0.1235804285708507,368073.42017302447
24101000.0,0.03225629270749719,0.14051838209689577,475884.2639575208,24101000.0,0.032480474522988315,0.12732591167523324,390722.7074804799
24101000.0,0.048830020351454624,0.20660752741727692,1028791.4429604735,24101000.0,0.04916926499559569,0.18733322075378936,845794.1216471082
