cur_n,cur_mean,cur_std,cur_S,next_n,next_mean,next_std,next_S
10101000.0,-0.0034812296783099717,0.08177646766054555,67549.33308732919,10101000.0,-0.008009028020244877,0.08582813414823662,74408.69944342514
10101000.0,-0.023126131269938278,0.15625014015449434,246606.8877191195,10101000.0,-0.0257368220890194,0.15166766526909062,232354.11803127502
10101000.0,-2.6939979585027546e-05,0.0220017864175075,4889.677994777898,10101000.0,-2.4776284955330627e-05,0.020764228752126718,4355.078429469194
10101000.0,-0.0014307308674910196,0.2274998455310557,522789.17131792416,10101000.0,0.0013602446697226346,0.22939239376868725,531523.4110914965
10101000.0,-0.0022058469144304728,0.4396354724707089,1952314.7007595429,10101000.0,-0.003766302148782313,0.43233211049819636,1887988.554108797
10101000.0,-8.080593357673508e-05,0.08615029089958275,74968.33535565765,10101000.0,0.00029619092581137894,0.0857526622154069,74277.89619707673
