cur_n,cur_mean,cur_std,cur_S,next_n,next_mean,next_std,next_S
8401000.0,-0.023623137115538595,0.07477377089608063,46970.972354578276,8401000.0,-0.02358157048165357,0.07118032294892997,42564.82898933243
8401000.0,-0.024862833399076082,0.08474682637795779,60336.1885061212,8401000.0,-0.02483108083413163,0.07938125051138512,52937.9180180435
8401000.0,-0.033926161941567716,0.12544824813653596,132208.74613137808,8401000.0,-0.03384705810013984,0.11827528826584247,117521.95708450669
8401000.0,0.03258069082986671,0.13867557342627818,161558.9141015645,8401000.0,0.03280128615101784,0.12787612736316747,137375.70547891807
8401000.0,0.03222522387099702,0.146741956990096,180900.42950872003,8401000.0,0.03246473373435104,0.13296985527263688,148537.9332367096
8401000.0,0.04860577251572118,0.2138144687218702,384065.38371948595,8401000.0,0.048952014552970116,0.19383012449763506,315626.5542844199
