cur_n,cur_mean,cur_std,cur_S,next_n,next_mean,next_std,next_S
5601000.0,-0.023875484745738536,0.07570236173729243,32098.477254154313,5601000.0,-0.02383989316262056,0.07203043409673106,29060.13562595185
5601000.0,-0.02551866020587624,0.08679934895731582,42198.645211697156,5601000.0,-0.025490912005912053,0.08124850360661728,36973.98961389953
5601000.0,-0.03453246977258785,0.12748998918931043,91036.95882089024,5601000.0,-0.034461815809256835,0.12009232131354991,80778.5497411092
5601000.0,0.032558443926621425,0.14009117135220725,109922.62876495838,5601000.0,0.03276996321003037,0.12922140645264968,93526.4607312506
5601000.0,0.032281159355050916,0.1496558046001111,125444.81202268768,5601000.0,0.03252002730767913,0.1356665075831597,103088.65256822438
5601000.0,0.04857443728710871,0.2171561093621085,264125.10144224623,5601000.0,0.04893416512558058,0.1968619145499156,217064.5896548466
