cur_n,cur_mean,cur_std,cur_S,next_n,next_mean,next_std,next_S
151000.0,-0.07549439314270655,0.15211277721108757,3493.8828456213646,151000.0,-0.0755182489955626,0.14608628226764128,3222.521481883925
151000.0,-0.08013488255790542,0.15813206284260034,3775.868144127271,151000.0,-0.08020879125063961,0.15058851943857524,3424.212230192025
151000.0,-0.10977028076354049,0.23376643852283274,8251.65891472705,151000.0,-0.10977286274318253,0.2243688949173915,7601.551551974172
151000.0,0.032728904757105916,0.18397072683428226,5110.6294781220495,151000.0,0.03277392492652551,0.16749497677123718,4236.239653783189
151000.0,0.028501713871596432,0.2112793275450212,6740.4820914293305,151000.0,0.028783469197793392,0.19244804054979256,5592.473495029645
151000.0,0.04302951675372408,0.2899974337287921,12698.875246962061,151000.0,0.04340121974983033,0.2632939177777961,10467.87675795591
