cur_n,cur_mean,cur_std,cur_S,next_n,next_mean,next_std,next_S
13351000.0,-0.02347841510738395,0.07409109870523127,73290.19310400744,13351000.0,-0.023435297260038523,0.07058085609861174,66510.10591288033
13351000.0,-0.024347708688815195,0.0830853869014412,92164.37642762162,13351000.0,-0.024315581564937558,0.07787998457422728,80977.71345571036
13351000.0,-0.033556534192539754,0.12408023163357514,205550.7127318084,13351000.0,-0.033478914339804766,0.11702705852490906,182846.38323277674
13351000.0,0.03244106036107795,0.13682771817245099,249955.0783691939,13351000.0,0.03266275148853789,0.12604886087627643,212124.89794689015
13351000.0,0.032178756710262185,0.1439901432655765,276808.4372858682,13351000.0,0.03241437204868149,0.13034150975006425,226818.9262475773
13351000.0,0.04858517755242993,0.21075858584201515,593040.4922882891,13351000.0,0.0489363468962665,0.19082850172023721,486183.56838542304
