cur_n,cur_mean,cur_std,cur_S,next_n,next_mean,next_std,next_S
24401000.0,-0.023249356884149495,0.07331687425804737,131164.25820772696,24401000.0,-0.02320440132986145,0.06994107473376465,119363.6877658378
24401000.0,-0.023689112781627414,0.08100785484222361,160126.01239833215,24401000.0,-0.02365231600086337,0.07617879732153213,141604.1067462251
24401000.0,-0.03304718881803856,0.12178747413977829,361920.24030812824,24401000.0,-0.032968303970340444,0.11520478053929661,323853.523743682
24401000.0,0.03220857171413702,0.13420174269722507,439464.63903626474,24401000.0,0.03242836101117091,0.1235036755091532,372192.3050460573
24401000.0,0.03226079329939329,0.14044672101115926,481316.592485431,24401000.0,0.03248498509888851,0.12726929812541452,395234.56906043494
24401000.0,0.04881793264162365,0.20651800436198176,1040694.9911521202,24401000.0,0.049157590521729216,0.1872436558740295,855503.6148144213
