cur_n,cur_mean,cur_std,cur_S,next_n,next_mean,next_std,next_S
2001000.0,-0.017720738284942972,0.0655575240045238,8599.875696161034,2001000.0,-0.017668919991348415,0.06184502020828495,7653.437855650911
2001000.0,-0.018946469179305994,0.08228902799320734,13549.739740261786,2001000.0,-0.01890502882339557,0.0758717531038106,11518.80236101023
2001000.0,-0.024922398352083715,0.10683007265639496,22836.741511965025,2001000.0,-0.024889571414010558,0.10044180524972685,20187.201039889937
2001000.0,0.03226247147069026,0.15043733154604638,45285.41283611287,2001000.0,0.032466931324615055,0.14111917497339263,39849.15771188718
2001000.0,0.032176793585857975,0.15865491937675738,50367.93826833322,2001000.0,0.0324363029192323,0.14444466525965052,41749.386905266954
2001000.0,0.0487890668535003,0.22438558270094155,100748.12833780619,2001000.0,0.04908387622823188,0.2083625097023109,86873.28583434064
