cur_n,cur_mean,cur_std,cur_S,next_n,next_mean,next_std,next_S
1101000.0,-0.007542346424086643,0.11765302292329177,15240.299417090471,1101000.0,-0.006941218569153698,0.1187980178352881,15538.378914794364
1101000.0,0.003198577510195485,0.11665491089034792,14982.81342655335,1101000.0,0.0037862807078481754,0.11639194987771721,14915.341681967077
1101000.0,0.00392147242994103,0.047160863234293735,2448.785870125138,1101000.0,0.004181207276199074,0.04564440711700705,2293.8365030704554
1101000.0,0.004195800589404539,0.19230932428151964,40718.14670238177,1101000.0,0.004211895329400727,0.18849887184378084,39120.5389797023
1101000.0,0.0008107052499554749,0.21870737100549575,52664.03845948126,1101000.0,0.0008605766871069874,0.21510494405738412,50943.42079068132
1101000.0,0.00047232556810333087,0.06521266261155183,4682.213192741788,1101000.0,0.0004775103575163621,0.06200578277115311,4233.033523866834
