cur_n,cur_mean,cur_std,cur_S,next_n,next_mean,next_std,next_S
951000.0,-0.008830073272367655,0.10915991112791897,11332.007773779862,951000.0,-0.013343871039303842,0.11323079237345424,12192.972936785807
951000.0,-0.01419464886605969,0.18185625193860688,31451.183247069308,951000.0,-0.016810385332219287,0.17740276008391365,29929.624060406488
951000.0,8.461952512066513e-05,0.023656507506561602,532.2084603850132,951000.0,9.3158261226312e-05,0.022493247887315788,481.1548366947447
951000.0,-0.0007338330754803752,0.2978784648426924,84383.73240600424,951000.0,0.0020631700333264055,0.29985794954246553,85508.96519852502
951000.0,-0.0024592865077082996,0.46467535647254643,205342.95075415657,951000.0,-0.004017526923794486,0.45748468292505495,199036.9155905972
951000.0,0.0002379821057087392,0.087162591473279,7225.04880207318,951000.0,0.000615001543470314,0.08676882144870957,7159.915785193736
