cur_n,cur_mean,cur_std,cur_S,next_n,next_mean,next_std,next_S
10651000.0,-0.023422595718552274,0.07415921262990582,58576.12049932065,10651000.0,-0.023378671827143392,0.0706071041636933,53099.102999933464
10651000.0,-0.024531964254761965,0.08382447181386254,74839.69963947272,10651000.0,-0.02449687971223697,0.07855032406653209,65718.30398010525
10651000.0,-0.03368993525051496,0.12472279635516384,165684.56943737093,10651000.0,-0.03360921842235811,0.11760117571933146,147303.71908709122
10651000.0,0.03245754979405199,0.13774681197106992,202094.03600146674,10651000.0,0.0326773631711443,0.12698871342470844,171759.4461751853
10651000.0,0.03229326947430468,0.14559959505794734,225793.1274051383,10651000.0,0.03252584669077512,0.13193658744882594,185404.75935949173
10651000.0,0.048700807758197864,0.21271301769162354,481923.963914725,10651000.0,0.049041907356211646,0.1927466196308111,395698.0636468428
