cur_n,cur_mean,cur_std,cur_S,next_n,next_mean,next_std,next_S
5801000.0,-0.003893291266660046,0.08424232391564238,41168.35777364517,5801000.0,-0.008420531143761418,0.08827201252540529,45201.09148085007
5801000.0,-0.02239688080208689,0.1583865575176593,145525.6355949121,5801000.0,-0.025007400333577165,0.1538114423250436,137239.82474242934
5801000.0,-1.532054082500395e-05,0.0222752728505423,2878.3853150639857,5801000.0,-1.2778527397963504e-05,0.021051677309236506,2570.847254804426
5801000.0,-0.0014030512731956209,0.23351780974396705,316331.82187966123,5801000.0,0.0013884442995313055,0.23541437623554706,321491.00545109424
5801000.0,-0.00219734549682406,0.4414430743113291,1130452.4015609957,5801000.0,-0.003757694793221952,0.43414300970604675,1093373.3668372994
5801000.0,-6.18889153169433e-05,0.08618488700969375,43088.8693782162,5801000.0,0.00031511009195391926,0.0857873995372774,42692.331410256455
