cur_n,cur_mean,cur_std,cur_S,next_n,next_mean,next_std,next_S
15101000.0,-0.023477038882999162,0.07391804339974757,82510.00869184923,15101000.0,-0.02343244922586879,0.07042854158818354,74903.67018007155
15101000.0,-0.024271875859133454,0.08279889318577939,103527.27201984337,15101000.0,-0.024238833695610505,0.0776531448861483,91059.19476261872
15101000.0,-0.033441215996170844,0.12359219699424008,230668.24551488986,15101000.0,-0.033367090637844724,0.1166169048718502,205366.08728104326
15101000.0,0.03237216265025621,0.13611924389267702,279798.1016730607,15101000.0,0.032593237257614135,0.1253335577978496,237214.06922574056
15101000.0,0.03222518284233179,0.1432888849523772,310049.2704230743,15101000.0,0.03245845411571224,0.12971525854140623,254090.1553551027
15101000.0,0.04859857408141036,0.20969309943875203,664009.0300746305,15101000.0,0.048949744278063693,0.18987167774709135,544409.9868124896
