cur_n,cur_mean,cur_std,cur_S,next_n,next_mean,next_std,next_S
4301000.0,-0.024187329535081698,0.07674810955285583,25334.061248049722,4301000.0,-0.024150892524312895,0.07299561255286678,22917.27400291541
4301000.0,-0.026037664387209038,0.08818743505666174,33448.978941755486,4301000.0,-0.026010994220030274,0.0825015156790376,29274.756884244835
4301000.0,-0.035001823613442416,0.12915760622465663,71747.93684368457,4301000.0,-0.03492315358683887,0.1216549721996521,63654.50865412283
4301000.0,0.03259552240103588,0.1419279461874761,86637.37375058795,4301000.0,0.03280765152322067,0.13100479893113487,73814.8688321874
4301000.0,0.03218106936961238,0.151783675222982,99087.65976010563,4301000.0,0.03241965874441609,0.13768658584551813,81536.62005964128
4301000.0,0.04880270425430141,0.22061079120664354,209325.89026752824,4301000.0,0.04915943047275859,0.20015497870964344,172306.72867521088
