cur_n,cur_mean,cur_std,cur_S,next_n,next_mean,next_std,next_S
5501000.0,-0.0039529037736771725,0.08466762994454718,39434.510189907734,5501000.0,-0.008480306583495634,0.08869241590364463,43272.76185817674
5501000.0,-0.022348760956000673,0.15867133711875486,138496.4393200176,5501000.0,-0.024958788538626698,0.15409189427931752,130617.4596661186
5501000.0,-1.163774498079421e-05,0.02232374224410914,2741.420422265607,5501000.0,-9.263335329513588e-06,0.021101011140690906,2449.3349440487486
5501000.0,-0.0014112373589001688,0.2343953329874515,302231.3878667667,5501000.0,0.0013803232405493217,0.2362949148739727,307149.9126609343
5501000.0,-0.002172756283100031,0.4416844583170351,1073163.4691141888,5501000.0,-0.003733081053176004,0.43438295615822436,1037975.7278567691
5501000.0,-7.026892478561056e-05,0.08625211167371158,40924.286651727445,5501000.0,0.0003067298729743702,0.0858550152836909,40548.33115514475
