cur_n,cur_mean,cur_std,cur_S,next_n,next_mean,next_std,next_S
301000.0,-0.029224053928551746,0.21699767917923515,14173.485823521454,301000.0,-0.028533991989825046,0.21910729583620958,14450.410133685536
301000.0,-0.03144214543254174,0.23142644517967104,16121.018058078284,301000.0,-0.03074754782655325,0.2327349893287837,16303.838152618588
301000.0,-0.006590900919422502,0.110599112317253,3681.8812572546676,301000.0,-0.0062743467731816915,0.11239185871067871,3802.210901236791
301000.0,0.012851057319865933,0.2325164105833804,16273.228238364318,301000.0,0.012837074318511965,0.22943399732424807,15844.627697583104
301000.0,0.009520731735040202,0.2565352818775773,19808.915605250415,301000.0,0.009524794766742355,0.25353094833857115,19347.660471402025
301000.0,0.00403018779122037,0.08276039526644899,2061.6341904223204,301000.0,0.004020183339708407,0.08160673239062596,2004.5572902140475
