cur_n,cur_mean,cur_std,cur_S,next_n,next_mean,next_std,next_S
5651000.0,-0.023883732236484916,0.07572382635572913,32403.38710831024,5651000.0,-0.02384712997611537,0.07205795950282343,29341.96718109227
5651000.0,-0.025505145424301788,0.08679191474987864,42568.05886908459,5651000.0,-0.025477838457772496,0.08124473949013453,37300.599183426835
5651000.0,-0.03450557682135686,0.12737996137439203,91691.1739170998,5651000.0,-0.03443382789225985,0.11998621745939879,81355.70864059008
5651000.0,0.032579918188185016,0.14011343214325853,110939.15412221079,5651000.0,0.03279156683205214,0.1292524380605186,94406.69519966788
5651000.0,0.0322750744897116,0.1496351760775167,126529.766132504,5651000.0,0.03251382710390415,0.135643210836815,103973.20473122776
5651000.0,0.048549151666503795,0.21695621570389087,265992.56735845824,5651000.0,0.048907834783601126,0.19667143761961162,218578.72687518643
