cur_n,cur_mean,cur_std,cur_S,next_n,next_mean,next_std,next_S
701000.0,-0.03237019682745947,0.09745053907592356,6657.121903897862,701000.0,-0.03234560892352748,0.0930281377832982,6066.618328019248
701000.0,-0.03763752638525381,0.11150024642567402,8715.04577204321,701000.0,-0.03765080678780804,0.10501507730570739,7730.744689528114
701000.0,-0.04966038787232257,0.1595142651304311,17836.805346851128,701000.0,-0.04956561623344111,0.15122814311422197,16031.835840112697
701000.0,0.032691695793758656,0.155002431791421,16842.05345673914,701000.0,0.03289786282787645,0.14276911857471614,14288.497874239552
701000.0,0.03179271248544759,0.17490152595028935,21443.97118959756,701000.0,0.032014330787689296,0.15927544371461252,17783.435546311175
701000.0,0.047403920140245255,0.2441251370430816,41777.55485794867,701000.0,0.04777619088592939,0.221842775005138,34499.165992208174
