cur_n,cur_mean,cur_std,cur_S,next_n,next_mean,next_std,next_S
951000.0,-0.018583165209977943,0.06758512982104009,4343.930034053427,951000.0,-0.018504188572118767,0.06382337685602471,3873.825685074149
951000.0,-0.020368644803152598,0.08481959538331563,6841.839936700899,951000.0,-0.020320286513307653,0.07820942913510266,5816.995780162352
951000.0,-0.025857080006579863,0.10898211432916452,11295.123282715987,951000.0,-0.02579452912922577,0.10244596779357323,9980.912677620914
951000.0,0.03307014144197975,0.1516921158103318,21882.98359706337,951000.0,0.03324756966763751,0.1421234127858188,19209.310303255723
951000.0,0.03270792085957941,0.16135570839070953,24759.917063384575,951000.0,0.0329537636845398,0.14657217548642298,20430.715898108458
951000.0,0.04901034083093713,0.2236385749429967,47563.515804610164,951000.0,0.04929698250634802,0.20733352530958163,40880.818372151276
