cur_n,cur_mean,cur_std,cur_S,next_n,next_mean,next_std,next_S
751000.0,-0.013888951545888113,0.166674317415273,20863.02639247123,751000.0,-0.013239633291591234,0.16822380263710326,21252.735078038993
751000.0,-0.010705007460754638,0.16906770515289352,21466.500583174966,751000.0,-0.01010305531919439,0.16998351439074236,21699.690768635413
751000.0,-0.00033955555372926135,0.07875889783931053,4658.425955636078,751000.0,-6.633539476948561e-05,0.07937360401332898,4731.426929562631
751000.0,0.00800918301154355,0.22178782812617773,36941.57036940014,751000.0,0.008029654520732683,0.2184711072007052,35844.948135808016
751000.0,0.0022365565631346338,0.26995492179553987,54729.62051102868,751000.0,0.002303622544929393,0.2671655642910448,53604.45649595725
751000.0,0.0015315048044206316,0.07213809975686843,3908.132982835458,751000.0,0.0015159164035135886,0.06997765309188923,3677.5508211188453
