cur_n,cur_mean,cur_std,cur_S,next_n,next_mean,next_std,next_S
1251000.0,-0.02696367363748862,0.08623799344353247,9303.676382971604,1251000.0,-0.02693728393146901,0.08215820689146057,8444.213670484669
1251000.0,-0.03141929566726635,0.09863269159912648,12170.238222962584,1251000.0,-0.03141522159720887,0.09254836699010657,10715.065490901845
1251000.0,-0.042761142707293094,0.14754449230934027,27233.49089073704,1251000.0,-0.04269421389447868,0.13913212191463714,24216.54193293529
1251000.0,0.03240832449183828,0.14959707100587236,27996.483850573553,1251000.0,0.0326036893451976,0.13831714616929813,23933.672788448144
1251000.0,0.031613332307634835,0.1632199250042893,33327.57064192568,1251000.0,0.03182291263554883,0.14861971791981937,27631.86351376292
1251000.0,0.0485385083119786,0.23948628134545658,71749.45236979665,1251000.0,0.048924169212212,0.21755985465997732,59212.695239947745
