cur_n,cur_mean,cur_std,cur_S,next_n,next_mean,next_std,next_S
3151000.0,-0.016001831401796056,0.11770157199188482,43652.882815536024,3151000.0,-0.015379422752152701,0.11907138520972399,44674.86153842757
3151000.0,0.003329883838818247,0.11728044339740795,43341.06727340521,3151000.0,0.003905767030508775,0.11702911241794481,43155.50724614901
3151000.0,0.004928327850179398,0.04865403957295589,7459.096250882053,3151000.0,0.005192681799403579,0.04713635143485871,7001.004059386687
3151000.0,0.004812856619788154,0.18324940762424657,105811.66833850207,3151000.0,0.00481143376107073,0.1792156781610044,101204.63505023114
3151000.0,0.0020702255955799683,0.2058055974481884,133463.57935810921,3151000.0,0.0021002785357549457,0.20200806829411347,128583.67517580141
3151000.0,6.304779575457463e-05,0.06567965669961733,13592.83832546988,3151000.0,7.32568169796538e-05,0.062397115011795914,12268.10327961695
