cur_n,cur_mean,cur_std,cur_S,next_n,next_mean,next_std,next_S
901000.0,-0.009097525473399051,0.11065935454446373,11033.18896612579,901000.0,-0.013611138780970776,0.11473606610716253,11861.0927440382
901000.0,-0.013737585790204192,0.18298064850887646,30167.207873584823,901000.0,-0.016354511772520855,0.17854006292570174,28720.775216631693
901000.0,9.293366001208443e-05,0.023691537317716484,505.72133536955425,901000.0,0.00010162771263226163,0.02252877875027698,457.29883065301726
901000.0,-0.0007247764132172213,0.30207250976277034,82214.26884009546,901000.0,0.002072538183775828,0.30405935089050495,83299.33206642367
901000.0,-0.002518794892179871,0.46595057817189933,195616.05711015328,901000.0,-0.0040769665644971075,0.45876979903226456,189633.22538219806
901000.0,0.0002457484263596423,0.0872260063184878,6855.14693662386,901000.0,0.0006227691307763138,0.08683255115775126,6793.442638447706
