cur_n,cur_mean,cur_std,cur_S,next_n,next_mean,next_std,next_S
16901000.0,-0.02349711474388944,0.07389432809189406,92285.7425099011,16901000.0,-0.023452862179240645,0.07043278691697964,83842.10006935884
16901000.0,-0.024090821653858487,0.08227683120909758,114410.92999634844,16901000.0,-0.024058390087205672,0.07720479758646262,100739.77559996702
16901000.0,-0.0333626552872197,0.12309857825498957,256105.24672592484,16901000.0,-0.03328385212899055,0.11623128844864565,228327.64951631974
16901000.0,0.03241225452235216,0.13571353521328544,311285.38368112163,16901000.0,0.03263272571650739,0.12495378700887096,263882.8996536929
16901000.0,0.032139343010664095,0.14228797289837775,342175.4020800797,16901000.0,0.03237067562195141,0.12880907822731455,280417.65068935417
16901000.0,0.048699120222384595,0.2087375497071742,736399.6340807176,16901000.0,0.04904474362410082,0.18905929032374058,604099.4612706654
