cur_n,cur_mean,cur_std,cur_S,next_n,next_mean,next_std,next_S
5801000.0,-0.023870888651393644,0.07567402718695955,33219.765224408315,5801000.0,-0.02383537394606624,0.07201132055916934,30081.841304606252
5801000.0,-0.02547990717803724,0.08669616728148886,43601.623668960725,5801000.0,-0.02545347063639072,0.08116769555548226,38218.11804516902
5801000.0,-0.03449108409093008,0.12732263213761177,94040.31644846221,5801000.0,-0.03442050500520609,0.11994319051728172,83455.32628744812
5801000.0,0.032573513297588064,0.13999149582855802,113685.78726394394,5801000.0,0.03278795361810568,0.12911842115760155,96711.75832362648
5801000.0,0.03228733914674267,0.14941060848076998,129498.7971041714,5801000.0,0.032525164625399526,0.13545019980566092,106429.53519550952
5801000.0,0.04855182097635833,0.2167345187974063,272495.31335402926,5801000.0,0.04890887717046779,0.19646228275316538,223903.68298713586
