cur_n,cur_mean,cur_std,cur_S,next_n,next_mean,next_std,next_S
2501000.0,-0.005353652946551455,0.09178197742027415,21068.25237931846,2501000.0,-0.009877353983096575,0.09579168514180626,22949.293402709674
2501000.0,-0.019982195093213095,0.16494156102369587,68041.5021008869,2501000.0,-0.022593160147101225,0.16039189427224598,64339.62493034657
2501000.0,6.923273680243751e-06,0.02302390473910036,1325.780573777355,2501000.0,1.3196377889448219e-05,0.021840277580903407,1192.971309752091
2501000.0,-0.0012268470006221285,0.2514464455015624,158126.51270338087,2501000.0,0.0015661433367122985,0.25336850433341934,160553.19306937297
2501000.0,-0.0022198731052894033,0.44742072160648483,500663.44060929184,2501000.0,-0.003779780757713452,0.4401378277035429,484496.98974635964
2501000.0,0.0001246747849389556,0.08620602608216946,18586.12881113208,2501000.0,0.0005016775573377386,0.08580773924311766,18414.7832531512
