cur_n,cur_mean,cur_std,cur_S,next_n,next_mean,next_std,next_S
1351000.0,-0.00957568473579914,0.11796551831860788,18800.331604952225,1351000.0,-0.008968487923422964,0.11918087822937763,19189.714424695274
1351000.0,0.002631413114613083,0.11607896348595148,18203.814107127328,1351000.0,0.0032126158169416843,0.11580250109973216,18117.206221548135
1351000.0,0.004047557189698599,0.04752641316022412,3051.5846895809145,1351000.0,0.0043095669075605076,0.04600009107125122,2858.727319439162
1351000.0,0.0042858109531018745,0.189829390718041,48683.55193109699,1351000.0,0.004304091662845664,0.1859826448059646,46730.474172348164
1351000.0,0.0010939124221739872,0.21550762906982304,62745.220091037496,1351000.0,0.001142581103338553,0.21184882598372634,60632.778770492965
1351000.0,0.0002823584545142632,0.06550373725220038,5796.789191501165,1351000.0,0.0002880171372175465,0.062294521402378504,5242.700593011133
