cur_n,cur_mean,cur_std,cur_S,next_n,next_mean,next_std,next_S
7251000.0,-0.017800650652439604,0.06515166620927476,30778.60691098432,7251000.0,-0.0177562444465701,0.06148840286350762,27414.75255229804
7251000.0,-0.01878444421052562,0.0802421065932192,46687.70740692278,7251000.0,-0.018744240213441017,0.07411648846456854,39831.5837556716
7251000.0,-0.023844317105294853,0.10386279086655711,78220.0125971054,7251000.0,-0.023780615144606988,0.09789694286773437,69492.2166270741
7251000.0,0.03250843773939991,0.1509493323950655,165219.11759219127,7251000.0,0.03272857620877109,0.14172789257460813,145649.35441442122
7251000.0,0.03228875827513588,0.15675711809759102,178177.32983247444,7251000.0,0.032519364663510325,0.143167850163769,148623.98860705728
7251000.0,0.04889558440978258,0.22341296516686615,361921.72263672686,7251000.0,0.049234452713297364,0.2081747555534185,314234.6208893599
