cur_n,cur_mean,cur_std,cur_S,next_n,next_mean,next_std,next_S
3551000.0,-0.017586638418097426,0.06529207477122592,15138.108404184248,3551000.0,-0.017542879671854163,0.061587615368805464,13469.065036563345
3551000.0,-0.018349502681536633,0.08018526416790192,22831.781569940245,3551000.0,-0.01830106967973823,0.07397251044434346,19430.83160240812
3551000.0,-0.024591630360845988,0.10608122314483083,39960.20518476095,3551000.0,-0.024552441442948436,0.09984396146670706,35399.26789348812
3551000.0,0.03248322915409913,0.15153058490637036,81536.3509934989,3551000.0,0.032689119060057836,0.1422747296515379,71879.692474532
3551000.0,0.03186450588154814,0.1563966087376296,86857.10214666539,3551000.0,0.03209806436417331,0.14262488832808068,72233.94049439167
3551000.0,0.049385482939285776,0.22628306125675277,181825.48855544374,3551000.0,0.04972654380434586,0.2106131541689645,157514.90541765903
