cur_n,cur_mean,cur_std,cur_S,next_n,next_mean,next_std,next_S
4151000.0,-0.014685434903953704,0.11669337959846778,56525.5984396073,4151000.0,-0.014052097531417018,0.11789089215462138,57691.68744245517
4151000.0,0.0038322077479387333,0.11805584350498323,57853.243252729,4151000.0,0.004402386032449511,0.11782242631938132,57624.69732085585
4151000.0,0.005087107105885532,0.04931410827395958,10094.739171926461,4151000.0,0.005356722817700721,0.047830308405167596,9496.402107255934
4151000.0,0.0048464418912000165,0.1828362435000155,138764.1606313046,4151000.0,0.0048569768286998915,0.17871542865888546,132579.6376334668
4151000.0,0.0023668099182351473,0.20388032896792757,172545.3996298321,4151000.0,0.0023815637548291837,0.2000473841560669,166118.68597280045
4151000.0,0.00013537715164963851,0.06545509418814187,17784.417193346046,4151000.0,0.0001502305362157212,0.06216638671067898,16042.20215178265
