cur_n,cur_mean,cur_std,cur_S,next_n,next_mean,next_std,next_S
3551000.0,-0.015532179089289812,0.11755601122942902,49072.7454211926,3551000.0,-0.014909135337616083,0.11886224470323505,50169.35614963152
3551000.0,0.003464902610126215,0.1174432935966007,48978.68452561242,3551000.0,0.004038705141357299,0.11720000758585924,48775.97415412352
3551000.0,0.005003623789240285,0.04881710085864759,8462.421253000213,3551000.0,0.005267641590369626,0.047310228233455966,7948.053076726515
3551000.0,0.00488287854382784,0.18284169506052114,118713.78444219893,3551000.0,0.004879289239705854,0.17877901482289696,113496.83523685296
3551000.0,0.0021801948268362725,0.2049841423986609,149207.68865258133,3551000.0,0.00220464795164398,0.20116703049536966,143702.48643621203
3551000.0,4.090450624398614e-05,0.06545562320331995,15214.041500328178,3551000.0,5.260288953467439e-05,0.06218064102344844,13729.700451326791
