cur_n,cur_mean,cur_std,cur_S,next_n,next_mean,next_std,next_S
13901000.0,-0.023497308314913822,0.0740636686357233,76252.9208907847,13901000.0,-0.023454161044359753,0.07055909596369728,69207.32430870118
13901000.0,-0.024322986351935753,0.08298074527824877,95719.56261246405,13901000.0,-0.024288992971274924,0.07779350969406426,84126.49092238506
13901000.0,-0.033508588878779194,0.12392104367546183,213469.6648371241,13901000.0,-0.033432751061746875,0.1168931463029507,189943.37037883478
13901000.0,0.03244704060388869,0.13663574272489007,259522.3033669446,13901000.0,0.03266785860689572,0.12586290050509882,220212.27062715756
13901000.0,0.032175665740679586,0.14373404585618604,287187.375016754,13901000.0,0.03241081214686616,0.13010870450767828,235319.95061745084
13901000.0,0.04856289243784608,0.21038764820852263,615299.4419726303,13901000.0,0.048919420535855365,0.19051046025461835,504526.16721879505
