cur_n,cur_mean,cur_std,cur_S,next_n,next_mean,next_std,next_S
27801000.0,-0.023408441881652243,0.07349714280724103,150176.27585301868,27801000.0,-0.023364049024154353,0.07013229366845611,136740.29204113543
27801000.0,-0.023708645242739548,0.08062955684641934,180737.78828098637,27801000.0,-0.02367182763862957,0.07588747032960917,160103.40556231228
27801000.0,-0.03308744318256689,0.12165812385128558,411474.2356517088,27801000.0,-0.033004738612567495,0.1151599338240051,368691.5897724671
27801000.0,0.03222267315793131,0.13374757864519557,497315.81967278046,27801000.0,0.03244117337168296,0.12300154447841924,420611.8918252721
27801000.0,0.03224508306490694,0.13948413216571928,540891.3387265889,27801000.0,0.03246954587507781,0.12638815073862833,444092.19115486776
27801000.0,0.048814588084686285,0.20554034317157316,1174504.195088919,27801000.0,0.04915480539774636,0.1862780187043249,964680.8065172175
