cur_n,cur_mean,cur_std,cur_S,next_n,next_mean,next_std,next_S
19701000.0,-0.023336030334359124,0.07359017630814897,106691.04228061876,19701000.0,-0.023292226263332355,0.07016443650235604,96988.97159710478
19701000.0,-0.023878825346214768,0.0818082603165264,131850.74427498202,19701000.0,-0.02384559870224702,0.0768266302128379,116281.82519535454
19701000.0,-0.03312261050548921,0.12231658006573136,294753.47279759543,19701000.0,-0.0330421087131355,0.11559796609426114,263262.2912628251
19701000.0,0.03237705587313178,0.13527421886925292,360510.85064081557,19701000.0,0.032596001444436896,0.12456039965705919,305666.79059887107
19701000.0,0.03226784048582049,0.14183965941943938,396354.35147816857,19701000.0,0.03249606782348789,0.12848049902632352,325209.10825067654
19701000.0,0.04879233097792856,0.20792811574957282,851755.0300889239,19701000.0,0.04913098471602814,0.18848800100180216,699931.7402031325
