cur_n,cur_mean,cur_std,cur_S,next_n,next_mean,next_std,next_S
28401000.0,-0.023427182206339835,0.07350057414230574,153431.699273059,28401000.0,-0.023383118951855623,0.07013625232404935,139707.18557167126
28401000.0,-0.023733748848185656,0.08062100334874488,184599.2912853976,28401000.0,-0.02369698770965829,0.0758957354060795,163594.3795030143
28401000.0,-0.03310869100395986,0.1216518321345248,420311.1778001611,28401000.0,-0.03302488124707759,0.11516749978731455,376698.16895922244
28401000.0,0.03220567785679886,0.13363237529422461,507174.03065217915,28401000.0,0.03242443981714504,0.12287652908807219,428816.51442218525
28401000.0,0.03225885398237528,0.13939446202064062,551854.6064095185,28401000.0,0.032483688031661045,0.1263163643780954,453161.3548593832
28401000.0,0.048830300184456214,0.2054203553386536,1198451.833326215,28401000.0,0.04917331418052852,0.18615943237921997,984246.1484248594
