cur_n,cur_mean,cur_std,cur_S,next_n,next_mean,next_std,next_S
3251000.0,-0.022546456891862254,0.1330032647974789,57509.76232050874,3251000.0,-0.02189116942552915,0.13438625796318102,58711.9752367059
3251000.0,-0.0031018623918271384,0.1076965562024272,37706.880256271186,3251000.0,-0.002603376284498007,0.10814905991877927,38024.40849343737
3251000.0,0.0028134526016687367,0.05485376021835264,9782.047717810805,3251000.0,0.003052530200934845,0.05431178702393775,9589.702951843845
3251000.0,0.0067676547515962285,0.19381183778066854,122117.40553620449,3251000.0,0.006815834789571495,0.1898965204820823,117233.29828489738
3251000.0,-0.00047522582246760744,0.23214838583381595,175205.73027009564,3251000.0,-0.0004385542001438793,0.2290794079033213,170603.9465324682
3251000.0,0.0001351381537913865,0.06586911748314338,14105.245814164477,3251000.0,0.00014340440097706936,0.06305153770071177,12924.338817285325
