cur_n,cur_mean,cur_std,cur_S,next_n,next_mean,next_std,next_S
7301000.0,-0.023800491641279783,0.07527097512050236,41365.419497511975,7301000.0,-0.023762076137954054,0.07166487421632593,37496.87148822172
7301000.0,-0.02513730463758928,0.08550721942807957,53381.14887712308,7301000.0,-0.02510419187128073,0.08008881163775759,46830.20378945153
7301000.0,-0.03425695910124253,0.12637315978399047,116598.2514261807,7301000.0,-0.0341849511945566,0.1191533230178576,103656.05253363095
7301000.0,0.032634876298268965,0.1391403003677963,141347.52928420258,7301000.0,0.032851904364802655,0.1283263635283117,120230.35336329935
7301000.0,0.03227036425746003,0.1476124944212175,159084.76356606316,7301000.0,0.03250788703484472,0.13374771354553536,130603.57986508629
7301000.0,0.048631997396118246,0.21476501371537102,336751.40515910974,7301000.0,0.048988009651806316,0.1947126055061795,276802.80382268014
