cur_n,cur_mean,cur_std,cur_S,next_n,next_mean,next_std,next_S
3751000.0,-0.02446391006265601,0.07753419674830646,22549.330296934513,3751000.0,-0.02442997187016876,0.07373857870584771,20395.60483883393
3751000.0,-0.02652701184764482,0.08957765778618042,30098.61206099214,3751000.0,-0.026503268345107276,0.08379866562983428,26340.333571389227
3751000.0,-0.035381499339991136,0.130042763748312,63433.61263277563,3751000.0,-0.03530580513997808,0.12252829929648518,56314.45366596243
3751000.0,0.03258422782630859,0.1427364837316762,76421.76290909956,3751000.0,0.03279624829588954,0.1317718321521005,65131.67287345378
3751000.0,0.03225267446357436,0.15353775615895077,88425.48346628666,3751000.0,0.032488388097658846,0.1392879615458937,72773.66200477046
3751000.0,0.048914426281565976,0.2218260127267735,184574.6314883923,3751000.0,0.049255539377230734,0.20139735452949253,152143.91493745436
