cur_n,cur_mean,cur_std,cur_S,next_n,next_mean,next_std,next_S
14951000.0,-0.023477672671416653,0.07392289661668222,81701.1545254445,14951000.0,-0.02343348497394612,0.07042893487556098,74160.47150707255
14951000.0,-0.02427381881889308,0.08282076152714249,102553.07345058022,14951000.0,-0.024240764684638143,0.07766751624633986,90188.06628721808
14951000.0,-0.03343609069644158,0.12361026082423957,228443.75338307722,14951000.0,-0.03336227240119804,0.11662751838629559,203363.17374998343
14951000.0,0.03237839824655975,0.13617169584619634,277232.3674377033,14951000.0,0.032599794645870483,0.12538030259656976,235033.0133944298
14951000.0,0.03221361300098356,0.14335077409882985,307234.7437437042,14951000.0,0.032447979236469075,0.12976645971439113,251764.88363282688
14951000.0,0.048579790311985116,0.20976005039059606,657833.2164397275,14951000.0,0.048931970051079764,0.18992898032527533,539327.6856501797
