cur_n,cur_mean,cur_std,cur_S,next_n,next_mean,next_std,next_S
851000.0,-0.0019378025423593553,0.10701089350089145,9745.082960008122,851000.0,-0.0014046015668370505,0.10782106059792526,9893.199323300712
851000.0,0.0014940776997185486,0.1055525038717213,9481.27274362487,851000.0,0.0020221377540503597,0.105510239469673,9473.681448638528
851000.0,0.004339647328139179,0.04973723146200475,2105.197156672785,851000.0,0.0046403829564274,0.048175221517923986,1975.0450250241902
851000.0,0.0028528141656396482,0.1964390005194838,32838.62706725478,851000.0,0.0028935486965080445,0.19268589789218155,31595.804814785293
851000.0,-0.0010882794559472283,0.22160084105094138,41789.99977406639,851000.0,-0.0010374520821307166,0.2183027174863231,40555.3210690883
851000.0,0.0008470633681356085,0.067659028677208,3895.660281473309,851000.0,0.0008864092019378533,0.06418989498106623,3506.4115676459446
