cur_n,cur_mean,cur_std,cur_S,next_n,next_mean,next_std,next_S
4451000.0,-0.00426125980222794,0.08615253212266637,33036.47387939556,4451000.0,-0.008786847400592311,0.09018104393113367,36198.294666749825
4451000.0,-0.02196353824442664,0.1601825451825331,114205.7510739176,4451000.0,-0.024571910996132967,0.15559818482673635,107762.24908524104
4451000.0,-3.068427791226371e-05,0.02250222664692623,2253.764758313954,4451000.0,-2.440812370487299e-05,0.021281982162558208,2015.9592259799008
4451000.0,-0.0013206103282417227,0.23806422283481213,252258.5297372407,4451000.0,0.001471264002389138,0.23996347036859345,256299.5611125691
4451000.0,-0.002090051510228418,0.4430844291844706,873837.2844778759,4451000.0,-0.0036503213363083356,0.4357847927567137,845282.2242967511
4451000.0,0.0001248235661932745,0.08635288539570243,33190.309452742935,4451000.0,0.0005018226935146251,0.08595497363490141,32885.13409945844
