cur_n,cur_mean,cur_std,cur_S,next_n,next_mean,next_std,next_S
5901000.0,-0.0038757485017759147,0.08411859967187826,41755.11492228129,5901000.0,-0.008402706012828873,0.08814935973835514,45852.59708108576
5901000.0,-0.02245971576661141,0.15834057602658463,147948.32603495714,5901000.0,-0.02506980257433076,0.15376205442718285,139515.98212122254
5901000.0,-1.5845702684485385e-05,0.022257204053716357,2923.255863636019,5901000.0,-1.3307716978325788e-05,0.021033604641707355,2610.6763054437774
5901000.0,-0.0013889268588320115,0.23326220310776166,321080.81810765,5901000.0,0.0014025560882113283,0.23515601918810022,326315.5831796859
5901000.0,-0.002175710328315402,0.4413891852022791,1149658.8600126514,5901000.0,-0.003736058945479701,0.43408790665611696,1111939.0654707344
5901000.0,-6.20903418735996e-05,0.08615462218306015,43800.87426760796,5901000.0,0.0003149087496925564,0.08575699166321625,43397.49781445628
