cur_n,cur_mean,cur_std,cur_S,next_n,next_mean,next_std,next_S
27001000.0,-0.02335782401939566,0.07345439574320921,145685.19840625377,27001000.0,-0.02331410252753689,0.07008470131144255,132625.2765290391
27001000.0,-0.023688216519965357,0.08071207104087968,175896.35155452794,27001000.0,-0.02365203577896889,0.0759520833937647,155761.18095901332
27001000.0,-0.0329885408824032,0.12149849316948404,398585.62563013175,27001000.0,-0.03290657089693851,0.11498020208978198,356965.28600726445
27001000.0,0.03222942479769798,0.1339157521356555,484220.50752024486,27001000.0,0.03244860319144484,0.12318658808389725,409738.4329967817
27001000.0,0.03226903762703641,0.13975836411437037,527394.341578313,27001000.0,0.03249344332619902,0.12665488730492155,433135.47437248257
27001000.0,0.048701940547478575,0.20555069613924937,1140821.6455385939,27001000.0,0.04904284786485861,0.1863079633182812,937222.4549439583
