cur_n,cur_mean,cur_std,cur_S,next_n,next_mean,next_std,next_S
3051000.0,-0.0048940289001812975,0.0897513504950505,24576.73529775616,3051000.0,-0.00941796604638334,0.09376010334706161,26821.209744917254
3051000.0,-0.020625646528877304,0.16283461273257457,80897.60397759476,3051000.0,-0.023237542553169736,0.15828784688196748,76442.93457758453
3051000.0,-1.59722834837702e-05,0.02281311248256357,1587.8566465845402,3051000.0,-8.760481235598592e-06,0.02161521369100261,1425.480479331413
3051000.0,-0.001238436247558435,0.24672447956989071,185723.42786687094,3051000.0,0.0015541283166809626,0.24862964716071065,188602.75611558865
3051000.0,-0.0022662958462936274,0.44556109820580886,605698.836007052,3051000.0,-0.0038264454802686867,0.4382771378635547,586056.9780498754
3051000.0,0.00017160924352860711,0.0861783187689113,22658.869711425912,3051000.0,0.0005486104075085916,0.08577944423971992,22449.60292798349
