cur_n,cur_mean,cur_std,cur_S,next_n,next_mean,next_std,next_S
25501000.0,-0.02328028775913537,0.07338767844858296,137342.04512719956,25501000.0,-0.02323616182548329,0.0700129930555081,125001.2913322575
25501000.0,-0.023667169433646232,0.08086536246479936,166756.3137942128,25501000.0,-0.023630936622526095,0.07606564677411731,147548.34277132116
25501000.0,-0.03296978701387683,0.12156479092144012,376853.73698861484,25501000.0,-0.03288959567188158,0.11500832930638395,337299.580066874
25501000.0,0.032247126160027895,0.13420884494598204,459324.3705882952,25501000.0,0.03246665178695617,0.12350412714472925,388973.6235248487
25501000.0,0.032282356710888756,0.1402328567327448,501483.64499348385,25501000.0,0.03250771977002934,0.12709469437466414,411919.21718516486
25501000.0,0.048722148663007545,0.206078835090253,1082988.8684262421,25501000.0,0.04906441245622914,0.18683572785779975,890178.4322951263
