cur_n,cur_mean,cur_std,cur_S,next_n,next_mean,next_std,next_S
20951000.0,-0.023285154950792558,0.07348733384136082,113143.53391382343,20951000.0,-0.023240672265504376,0.07007829806908195,102889.68764028828
20951000.0,-0.02377370610200024,0.08151986124505692,139229.61442458673,20951000.0,-0.02374039521682939,0.07658846686990971,122894.2345375317
20951000.0,-0.03307141445560075,0.12211213409127303,312408.181847502,20951000.0,-0.03299366334495963,0.11544660182522434,279233.2073570532
20951000.0,0.0323449199951998,0.13505023419732037,382116.19116969185,20951000.0,0.03256347485675688,0.12435078185211455,323967.76316146145
20951000.0,0.032236775834375904,0.1414147555340194,418980.8862166213,20951000.0,0.03246239123402766,0.12813756641829066,343999.4119191865
20951000.0,0.048831633371102655,0.20759645589912815,902910.3404028598,20951000.0,0.04916954650120403,0.18825170814519698,742476.3214359132
