cur_n,cur_mean,cur_std,cur_S,next_n,next_mean,next_std,next_S
2001000.0,-0.0182500175372174,0.13791639434891387,38060.88459224044,2001000.0,-0.01760121382584422,0.13934192932430173,38851.76270890522
2001000.0,-0.004282555243798561,0.12239842698078462,29977.7312296683,2001000.0,-0.003766248995675182,0.12297426547746466,30260.462609413637
2001000.0,0.0022373221405814834,0.05987157056182546,7172.794528040829,2001000.0,0.002479745559132092,0.05963607789323317,7116.480034762036
2001000.0,0.00689579363649404,0.19928011285045621,79464.83931875882,2001000.0,0.006950464261116409,0.19557268607244002,76535.59975071593
2001000.0,7.877505593398019e-05,0.24297566003862583,118133.37991378295,2001000.0,0.00012802669179934497,0.2400490157585774,115304.68346329013
2001000.0,0.0002688417218827756,0.06723555824097598,9045.761204243321,2001000.0,0.00026667923652091394,0.06457567729123838,8344.206213341944
