cur_n,cur_mean,cur_std,cur_S,next_n,next_mean,next_std,next_S
5501000.0,-0.017643254799538606,0.06511286198139311,23322.506059539122,5501000.0,-0.017596308842453882,0.061463498322155335,20781.46670461275
5501000.0,-0.018634149849368217,0.08039981345897276,35559.17915331113,5501000.0,-0.018590335329518214,0.07420986803576662,30294.581930886317
5501000.0,-0.02416312083568672,0.10490344621329858,60537.036383872786,5501000.0,-0.024101304277776753,0.09884955742215275,53751.56374905766
5501000.0,0.03245238467475662,0.1511621193571241,125697.77479328442,5501000.0,0.032663949759363944,0.14196942404280735,110874.40081411847
5501000.0,0.03209242926128842,0.15667242538309395,135028.9150636917,5501000.0,0.03231825150944833,0.14295516560878507,112419.42273766766
5501000.0,0.04919179594051432,0.22491515500411285,278278.13505483314,5501000.0,0.04952627016169551,0.2095383633947371,241528.6978635311
