cur_n,cur_mean,cur_std,cur_S,next_n,next_mean,next_std,next_S
351000.0,-0.04494950027575103,0.11827411972620405,4910.0573563499665,351000.0,-0.04492735221579816,0.11321127269446281,4498.694085050107
351000.0,-0.05168198604748707,0.13155685935525088,6074.82974243946,351000.0,-0.051718397114340814,0.12424811296019479,5418.5953445334335
351000.0,-0.06672468667471347,0.1865399591019391,12213.801875955343,351000.0,-0.06663380766749684,0.17779403178876993,11095.361926636853
351000.0,0.03385969003943686,0.16842695761410484,9957.041657951359,351000.0,0.0340259373999455,0.1547892541930728,8409.859337990345
351000.0,0.030256295161502127,0.19242906795350773,12997.160113902948,351000.0,0.03050001155188471,0.17491726236942495,10739.2130848598
351000.0,0.04510758005825858,0.26080784878137864,23875.27762907563,351000.0,0.045520457788184365,0.23666731896488358,19660.008372975106
