cur_n,cur_mean,cur_std,cur_S,next_n,next_mean,next_std,next_S
12701000.0,-0.0234393089932521,0.07404631287875332,69637.75978336646,12701000.0,-0.023397410442113572,0.07053321794284335,63186.64731866589
12701000.0,-0.02441221523275113,0.08326546515254034,88057.78176346222,12701000.0,-0.02437916528177427,0.078040228028583,77352.6105997568
12701000.0,-0.033585096687535516,0.12419585435684022,195907.97465094287,12701000.0,-0.03350880561217219,0.11712325184823422,174230.49062463574
12701000.0,0.03240140222849271,0.13689382754664065,238015.72417871162,12701000.0,0.032621333097010256,0.12612852946433528,202052.66390535815
12701000.0,0.03222522885346341,0.14436480031146018,264704.02492145967,12701000.0,0.032462254517223156,0.13068917180092923,216928.75690998853
12701000.0,0.04855362125405109,0.21105039977413753,565731.3870805004,12701000.0,0.048905295137183696,0.19109968371298,463828.9508521678
