cur_n,cur_mean,cur_std,cur_S,next_n,next_mean,next_std,next_S
3501000.0,-0.00459988913911182,0.08813927695154844,27197.631027537696,3501000.0,-0.009123969431931474,0.09216100830834195,29736.27373488837
3501000.0,-0.02109592159560802,0.16167345999487304,91510.21514116507,3501000.0,-0.023707293976013986,0.1571182212720073,86426.16023033374
3501000.0,-3.1489298900053074e-05,0.02273608090556082,1809.7697416796696,3501000.0,-2.3289442946385642e-05,0.021524704028305402,1622.05840515502
3501000.0,-0.0012454634793802723,0.24276429912262984,206329.70175468444,3501000.0,0.0015468440799846876,0.24466521543383363,209573.59781913806
3501000.0,-0.0022401249882773506,0.4445734702013165,691957.1419943498,3501000.0,-0.0038002411648529176,0.43728630014213427,669458.7983302806
3501000.0,0.00022101167138918455,0.08639995123763992,26134.795460106816,3501000.0,0.0005980123972717992,0.08600168738361103,25894.412105132084
