cur_n,cur_mean,cur_std,cur_S,next_n,next_mean,next_std,next_S
28201000.0,-0.023425369628362207,0.07351200484800526,152398.62297585956,28201000.0,-0.02338115717186272,0.07014724289976704,138766.8469932639
28201000.0,-0.023726813316949445,0.08062854792119112,183333.6502273506,28201000.0,-0.023689689867471296,0.075898079633814,162452.38199573386
28201000.0,-0.03311708169079297,0.12168449196029557,417575.46657409734,28201000.0,-0.033032946806359216,0.11519405452265612,374217.96923599386
28201000.0,0.03221647843249915,0.13368630690630492,504009.0800784126,28201000.0,0.03243529908625799,0.12293225380070603,426183.07283052243
28201000.0,0.03225580485395038,0.13942697907770724,548224.1262340334,28201000.0,0.03248025373590458,0.1263436257546276,450164.4345926451
28201000.0,0.048848844412298066,0.20550643791421985,1191009.9007782133,28201000.0,0.04919038984106265,0.18623828883937724,978143.2311811342
