cur_n,cur_mean,cur_std,cur_S,next_n,next_mean,next_std,next_S
4751000.0,-0.0042074339898737515,0.08591257462680306,35066.99074575753,4751000.0,-0.008733124312389552,0.08992877021169687,38422.209814705646
4751000.0,-0.02210105256755708,0.15969061628250183,121155.69250418356,4751000.0,-0.02470987154937338,0.15510656195260478,114299.77445915758
4751000.0,-2.6001220517062405e-05,0.022432967185620805,2390.8838175846654,4751000.0,-2.0725011164559297e-05,0.021212152499691907,2137.738170347052
4751000.0,-0.0013257217897426849,0.23752058813357915,268032.5575195637,4751000.0,0.0014660705466113494,0.2394126233776125,272319.73850884754
4751000.0,-0.002112336356880899,0.44260880115084134,930733.019117735,4751000.0,-0.0036726555067294058,0.43530776025450707,900280.512000666
4751000.0,7.4825006949785e-05,0.08629529101619651,35380.11382220929,4751000.0,0.0004518237137814549,0.08589744113085067,35054.63773632562
