cur_n,cur_mean,cur_std,cur_S,next_n,next_mean,next_std,next_S
3051000.0,-0.025017993297808138,0.07878806080731346,18939.261062145393,3051000.0,-0.024982988124344418,0.0749170639519139,17123.940303555402
3051000.0,-0.02702278687851307,0.09087319151569913,25194.965592495493,3051000.0,-0.027001605992753457,0.08505374905216347,22071.361835104442
3051000.0,-0.03634459337851142,0.13193273346576515,53106.45703339307,3051000.0,-0.036292942727430604,0.12439721543702008,47213.20965308586
3051000.0,0.03243604729964766,0.14293943232597403,62337.05968801239,3051000.0,0.03264649494865412,0.13183533099405728,53028.07177435186
3051000.0,0.03208956521971117,0.15447693906542043,72806.39346891896,3051000.0,0.03232121759493345,0.14016559580861054,59941.148851815866
3051000.0,0.04898274457667456,0.22321706942623115,152018.69911394967,3051000.0,0.049327026319787824,0.20280954740268872,125492.85489145217
