cur_n,cur_mean,cur_std,cur_S,next_n,next_mean,next_std,next_S
3201000.0,-0.015952674592360553,0.11763961580304844,44298.89253933058,3201000.0,-0.01533077035051189,0.11900437581866236,45332.69472623016
3201000.0,0.0033911316800632925,0.11709718882598746,43891.316970667634,3201000.0,0.003963396120019983,0.11685383218525575,43709.072726512095
3201000.0,0.004956918058551066,0.048649639823447825,7576.086643298794,3201000.0,0.005220906984299286,0.047131018401464185,7110.486598684857
3201000.0,0.004824076403290138,0.1830790890000989,107290.9670059687,3201000.0,0.004823042454921324,0.17904543011903604,102615.30861488049
3201000.0,0.0020609190338277254,0.2052868543914729,134898.7589676125,3201000.0,0.002089710348911034,0.20149946631261909,129967.11379258925
3201000.0,-4.468000905217479e-06,0.06566122815249961,13800.781420865242,3201000.0,7.004452456139814e-06,0.06238242724484609,12456.906699896208
