cur_n,cur_mean,cur_std,cur_S,next_n,next_mean,next_std,next_S
4101000.0,-0.02426401850382949,0.07694922160335434,24282.770274690112,4101000.0,-0.024227620041036336,0.07318731137866076,21966.524824578733
4101000.0,-0.0262340259123294,0.08874804778267632,32300.36175545365,4101000.0,-0.026208519180190005,0.08302238266892958,28267.028414531364
4101000.0,-0.03505098515854337,0.12925643657380284,68516.33544900158,4101000.0,-0.03497481883306757,0.12173313541769305,60772.53961661045
4101000.0,0.03258492922609082,0.14213582984979314,82850.8385151934,4101000.0,0.03279615682998988,0.13123474731616377,70629.71406176628
4101000.0,0.03222701702997669,0.15255697154919365,95445.15485944031,4101000.0,0.03246400029757564,0.13839459572661825,78546.71598209615
4101000.0,0.048730675637172476,0.22082923137110422,199987.51820403393,4101000.0,0.04908713181545233,0.20037020659463348,164647.8489518728
