cur_n,cur_mean,cur_std,cur_S,next_n,next_mean,next_std,next_S
33551000.0,-0.023485212498778538,0.07345495107365045,181028.77666898366,33551000.0,-0.02344198029956029,0.07010508411702311,164893.86530211047
33551000.0,-0.023792178550645915,0.08032161754860857,216456.36490296252,33551000.0,-0.02375247614497732,0.07567383037961387,192130.76120362655
33551000.0,-0.032915881041560235,0.12106513904283563,491749.21952641214,33551000.0,-0.032832928255232416,0.11470545248411253,441441.9421734062
33551000.0,0.03217939019149036,0.13322564580018578,595499.1381200076,33551000.0,0.03239798492199516,0.12247487971403064,503268.22629657947
33551000.0,0.032322479444873285,0.13889582986959795,647267.6217273172,33551000.0,0.03254536126191592,0.12590466930748198,531849.974013209
33551000.0,0.04882510209449793,0.20452457278898278,1403448.4246408837,33551000.0,0.049173355039158186,0.1854267779807999,1153587.052333028
