cur_n,cur_mean,cur_std,cur_S,next_n,next_mean,next_std,next_S
3651000.0,-0.015376064171611864,0.11734982222020265,50277.85080993818,3651000.0,-0.014753600145906277,0.11865071096046627,51398.74591290943
3651000.0,0.003469553917616888,0.1177466835154991,50618.491679460654,3651000.0,0.004045344800776567,0.11748777578057912,50396.13109867473
3651000.0,0.0050092051274212065,0.04896442044701035,8753.32532891707,3651000.0,0.005275570669389449,0.04745307628181176,8221.301531865784
3651000.0,0.004883240435005466,0.18264932978432538,121800.19927559151,3651000.0,0.00487902718906958,0.17858689008336381,116442.35545752289
3651000.0,0.002252519672948499,0.20497605456063533,153397.43292578586,3651000.0,0.0022771047006185374,0.2011509867826238,147725.73783470868
3651000.0,0.00010529889142625808,0.06547602658417427,15652.238819025211,3651000.0,0.00011791317774054871,0.062191646323696004,14121.340985321123
