cur_n,cur_mean,cur_std,cur_S,next_n,next_mean,next_std,next_S
31701000.0,-0.023500293966110194,0.07352657172677575,171380.57512834846,31701000.0,-0.023456812480370313,0.07017284620119207,156102.96273238817
31701000.0,-0.02378410832071573,0.08040511188236531,204946.394915074,31701000.0,-0.023746087940040992,0.07573981735836985,181853.41841122482
31701000.0,-0.033044423714602644,0.12137187643346226,466991.6278630432,31701000.0,-0.032961168295447596,0.11496961688682591,419024.2239979889
31701000.0,0.03219469727203682,0.13328891039142246,563197.8621102782,31701000.0,0.03241375958901914,0.12252944352998865,475941.8391215988
31701000.0,0.03228333405739751,0.13890644384775214,611670.7995151328,31701000.0,0.03250598727617016,0.1258892430628466,502400.666251805
31701000.0,0.04882890090331866,0.20473968123740902,1328853.2035573816,31701000.0,0.04917607086383563,0.18557054575093906,1091669.1866020036
