cur_n,cur_mean,cur_std,cur_S,next_n,next_mean,next_std,next_S
31151000.0,-0.023499051570269172,0.07355188267912362,168523.1546112427,31151000.0,-0.023455146951612875,0.07019757041943553,153502.7482093514
31151000.0,-0.023774114355674916,0.08043872583483692,201559.07571259764,31151000.0,-0.02373614521899641,0.07576745084294513,178828.75152207425
31151000.0,-0.033094300022981374,0.12149549939106205,459824.78215300513,31151000.0,-0.03301016224215927,0.11507911301429828,412538.9933569626
31151000.0,0.032202021236544275,0.1333539501160088,553966.8310355749,31151000.0,0.032420213702157,0.12259053302645434,468150.8966759602
31151000.0,0.03227632596319972,0.1389569305032563,601495.5478902587,31151000.0,0.03250009973715916,0.12593385479133679,494034.16896394384
31151000.0,0.048866457757725454,0.20492235953823315,1308129.34578947,31151000.0,0.04921284717801286,0.18572552448306257,1074521.6733168897
