cur_n,cur_mean,cur_std,cur_S,next_n,next_mean,next_std,next_S
24651000.0,-0.023257566021693835,0.07333986567522087,132591.21860334248,24651000.0,-0.02321308984704133,0.06996331131584461,120663.31539627783
24651000.0,-0.023697173683234322,0.08101048945554937,161777.10295445405,24651000.0,-0.02365977855037953,0.07619003857441281,143097.13167895112
24651000.0,-0.033029630272477135,0.12173403752614008,365307.50492393895,24651000.0,-0.03295020004586446,0.11515965779722294,326915.3199717305
24651000.0,0.032221647824955776,0.13422386571104342,444113.55306228617,24651000.0,0.0324419938953714,0.12352253208849848,376120.420578043
24651000.0,0.03229258291113626,0.1404596117856931,486337.17658718774,24651000.0,0.032516946450788224,0.1272974688436563,399460.71804471465
24651000.0,0.048800039236755285,0.206418208803873,1050341.564697879,24651000.0,0.049140447238161224,0.1871591256976539,863488.4984199187
