cur_n,cur_mean,cur_std,cur_S,next_n,next_mean,next_std,next_S
16351000.0,-0.023481031439115528,0.07386216564921531,89204.83467982561,16351000.0,-0.023437502620299804,0.07039374173943334,81023.76490275204
16351000.0,-0.024151495658618665,0.08244828197513782,111149.50664985816,16351000.0,-0.024119722131933856,0.07735435380282603,97839.41415038529
16351000.0,-0.03338685201258351,0.12326559975037997,248443.7665458531,16351000.0,-0.03331312285309548,0.11636376662694461,221401.1436282076
16351000.0,0.03237046675593378,0.13574197145797434,301281.60991292977,16351000.0,0.03259169033275912,0.12497269157503599,255372.7571796128
16351000.0,0.03217889205006178,0.1425980698487624,332484.6599366122,16351000.0,0.032408702934045366,0.12908736318268915,272465.66244939616
16351000.0,0.04865607032906499,0.20899925196103333,714222.9183737593,16351000.0,0.049003380395628744,0.18928193916318875,585817.9459192088
