cur_n,cur_mean,cur_std,cur_S,next_n,next_mean,next_std,next_S
9351000.0,-0.003567427809729717,0.08210129832041943,63031.56741133693,9351000.0,-0.008094415969396437,0.08615390452518894,69407.75322241065
9351000.0,-0.02307623116618413,0.15655747342728976,229195.27748599258,9351000.0,-0.025686180273468823,0.1519717751379352,215965.2765211161
9351000.0,-2.627207980612917e-05,0.021992144444384513,4522.652455823252,9351000.0,-2.397296566219927e-05,0.020758877440700697,4029.6357117842
9351000.0,-0.0013902369423877913,0.22832767991340772,487500.6335562946,9351000.0,0.0014007864917489582,0.23021702569520067,495601.86778040277
9351000.0,-0.0021687610323504925,0.4398805551152681,1809370.8357883967,9351000.0,-0.0037292270631734538,0.432576260067354,1749779.8864563564
9351000.0,-7.403470440272067e-05,0.08600675920976401,69170.86775094493,9351000.0,0.0003029623119212919,0.08560843206850541,68531.64284912214
