cur_n,cur_mean,cur_std,cur_S,next_n,next_mean,next_std,next_S
5101000.0,-0.004065452682530655,0.08524416378800197,37066.76061303001,5101000.0,-0.00859202633912117,0.08926493597724372,40645.93508340426
5101000.0,-0.022227035909774883,0.1591642174878142,129224.89870352043,5101000.0,-0.024836523022964224,0.15458296403886193,121892.94902507545
5101000.0,-1.2968957637252773e-05,0.022372893768992496,2553.2870619285773,5101000.0,-9.91875470727306e-06,0.021152203370112452,2282.267523501453
5101000.0,-0.001369812145179318,0.23585637727564335,283759.6048088137,5101000.0,0.0014218219580603168,0.237752009999447,288339.2191380223
5101000.0,-0.002145727075952694,0.4421107573278336,997051.2628211972,5101000.0,-0.003706069876155621,0.43480930488782826,964390.6303785025
5101000.0,-3.6478118719033274e-05,0.086262978083198,37958.0783790775,5101000.0,0.0003405207438796222,0.08586572817743653,37609.28162802667
