cur_n,cur_mean,cur_std,cur_S,next_n,next_mean,next_std,next_S
801000.0,-0.030740894588924348,0.09432827334238246,7127.156344555931,801000.0,-0.030711402299075066,0.08999480487368555,6487.350988306443
801000.0,-0.03583315948597093,0.10813958518973722,9367.030077891757,801000.0,-0.03584697760610526,0.10179624020409944,8300.34209027226
801000.0,-0.04766962727217146,0.15591167969087524,19471.069943088092,801000.0,-0.04756621636462052,0.14765583491857961,17463.598713987772
801000.0,0.03273239516055926,0.15374940252272978,18934.741899653207,801000.0,0.03293052937716472,0.14183981484359562,16114.944992967257
801000.0,0.03201215973399252,0.1725016587385247,23835.214636301487,801000.0,0.032230636603215616,0.1572667632214497,19811.000686135372
801000.0,0.048050547837679605,0.24345399454938607,47475.14781710405,801000.0,0.048434376908725506,0.22138372025907258,39257.61202819359
