cur_n,cur_mean,cur_std,cur_S,next_n,next_mean,next_std,next_S
13001000.0,-0.02345564453120029,0.0740524953532051,71294.52065654205,13001000.0,-0.02341239979052151,0.07054075088804938,64692.94396358376
13001000.0,-0.02437931636294039,0.0831697189359105,89930.54512456644,13001000.0,-0.024347445344952204,0.07795432569044503,79005.47649696955
13001000.0,-0.03358474343315839,0.12420699772713824,200571.3450753456,13001000.0,-0.03350956431161587,0.11714154244498241,178401.5547040314
13001000.0,0.03241816401315899,0.13684404525878424,243460.53168896923,13001000.0,0.03263764949521931,0.1260737801163223,206645.66902467704
13001000.0,0.032201845658967346,0.14417703771287266,270252.023665772,13001000.0,0.03243751686489688,0.13051554676734678,221463.0376316813
13001000.0,0.0486000576465137,0.21101296534567526,578888.6565432209,13001000.0,0.04894889782174907,0.19106840310271203,474629.2577695301
