cur_n,cur_mean,cur_std,cur_S,next_n,next_mean,next_std,next_S
31851000.0,-0.023500328898467815,0.07352165399422216,172168.46578617507,31851000.0,-0.023457049798735658,0.0701688991954512,156823.95376991364
31851000.0,-0.02377945593251638,0.08038108727664726,205793.10737725688,31851000.0,-0.023741636147960432,0.0757168022142663,182602.87031524273
31851000.0,-0.03303665588427099,0.12134928160613577,469026.61910860526,31851000.0,-0.03295290059407755,0.11494739499950787,420844.19311057363
31851000.0,0.032196837395547157,0.13328522854657926,565831.4908886855,31851000.0,0.032415841143721646,0.12252918112709596,478191.81065173016
31851000.0,0.03227664184436185,0.13887786250117157,614312.1701293768,31851000.0,0.03249912845156604,0.12586346947612914,504571.214024855
31851000.0,0.04883424488982988,0.20473644329176546,1335098.724105841,31851000.0,0.049181371096949505,0.18556567734160384,1096777.1009614633
