cur_n,cur_mean,cur_std,cur_S,next_n,next_mean,next_std,next_S
351000.0,-0.0009951260471101086,0.10850989069232123,4132.813128698885,351000.0,-0.00046661802872915927,0.1094983890866973,4208.453921616195
351000.0,0.0027561166991680497,0.10307547944618432,3729.218616534329,351000.0,0.003244046812186112,0.10341268714405656,3753.6585356864366
351000.0,0.005013355784217128,0.051706985796914275,938.4379454510052,351000.0,0.005306461819722343,0.050128365249218036,882.0114038982127
351000.0,0.003041311389050454,0.20292428933858223,14453.571788452593,351000.0,0.0030268356078450975,0.19934818326656736,13948.634058260004
351000.0,-0.0022599533133749964,0.22856791009252692,18337.39462294698,351000.0,-0.0022132077997518893,0.2255438743766848,17855.38378336487
351000.0,0.0006308732185953427,0.06742187948270897,1595.5441513763074,351000.0,0.0006849748721683956,0.06397471273488196,1436.5601181982447
