cur_n,cur_mean,cur_std,cur_S,next_n,next_mean,next_std,next_S
3851000.0,-0.024397245280520848,0.07737898232497167,23057.889093651516,3851000.0,-0.02436112077146027,0.07359452345077326,20857.608599375646
3851000.0,-0.02642879210214403,0.08929394869495787,30705.599112393946,3851000.0,-0.026404096147918086,0.08353491845341009,26872.59609651983
3851000.0,-0.03527998128607474,0.1298642356908284,64946.035609229206,3851000.0,-0.03520642564236832,0.12234011820192219,57638.31951291378
3851000.0,0.03258304033191531,0.14259920314072028,78308.28556775473,3851000.0,0.03279134580493986,0.1316629025220611,66757.54673695551
3851000.0,0.03223124378626605,0.1531640175813871,90341.44190071677,3851000.0,0.03246708152225211,0.13896010477367898,74362.46617775931
3851000.0,0.0488474673040851,0.2216325320348949,189164.89111562126,3851000.0,0.049194205058691855,0.20117359472843607,155853.10939666597
