cur_n,cur_mean,cur_std,cur_S,next_n,next_mean,next_std,next_S
1151000.0,-0.018303498302155382,0.06722713969340521,5201.931046371468,1151000.0,-0.01824212059384528,0.06347012320841232,4636.7534776447865
1151000.0,-0.019871018378338275,0.08378961087456771,8080.824422978708,1151000.0,-0.019832916241287028,0.07723868675173809,6866.652755534223
1151000.0,-0.025130535589206516,0.10692796826472883,13160.062547203508,1151000.0,-0.0250872486262887,0.10046210169561341,11616.621592541836
1151000.0,0.03299889069388445,0.15239247566606665,26730.210102217257,1151000.0,0.033196970128711215,0.14296292077008269,23524.594619094998
1151000.0,0.03251617346684954,0.1603152426586134,29581.824560022305,1151000.0,0.032773172632007554,0.14579148722118407,24464.686565835542
1151000.0,0.04818850382280053,0.22176413963476543,56605.41300576785,1151000.0,0.04850082947103744,0.2056399510437361,48673.245674525984
