cur_n,cur_mean,cur_std,cur_S,next_n,next_mean,next_std,next_S
25651000.0,-0.0232908884395594,0.07340136590580913,138201.44501742383,25651000.0,-0.02324725534558324,0.0700261118878812,125783.68893468469
25651000.0,-0.02366472520235112,0.08084996563045196,167673.32629066348,25651000.0,-0.023628762446445923,0.0760537716643721,148369.9033054403
25651000.0,-0.03297331438308257,0.12156709552098054,379084.80955760827,25651000.0,-0.03289348414242078,0.11501565745062481,339326.8560196651
25651000.0,0.03225407520222513,0.13419729085238472,461946.62408273836,25651000.0,0.032473826244795265,0.12349064381714957,391176.188120206
25651000.0,0.032277911927708444,0.14018881181582707,504116.6137842095,25651000.0,0.03250341520596677,0.12705505705294093,414083.7729454465
25651000.0,0.04872873790368899,0.2060474471720451,1089027.3255193797,25651000.0,0.049069823954394964,0.1868057206919283,895126.9736921514
