cur_n,cur_mean,cur_std,cur_S,next_n,next_mean,next_std,next_S
2801000.0,-0.016021708335313804,0.11829963985222189,39199.4482144523,2801000.0,-0.01539129833008263,0.119646121491044,40096.859480366904
2801000.0,0.0030713563737964594,0.11722079726415834,38487.74358679699,2801000.0,0.003655867857282921,0.11698415347315287,38332.50335088834
2801000.0,0.004818931162442191,0.04852680545428521,6595.9372241221245,2801000.0,0.005088538602729862,0.04699268463246633,6185.48305751499
2801000.0,0.004783953557490236,0.18451467542748598,95361.90892015751,2801000.0,0.004791988222134243,0.1804744955536954,91231.49297055567
2801000.0,0.002066330329494562,0.20674260592611235,119721.75679944051,2801000.0,0.0020999564376594886,0.2029562974303022,115376.71552519503
2801000.0,9.723061805376418e-05,0.06583017239836181,12138.4460859925,2801000.0,0.00011105112697776297,0.06253844612230215,10954.871338741243
