cur_n,cur_mean,cur_std,cur_S,next_n,next_mean,next_std,next_S
29701000.0,-0.023462104517076497,0.07351416093340551,160514.0605068143,29701000.0,-0.02341878780199318,0.07015438290457593,146177.55362687985
29701000.0,-0.023756415940782708,0.08052266917721165,192578.32136750477,29701000.0,-0.023719059287837074,0.07582126128680938,170746.99965840488
29701000.0,-0.03310338612999836,0.12154387928035174,438770.336252937,29701000.0,-0.033017883898616276,0.11509342886286562,393434.2183094892
29701000.0,0.03219045710802471,0.1334420327929924,528879.0574191199,29701000.0,0.032410437044417206,0.12267449484107638,446971.29006172885
29701000.0,0.032259970842484,0.13914163580667005,575023.0863990082,29701000.0,0.03248393292531138,0.12607955583111416,472128.7116919583
29701000.0,0.048811810439215286,0.20506783487792946,1249010.7147920975,29701000.0,0.04915848160973966,0.18583636915839533,1025728.6713847709
