cur_n,cur_mean,cur_std,cur_S,next_n,next_mean,next_std,next_S
24201000.0,-0.02326328275439302,0.07335881741199986,130238.07094460071,24201000.0,-0.023218068204433864,0.0699824453577282,118525.42987224564
24201000.0,-0.023696709207246258,0.0810378275962762,158931.1010663771,24201000.0,-0.023660116918860257,0.07620117099923034,140525.97339048705
24201000.0,-0.03306093318638617,0.12182424754016453,359170.60553448903,24201000.0,-0.032981231216109456,0.11523770095496136,321382.69058524084
24201000.0,0.032234656594910635,0.13428248591938924,436387.2535835461,24201000.0,0.03245390973014838,0.12358926714115212,369653.50255713944
24201000.0,0.03225776376327889,0.14049467103875615,477697.5514375673,24201000.0,0.03248224789139285,0.1273038276066272,392207.80772833154
24201000.0,0.0488336484588735,0.20659184607313574,1032903.2990973943,24201000.0,0.04917266582763243,0.18731124775213515,849104.2710375087
