cur_n,cur_mean,cur_std,cur_S,next_n,next_mean,next_std,next_S
17051000.0,-0.02349649974224361,0.07390191496328026,93123.91774387567,17051000.0,-0.02345281604020786,0.07044169733665497,84607.61997127846
17051000.0,-0.024082888310938935,0.08225596604951124,115367.81540403953,17051000.0,-0.024050754265564113,0.07718920610481397,101592.81701504832
17051000.0,-0.03333307539506435,0.12301198462672848,258014.85151716234,17051000.0,-0.03325400828412664,0.11615496775941486,230051.69190153675
17051000.0,0.03242316709791441,0.1357260168577067,314105.87721924915,17051000.0,0.03264352175058587,0.12496193240725674,266259.6270783474
17051000.0,0.03214795549675542,0.14225486111209917,345051.63239139575,17051000.0,0.032379092983824034,0.1287853378895087,282802.1441663747
17051000.0,0.048679360047811565,0.2086110476715654,742035.1236104204,17051000.0,0.04902411569813673,0.1889518099148999,608768.2121019559
