cur_n,cur_mean,cur_std,cur_S,next_n,next_mean,next_std,next_S
3251000.0,-0.024813380882905092,0.07828702485489379,19924.918205310598,3251000.0,-0.024779924467980313,0.07443829127822253,18013.983486578298
3251000.0,-0.026906962337581716,0.09058997064447454,26679.47058222333,3251000.0,-0.026886454344533905,0.08476483677951116,23358.687128890055
3251000.0,-0.03604443948866385,0.13133387897883553,56075.15883255673,3251000.0,-0.03598298376729962,0.12382325492111178,49844.97719104981
3251000.0,0.03244925398371523,0.14275498509844836,66252.08273975964,3251000.0,0.03265631525109854,0.13170897380563026,56395.92204181058
3251000.0,0.03220060033370027,0.15435933280490655,77460.93858154563,3251000.0,0.032427498856938616,0.14005160240868905,63766.581297372184
3251000.0,0.0490938220771463,0.2229498570929371,161596.28266650127,3251000.0,0.04943297632265742,0.2025895973828078,133429.31369008427
