cur_n,cur_mean,cur_std,cur_S,next_n,next_mean,next_std,next_S
4351000.0,-0.017530461546015803,0.06503772654656458,18404.320459278184,4351000.0,-0.017483635736086252,0.06137282792147389,16388.58105480005
4351000.0,-0.018353219456572673,0.08009224699003362,27910.655689447503,4351000.0,-0.018306859721511873,0.07388456957260124,23751.80278066014
4351000.0,-0.024429631325030687,0.10571157267174298,48622.14913238615,4351000.0,-0.02437235281148507,0.09956980229293749,43136.44719517643
4351000.0,0.03240441005856109,0.15127866688322908,99573.65771981036,4351000.0,0.03260691777448673,0.142046863553364,87791.48209870917
4351000.0,0.03186070703125158,0.15638202906714588,106405.18005495098,4351000.0,0.032085833118287,0.14261973480603454,88501.03147798088
4351000.0,0.049437130693011394,0.2261642092705032,222554.73581359602,4351000.0,0.049773607996878744,0.21072824704561746,193212.2207417996
