cur_n,cur_mean,cur_std,cur_S,next_n,next_mean,next_std,next_S
14701000.0,-0.02347421596792144,0.07393321027915724,80357.4239776588,14701000.0,-0.023430442201480474,0.0704366465464997,72936.38261890967
14701000.0,-0.024281249233053442,0.08284693999117758,100902.01096422206,14701000.0,-0.02424812248635901,0.07768611752303942,88722.48811316713
14701000.0,-0.03342399564380736,0.12360114534557154,224590.7512649661,14701000.0,-0.033349040748378855,0.11660551248542106,199887.226312761
14701000.0,0.0323727364586472,0.1362392532442254,272867.232764924,14701000.0,0.032595197129939295,0.12544461734772222,231340.11106831333
14701000.0,0.03219529089454754,0.14342935049468164,302428.6571534789,14701000.0,0.03243056021002063,0.12982768582663917,247788.70693238487
14701000.0,0.04853557708706265,0.20978691247636969,646999.0756502558,14701000.0,0.048887674395414145,0.18993849689614273,530362.5758991437
