cur_n,cur_mean,cur_std,cur_S,next_n,next_mean,next_std,next_S
20901000.0,-0.02328305278630605,0.07347926692503924,112848.73496054823,20901000.0,-0.02323855942586021,0.07006938696492984,102618.03660248821
20901000.0,-0.023779183222080738,0.08153721912961712,138956.49667897949,20901000.0,-0.023746092122873593,0.07660339184821757,122648.7326110604
20901000.0,-0.033069914082264854,0.12210207385592953,311611.2625107443,20901000.0,-0.032991918461841324,0.11543330600813702,278502.65088987135
20901000.0,0.032341612319318085,0.13504829162256055,381193.29640766827,20901000.0,0.032560014718236954,0.12434666716111613,323173.21904585167
20901000.0,0.03224153216570498,0.1414474522308559,418174.28580208804,20901000.0,0.03246778384006099,0.1281656249416038,343328.75943585846
20901000.0,0.048827632873832,0.20759823344213624,900770.9514679083,20901000.0,0.049166208405992284,0.1882481807481302,740676.6282766516
