cur_n,cur_mean,cur_std,cur_S,next_n,next_mean,next_std,next_S
24901000.0,-0.023263182068251547,0.07335279814448913,133983.1422240872,24901000.0,-0.02321809114014238,0.06997562174101793,121929.92877488435
24901000.0,-0.023686681925655713,0.08097225719055622,163263.56672632077,24901000.0,-0.023649110768958526,0.07616009642468953,144434.7715169958
24901000.0,-0.03301616703329723,0.1216928866003095,368762.85952163226,24901000.0,-0.03293715445145272,0.11512480085143162,330030.87601970765
24901000.0,0.03222825364853297,0.1342247236618181,448623.2996845186,24901000.0,0.032448503212374684,0.12351757944224236,379904.4081310705
24901000.0,0.03228816393108882,0.1404013816356764,490862.15688161564,24901000.0,0.03251259021706087,0.12725014079569885,403211.8910782096
24901000.0,0.048782977807017354,0.2063314419161629,1060101.9043516757,24901000.0,0.04912493022498632,0.1870819847657376,871526.7583638269
