cur_n,cur_mean,cur_std,cur_S,next_n,next_mean,next_std,next_S
101000.0,-0.054050324703947786,0.2650003093108477,7092.741557419343,101000.0,-0.05322501491858799,0.26771003983404523,7238.535208222554
101000.0,-0.05908987659045619,0.2897138813401146,8477.347437156555,101000.0,-0.05808003036300603,0.2915295938804531,8583.939914918292
101000.0,-0.016745519329430296,0.13641390172920473,1879.4840110834975,101000.0,-0.01636342736154818,0.1391125541176852,1954.5825740277355
101000.0,0.021292156446834513,0.23428904156053848,5544.026854530929,101000.0,0.021347634476884158,0.2310526054162631,5391.915953433981
101000.0,0.01890909383555116,0.26940983896214715,7330.747794290615,101000.0,0.018997722804552336,0.2659618462254747,7144.306068413967
101000.0,0.00695167006271916,0.09393981022530004,891.293482461704,101000.0,0.0069751063573136275,0.0935116200144745,883.1867308508781
