cur_n,cur_mean,cur_std,cur_S,next_n,next_mean,next_std,next_S
4851000.0,-0.02403862835571459,0.07628027541769129,28226.418706742163,4851000.0,-0.024004641726332137,0.0725560683920387,25537.522226534962
4851000.0,-0.02573992333534312,0.08737339540119633,37033.06869630285,4851000.0,-0.02571251685468278,0.081782891702957,32445.62911156862
4851000.0,-0.034725252586117326,0.12830403843802252,79856.80438188146,4851000.0,-0.03464926658489895,0.12084729655431543,70844.33912884477
4851000.0,0.03260631088933179,0.14113950750171264,96633.6691630339,4851000.0,0.03282651010932927,0.1302151706091043,82253.51067593375
4851000.0,0.03223849770778272,0.15054507649264406,109942.19109251004,4851000.0,0.03247946210656302,0.1365732688593716,90482.1024273978
4851000.0,0.04864157389454085,0.21893786212955527,232526.80303569554,4851000.0,0.049002702940403695,0.19853970372304527,191216.78569296226
