cur_n,cur_mean,cur_std,cur_S,next_n,next_mean,next_std,next_S
751000.0,-0.009924529921155983,0.11490346483723084,9915.307479932158,751000.0,-0.014437562309540613,0.11902514931814132,10639.406613824583
751000.0,-0.012423357373839417,0.18702712669225102,26269.33873518824,751000.0,-0.015042609777639878,0.18262776185737686,25048.027450177102
751000.0,0.00013831563153555112,0.023681922235218644,421.1859140069624,751000.0,0.00014465480315226597,0.022533789232689005,381.3365145446215
751000.0,-0.0006964772240361886,0.31415253983853636,74117.55553353937,751000.0,0.0021022207374354926,0.3161746068666452,75074.75290248553
751000.0,-0.002635200572239664,0.4704118577490054,166186.77424906375,751000.0,-0.004193188169143493,0.46326605662214065,161176.19485288957
751000.0,0.00012800851367690005,0.08689372689772845,5670.44035040694,751000.0,0.0005050316401249455,0.08649989871865169,5619.156591231086
