cur_n,cur_mean,cur_std,cur_S,next_n,next_mean,next_std,next_S
14151000.0,-0.023494863921591825,0.07403837913116211,77571.27610041565,14151000.0,-0.023452057672820645,0.07053753877869919,70408.9284783113
14151000.0,-0.02429549924811546,0.08290417200039629,97261.26265299384,14151000.0,-0.024261524658677328,0.07772494138438633,85488.54732838224
14151000.0,-0.03352228313930293,0.12393843529346887,217369.7714990992,14151000.0,-0.033447965201635885,0.11692086302647803,193451.07867182943
14151000.0,0.03242035481039328,0.136514317944002,263720.2860615861,14151000.0,0.03264236051891285,0.12572935278126102,223697.17050389704
14151000.0,0.032148828406987656,0.14356825071280818,291678.1848128236,14151000.0,0.03238453492689349,0.12994689362283018,238956.54774061966
14151000.0,0.048606762706402316,0.21031271840836605,625919.1007086053,14151000.0,0.04896183180719075,0.19044925012248615,513269.74465874693
