cur_n,cur_mean,cur_std,cur_S,next_n,next_mean,next_std,next_S
8001000.0,-0.023728157462372165,0.07504228938778096,45056.39291767226,8001000.0,-0.0236868099076309,0.07144469086995905,40839.855171885596
8001000.0,-0.024989714324066718,0.08504172324237957,57863.989630959884,8001000.0,-0.024958343152274628,0.07966065171650877,50772.9012746232
8001000.0,-0.03407554420083633,0.1258386089982098,126698.67947234923,8001000.0,-0.03399675768261785,0.11865032036811525,112637.26608617452
8001000.0,0.032655317370737236,0.13894781101442022,154471.25997977803,8001000.0,0.032872332516463224,0.12813461941058746,131364.26401266025
8001000.0,0.0322713082318658,0.14704979592351564,173010.76349166193,8001000.0,0.032510645797802246,0.13324875692262525,142059.6050026204
8001000.0,0.0486510910279218,0.21417357874845971,367008.4449932154,8001000.0,0.04899773387271842,0.1941531861445878,301601.37298044976
