cur_n,cur_mean,cur_std,cur_S,next_n,next_mean,next_std,next_S
6151000.0,-0.0038406059730284638,0.08393210431014085,43331.32312179337,6151000.0,-0.008367734255247705,0.087961981287244,47592.19474481338
6151000.0,-0.022508489998523753,0.1580992343612795,153746.50798748573,6151000.0,-0.02511890643530715,0.15352322327992976,144975.25691058015
6151000.0,-9.877558435464026e-06,0.0222077767570394,3033.583078565062,6151000.0,-8.315484998791676e-06,0.020985683570212754,2708.8937256058584
6151000.0,-0.0013974388874530331,0.23270360681941757,333082.6080232382,6151000.0,0.0013939920084202393,0.23459782234490165,338527.2863694147
6151000.0,-0.0021921935799954196,0.44112925240524553,1196953.9515821342,6151000.0,-0.003752538658189599,0.43382780538065724,1157658.5796013155
6151000.0,-0.00011088717308457636,0.0860611299154173,45557.49272434007,6151000.0,0.00026611181476806446,0.08566339860940782,45137.37806494423
