cur_n,cur_mean,cur_std,cur_S,next_n,next_mean,next_std,next_S
1901000.0,-0.006144461992321901,0.09560357281365077,17375.221999131285,1901000.0,-0.010668222357144638,0.09959272437199944,18855.469131638234
1901000.0,-0.018807940649366483,0.16887748251568938,54215.76739569109,1901000.0,-0.021416954468546974,0.16432088769401926,51329.57420597848
1901000.0,2.995763392686592e-05,0.02338430326477043,1039.5155400788094,1901000.0,3.659720632493585e-05,0.022220153435013604,938.5906507022146
1901000.0,-0.0012302798073947276,0.26064053836837414,129141.56494805717,1901000.0,0.001563560441753664,0.2625828967173111,131073.52730971118
1901000.0,-0.002122393470671894,0.4509542300045748,386586.823079695,1901000.0,-0.00368213841505962,0.44367491542313714,374206.96552445873
1901000.0,0.00014300272186670686,0.0863631513993269,14178.787041203437,1901000.0,0.000520007475590559,0.08596567988074799,14048.576521099914
