cur_n,cur_mean,cur_std,cur_S,next_n,next_mean,next_std,next_S
651000.0,-0.0015417273576522183,0.1079748621506059,7589.729627543968,651000.0,-0.0010003894332259377,0.10888684115483503,7718.480059017557
651000.0,0.0018123245581597213,0.10649139974009221,7382.612260311276,651000.0,0.0023531406997938536,0.10651756521293583,7386.240595978717
651000.0,0.004441432191405287,0.05041771431266985,1654.8067916506104,651000.0,0.004734970831165276,0.04886874181482665,1554.6882061932859
651000.0,0.0029972630664034344,0.19904281004033725,25791.344188918712,651000.0,0.0030112561949623903,0.19539029612237913,24853.46645003294
651000.0,-0.0011641441792528391,0.2283585453711448,33948.10403386041,651000.0,-0.0011234172725849093,0.22510506406553324,32987.66070403403
651000.0,0.0010260897392610207,0.0671874562973409,2938.714438693317,651000.0,0.00105272177733565,0.06377610138201564,2647.8716109754287
