cur_n,cur_mean,cur_std,cur_S,next_n,next_mean,next_std,next_S
2401000.0,-0.017601955361323914,0.06525583873035622,10224.23709665382,2401000.0,-0.017551120264234547,0.06154667840153942,9094.972687052308
2401000.0,-0.01867790747852284,0.08154467408967812,15965.530827612767,2401000.0,-0.018625557562677367,0.07515021714926218,13559.779885332604
2401000.0,-0.02481186899242706,0.10660595030995934,27286.953568216337,2401000.0,-0.024777256913536636,0.10026223892131522,24136.092244989268
2401000.0,0.032248994195465945,0.1506055008495535,54459.52254363381,2401000.0,0.03245358542330063,0.14136770335759716,47983.570953796414
2401000.0,0.032041915185863246,0.15789011553425533,59855.221888792614,2401000.0,0.03229225430269285,0.1437326586203195,49602.4442469108
2401000.0,0.049006038576950996,0.22539376116590798,121976.43652160701,2401000.0,0.04933639123339931,0.2094909320853753,105371.3679530244
