cur_n,cur_mean,cur_std,cur_S,next_n,next_mean,next_std,next_S
5201000.0,-0.02528782792564318,0.13004907388006043,87963.27317033644,5201000.0,-0.024645277322657408,0.13144644716842646,89863.75422912324
5201000.0,-0.002697612360958793,0.09783728689372884,49784.67260968091,5201000.0,-0.0022035970797748086,0.09819553011894958,50149.925465911314
5201000.0,0.0033373347844460667,0.052638252038894016,14410.855789670388,5201000.0,0.003586373041648449,0.05184510956371736,13979.847920889732
5201000.0,0.006816201248443821,0.1881839608684097,184184.0694693685,5201000.0,0.00686511152334754,0.18418781979093193,176444.7205415108
5201000.0,-0.0009464192375777371,0.2237888914044486,260473.7146312829,5201000.0,-0.0009064589791377601,0.22057203454065227,253039.16861371545
5201000.0,-8.026631299629392e-05,0.0651588217975172,22081.74037386917,5201000.0,-6.509676866689282e-05,0.06217462619982967,20105.423228203526
