cur_n,cur_mean,cur_std,cur_S,next_n,next_mean,next_std,next_S
7901000.0,-0.0036328344030794996,0.08273529947800777,54083.37038953322,7901000.0,-0.008160452348426224,0.08677189455803462,59489.48667469155
7901000.0,-0.022840588881335024,0.15699762515352497,194745.8572546931,7901000.0,-0.02545167485494096,0.15242220984867175,183560.2199657601
7901000.0,-8.645589949835461e-06,0.022088171475661278,3854.7977085110483,7901000.0,-8.335106382888942e-06,0.020859060903798052,3437.7284325498035
7901000.0,-0.0014217949651321483,0.2299229294676663,417682.8371639433,7901000.0,0.0013693601685575462,0.23181381118708042,424581.1177939841
7901000.0,-0.0022256237981264446,0.4401240016678846,1530495.890205646,7901000.0,-0.0037860478585517135,0.43282112046482574,1480126.900453695
7901000.0,-0.00017346857598910155,0.08611115868058292,58586.955161218306,7901000.0,0.00020352915761922167,0.08571403146137165,58047.81889114132
