cur_n,cur_mean,cur_std,cur_S,next_n,next_mean,next_std,next_S
33501000.0,-0.023485334104527508,0.0734570410117216,180769.28122249874,33501000.0,-0.023442226105674428,0.070106815535448,164656.26204704915
33501000.0,-0.023792240445253198,0.08032502214989748,216152.10975246434,33501000.0,-0.02375272726553985,0.07567619275269775,191856.41289585555
33501000.0,-0.03291859626264685,0.12106836989684737,491042.58889776474,33501000.0,-0.032835321084211805,0.11470823318069921,440805.4464199211
33501000.0,0.032181346094635424,0.1332309875656905,594659.3680949751,33501000.0,0.0323997876795173,0.12247890061218868,502551.2177693033
33501000.0,0.03232410949513964,0.1389006011659147,646347.4230194633,33501000.0,0.03254652364768782,0.12590717831202364,531078.540559157
33501000.0,0.048825324915174974,0.20452612296021078,1401378.1525350043,33501000.0,0.04917337817882084,0.18542715484919486,1151872.5800379096
