cur_n,cur_mean,cur_std,cur_S,next_n,next_mean,next_std,next_S
2951000.0,-0.021646865793997692,0.13324342174818496,52391.49165497499,2951000.0,-0.02100070371279348,0.1346446629167134,53499.22567852033
2951000.0,-0.003303878207704417,0.11017567842822089,35821.2450256174,2951000.0,-0.002804423601191661,0.11064354478910082,36126.124304321886
2951000.0,0.0026948330500009216,0.05575865255577691,9174.739665100584,2951000.0,0.002940129341949733,0.05525398361173962,9009.410982355817
2951000.0,0.006775961955233916,0.19419845750925063,111291.18369286704,2951000.0,0.0068234986803412554,0.19033421624818442,106906.21304456616
2951000.0,-0.00033809514466492393,0.2336574385867338,161112.2016890011,2951000.0,-0.00030513366491622757,0.23062284794148857,156954.53597628936
2951000.0,0.00021456957922812208,0.06626509970104238,12958.028206686198,2951000.0,0.00022340532957006718,0.06346613567403808,11886.481563693853
