cur_n,cur_mean,cur_std,cur_S,next_n,next_mean,next_std,next_S
301000.0,-0.0006422539419753305,0.1082989849429988,3530.3297120448487,301000.0,-0.00013249923998785682,0.10927255949080136,3594.088169558888
301000.0,0.0029700757957826663,0.10246759570270123,3160.382058896763,301000.0,0.0034369917885397837,0.10287169581162918,3185.3583255472695
301000.0,0.0052385422518720715,0.05144094443617611,796.4974001102132,301000.0,0.005528826606762582,0.04990980097634133,749.7874582828987
301000.0,0.003025554511945899,0.20228037294670656,12316.122133117067,301000.0,0.0030122215237290994,0.19878207318105975,11893.80809806622
301000.0,-0.0024694238911219823,0.22854916901229472,15722.651519519346,301000.0,-0.002420637718947585,0.22557689001749856,15316.364926299957
301000.0,0.0004426571034464579,0.06715119607426179,1357.2942233953893,301000.0,0.0005053373340892499,0.06372856623112066,1222.4603763161745
