cur_n,cur_mean,cur_std,cur_S,next_n,next_mean,next_std,next_S
2501000.0,-0.025346242381502647,0.07960624412828955,15849.222414636299,2501000.0,-0.02532402999284949,0.07569169300049175,14328.810205591013
2501000.0,-0.027915378975658586,0.09241636706431995,21360.503038319173,2501000.0,-0.02789582637957432,0.08657624182523013,18746.109567100397
2501000.0,-0.037365356669144076,0.13448164127937423,45231.36491482692,2501000.0,-0.03730773584534589,0.126808786251909,40217.25114497654
2501000.0,0.03212181400680006,0.14279756132414284,50998.24994382596,2501000.0,0.03233474341990482,0.13167461708551706,43362.85016632848
2501000.0,0.032196563275617804,0.156194503353723,61016.20391766839,2501000.0,0.032435622801939394,0.14188078402544035,50345.522346059806
2501000.0,0.048838662933871485,0.22565521970944985,127351.61573348232,2501000.0,0.049174508140723494,0.20494232290156336,105045.39064643795
