cur_n,cur_mean,cur_std,cur_S,next_n,next_mean,next_std,next_S
2151000.0,-0.005765850836272109,0.09365688169810682,18867.736313727743,2151000.0,-0.010289907926923757,0.09765238690071941,20511.91162359417
2151000.0,-0.019264319960375358,0.16688160141337866,59904.207583021926,2151000.0,-0.021875974146764822,0.1623414996422137,56689.09415058426
2151000.0,2.9870143281675265e-05,0.023189747551478852,1156.731206119338,2151000.0,3.47624031569299e-05,0.02202012445408676,1042.9895299739335
2151000.0,-0.00124486098940922,0.25596750064899554,140932.1463466496,2151000.0,0.0015485371909723662,0.2579006747740374,143068.94256319207
2151000.0,-0.002254385539645313,0.44916461066968216,433961.7709252795,2151000.0,-0.003814185541124018,0.4418880438528876,420015.1081385829
2151000.0,5.563383599574855e-05,0.08619212193957884,15979.955133445988,2151000.0,0.0004326376205495173,0.08579437124292583,15832.810068620272
