cur_n,cur_mean,cur_std,cur_S,next_n,next_mean,next_std,next_S
4651000.0,-0.02407106675919471,0.07636187610996596,27120.614108230155,4651000.0,-0.024036166410503153,0.0726313575796664,24535.485897077808
4651000.0,-0.025859683018531945,0.08772896970692132,35795.82675727216,4651000.0,-0.025831756006912128,0.08210247896296168,31351.54010821744
4651000.0,-0.03479982358449428,0.1286777811112996,77011.12475688475,4651000.0,-0.03472223085584166,0.1211818441757428,68300.11805328599
4651000.0,0.032572874692322513,0.1412693734847077,92820.17390002728,4651000.0,0.03278952229895246,0.13036065453984008,79038.63007231025
4651000.0,0.032253952622301706,0.15113371952237545,106235.35687268311,4651000.0,0.0324960143697573,0.13709529860298786,87416.10730144622
4651000.0,0.048671412568865244,0.21970307651234341,224501.17394662608,4651000.0,0.049028566566927514,0.19920713735394333,184567.88209687345
