cur_n,cur_mean,cur_std,cur_S,next_n,next_mean,next_std,next_S
17901000.0,-0.02344213253990499,0.0737924513119708,97476.77841014015,17901000.0,-0.023398632029684514,0.07034464908961348,88580.7652038369
17901000.0,-0.024014207134766225,0.08213088697829528,120750.88394815892,17901000.0,-0.02398390828909094,0.07708600322142337,106372.2511303866
17901000.0,-0.03327721018200971,0.12286511568145238,270230.5718970099,17901000.0,-0.03319923797072051,0.1160552768967793,241105.47741832284
17901000.0,0.03239885395443285,0.13553922077575578,328857.12947650184,17901000.0,0.03261731935599516,0.12479300976049862,278777.55889828695
17901000.0,0.0321846197016863,0.14212258362966315,361579.2339472912,17901000.0,0.03241445962239455,0.1286750113259893,296391.485119948
17901000.0,0.04875671264042028,0.20851916268943485,778339.7978769924,17901000.0,0.04909770039601128,0.1889118848911894,638845.5222314949
