cur_n,cur_mean,cur_std,cur_S,next_n,next_mean,next_std,next_S
4001000.0,-0.0043935098195561845,0.08713593251215496,30378.27560978606,4001000.0,-0.008918202218941797,0.09116030103779234,33249.112141688995
4001000.0,-0.02145118411705125,0.16061538015721946,103214.99867253557,4001000.0,-0.024062645892132695,0.15605686654663398,97439.33613101207
4001000.0,-4.035379193601703e-05,0.02259938800191368,2043.4400845822208,4001000.0,-3.1993487553918994e-05,0.02138171488628078,1829.1681036442826
4001000.0,-0.0012759325071126967,0.24044809608828593,231318.96293683886,4001000.0,0.0015161123534119996,0.2423451679558999,234983.45290672485
4001000.0,-0.0022445738822732056,0.4437434193821405,787829.7972020619,4001000.0,-0.003804724099575204,0.4364555087138413,762164.1377577187
4001000.0,0.0002290332024765673,0.08635929703238077,29839.1706638918,4001000.0,0.0006060336565996858,0.0859607313059964,29564.378553973496
