cur_n,cur_mean,cur_std,cur_S,next_n,next_mean,next_std,next_S
14251000.0,-0.023498174060652532,0.07402548844345393,78092.24415784932,14251000.0,-0.023454427370597834,0.07052534143663315,70881.96275652475
14251000.0,-0.024298276695840868,0.0829102817636014,97963.01033002892,14251000.0,-0.024264566653434447,0.07773446714394161,86113.76784305582
14251000.0,-0.03347540360338661,0.12380146025515204,218422.24905020016,14251000.0,-0.03340160795948763,0.1167882378043283,194376.40746701424
14251000.0,0.03242212130425012,0.13646939831129687,265409.1515218008,14251000.0,0.032643683831535604,0.12568299507066305,225111.86352678537
14251000.0,0.03216210169662937,0.14356145664048933,293711.56850836496,14251000.0,0.032397622440048804,0.12994364716433962,240633.1433482164
14251000.0,0.04855427544933861,0.21010485313691948,629096.8467408444,14251000.0,0.048907338674126395,0.1902446388732633,515786.76535788167
