cur_n,cur_mean,cur_std,cur_S,next_n,next_mean,next_std,next_S
5151000.0,-0.017600965061083388,0.06507622798821489,21814.049478695903,5151000.0,-0.01755380553737682,0.06142927480814015,19437.585943591566
5151000.0,-0.018537688310602554,0.08024610310481071,33169.54031412925,5151000.0,-0.01849485931165703,0.07405423019553076,28248.233429751046
5151000.0,-0.024261008560683278,0.10516541580891628,56968.84787833288,5151000.0,-0.02419809958590195,0.0990767488550626,50563.257345162805
5151000.0,0.03242025640308271,0.15118436542466396,117734.92530896925,5151000.0,0.03262943981635338,0.14200444843012622,103871.27163918749
5151000.0,0.031950986917398644,0.15641090992842138,126015.98400762389,5151000.0,0.03217876934800764,0.14269065354487342,104877.56705928403
5151000.0,0.04932196773427122,0.22539308718534787,261681.32736110137,5151000.0,0.049652877190123144,0.2099703366970529,227094.93034956252
