cur_n,cur_mean,cur_std,cur_S,next_n,next_mean,next_std,next_S
5901000.0,-0.023911870770930575,0.07574867913019831,33859.125963211445,5901000.0,-0.02387644910138697,0.0720889394591633,30666.40645003912
5901000.0,-0.025482295088458656,0.08663785839186977,44293.60530821183,5901000.0,-0.0254558891466922,0.08111540090586448,38826.85846656693
5901000.0,-0.03443028959891209,0.12715444747385193,95408.86397655775,5901000.0,-0.03435960375714418,0.11978970275265273,84676.82959774206
5901000.0,0.032652550024960016,0.14007451562231454,115782.75343820048,5901000.0,0.03286791178484219,0.12919623033863797,98497.52067484867
5901000.0,0.032312295982630294,0.14928234922679115,131505.08198474153,5901000.0,0.03255271120953217,0.1353288466879058,108070.30469743027
5901000.0,0.04846835431153619,0.21638478976913975,276298.8481135088,5901000.0,0.048824513734021226,0.1961292471742658,226991.88810474818
