cur_n,cur_mean,cur_std,cur_S,next_n,next_mean,next_std,next_S
3651000.0,-0.02318722265485814,0.13182054402946378,63442.170428845086,3651000.0,-0.02254019554276004,0.13318971497351126,64766.915137921584
3651000.0,-0.0029047340049435356,0.10522339200868358,40423.73408644361,3651000.0,-0.0024013647309313307,0.1056346131440467,40740.30962493136
3651000.0,0.0029512945198645673,0.054213584987591885,10730.700822602204,3651000.0,0.0031865934701381517,0.053614735132262566,10494.944894878046
3651000.0,0.006729573032214643,0.19239444651874194,135144.03976012487,3651000.0,0.006776557770126166,0.18845740606801153,129669.62393577627
3651000.0,-0.0006555539521502284,0.23151617918331252,195692.65520750842,3651000.0,-0.0006112697153102202,0.2283911107353681,190445.28553917634
3651000.0,8.077667700663158e-05,0.0655983877457441,15710.795081644455,3651000.0,8.47874937352426e-05,0.06276403850332,14382.473856278008
