cur_n,cur_mean,cur_std,cur_S,next_n,next_mean,next_std,next_S
17801000.0,-0.0234483466962174,0.0738172427297706,96997.38775654472,17801000.0,-0.023404759976600412,0.07036836106711528,88145.32276527917
17801000.0,-0.024024745110733332,0.08215162415292111,120136.979336489,17801000.0,-0.02399379587302066,0.07710466968531782,105829.26068370632
17801000.0,-0.03327335126834599,0.12284778677820435,268645.1927289125,17801000.0,-0.03319483818781229,0.11603478968722968,239673.95310853905
17801000.0,0.0324030759945669,0.13558221377939886,327227.53567783587,17801000.0,0.03262175597618393,0.12483646847442106,277413.3448726004
17801000.0,0.03218639143081576,0.14214821206657605,359689.0387624858,17801000.0,0.03241641221201044,0.12870031116969952,294851.6714642544
17801000.0,0.048729437362742684,0.20847406843602403,773657.0437799813,17801000.0,0.049072677632687745,0.18887341670182523,635018.0553193961
