cur_n,cur_mean,cur_std,cur_S,next_n,next_mean,next_std,next_S
18851000.0,-0.02339156071285224,0.07371086507047622,102422.98050653483,18851000.0,-0.0233484835122113,0.0702752041127046,93097.62990591433
18851000.0,-0.023929554591186557,0.08193713613839479,126559.85084516928,18851000.0,-0.02389798846699673,0.07692671997699933,111554.94436525716
18851000.0,-0.03318668049462784,0.12256702061266357,283192.43778869894,18851000.0,-0.03310676388525083,0.11580610363128532,252811.77213483915
18851000.0,0.032397640519191924,0.1354393280117883,345799.19194914046,18851000.0,0.032616246583206734,0.12471201029478966,293191.2149823333
18851000.0,0.032210077710690246,0.14191918356383862,379679.02146025334,18851000.0,0.03243869982520938,0.12852500401924893,311393.573682747
18851000.0,0.04876650169766778,0.20821562333442287,817261.462086022,18851000.0,0.04910596003769295,0.18868530913153345,671136.052022757
