cur_n,cur_mean,cur_std,cur_S,next_n,next_mean,next_std,next_S
501000.0,-0.0013127141740259507,0.10948513012647508,6005.483853124402,501000.0,-0.0007525091083906294,0.11038008985737022,6104.065882697483
501000.0,0.0024188151504224388,0.10661420992601078,5694.661468831896,501000.0,0.0029338880313612777,0.10677661912317638,5712.024442079313
501000.0,0.0047011388473856735,0.05162214752651704,1335.087903739994,501000.0,0.004997104299294539,0.05004671481072123,1254.8415053361775
501000.0,0.00330789860958983,0.2027313623496095,20591.102645344465,501000.0,0.00330885094345869,0.19910114886885633,19860.275007930144
501000.0,-0.001627717951649056,0.23166026885965282,26886.906564231438,501000.0,-0.0015896522530306188,0.22849307746171033,26156.7523104095
501000.0,0.0008668183346095579,0.0679972281108536,2316.4351384104893,501000.0,0.0009134397803015832,0.06456737299810014,2088.6417735937716
