cur_n,cur_mean,cur_std,cur_S,next_n,next_mean,next_std,next_S
4401000.0,-0.024149443392861708,0.0766461649893838,25854.266907958885,4401000.0,-0.024112708529425046,0.07289788623967185,23387.362101951618
4401000.0,-0.02596608590606934,0.0880090165880583,34088.32839050813,4401000.0,-0.02593984156540191,0.08234002911951599,29838.253620167463
4401000.0,-0.03497123683205866,0.1290664279601821,73312.48657899025,4401000.0,-0.03489438680085574,0.12155985732207286,65032.692012428095
4401000.0,0.03259364177732526,0.14179895988736912,88490.6650556399,4401000.0,0.0328080513170113,0.13087044908963288,75376.25463210259
4401000.0,0.032185249081044316,0.1515618469879089,101095.34222796213,4401000.0,0.03242484521501627,0.13747900684404488,83181.00069775256
4401000.0,0.04882580788013744,0.22042975635494141,213841.41021896157,4401000.0,0.049182374527541844,0.19997089212998986,175988.76223446103
