cur_n,cur_mean,cur_std,cur_S,next_n,next_mean,next_std,next_S
4201000.0,-0.024201583602000545,0.07681272686092826,24786.719227816404,4201000.0,-0.02416455753187376,0.0730602307314598,22424.086518357934
4201000.0,-0.02613344645500388,0.08845539955832533,32870.12674400754,4201000.0,-0.026108081920978073,0.08275432605050362,28769.61789478693
4201000.0,-0.03502988056925318,0.12925443020676525,70184.87916564538,4201000.0,-0.03495306591571279,0.12174260153178877,62264.117577484896
4201000.0,0.03256195892795325,0.1419789192751336,84683.81479136512,4201000.0,0.032770807736946087,0.13108405864505274,72185.91084004128
4201000.0,0.032196262228833865,0.15216325425013535,97268.50862070758,4201000.0,0.032436373488248044,0.13804478028268627,80055.77408720285
4201000.0,0.048780923820770365,0.2208084926922702,204825.59625958087,4201000.0,0.04913702496684306,0.20035430779865804,168635.906193267
