cur_n,cur_mean,cur_std,cur_S,next_n,next_mean,next_std,next_S
25751000.0,-0.023298839511771405,0.07341539327824757,138793.25405261398,25751000.0,-0.02325510818084671,0.07004095301895356,126327.58455503377
25751000.0,-0.023669394988375125,0.0808504241314892,168328.90715880579,25751000.0,-0.023633399058637133,0.07605762407182293,148963.41088303595
25751000.0,-0.03297729887972305,0.12157157569599697,380590.71609111084,25751000.0,-0.032897377086430236,0.11502513772803265,340705.87524814595
25751000.0,0.03225938514783863,0.13419295488169644,463717.5481010761,25751000.0,0.03247908994200263,0.12348711865581655,392678.76227180363
25751000.0,0.03228296499961242,0.14016948753939099,505942.3923394158,25751000.0,0.03250829950110493,0.12704212952462282,415613.48356206354
25751000.0,0.048730452287339285,0.2060160443948154,1092939.664223777,25751000.0,0.04907226368979081,0.1867839410815187,898407.0848737104
