cur_n,cur_mean,cur_std,cur_S,next_n,next_mean,next_std,next_S
22401000.0,-0.02325790617969534,0.07339070263672619,120656.15942591056,22401000.0,-0.02321284399245319,0.06999989083961021,109764.5576580021
22401000.0,-0.023737068189669978,0.08126774119397032,147946.18944220993,22401000.0,-0.023701920133576786,0.07638266164963865,130694.40072630391
22401000.0,-0.0330860296462856,0.12202591126212116,333558.12595648324,22401000.0,-0.033006229682323786,0.1153969361731727,298301.8609235568
22401000.0,0.032274574763171485,0.13462269715431444,405979.38446647977,22401000.0,0.03249278019838237,0.1239347690291335,344075.4840513989
22401000.0,0.032244870230076605,0.14091351684951284,444808.12739134463,22401000.0,0.0324689133534436,0.12769095445250567,365247.853597267
22401000.0,0.04885769704881469,0.20718149645818298,961544.3876046814,22401000.0,0.04919846269863712,0.18787225317201048,790665.3266506993
