cur_n,cur_mean,cur_std,cur_S,next_n,next_mean,next_std,next_S
18801000.0,-0.0233951006161177,0.07371440209024843,102161.11963290456,18801000.0,-0.023352089430073684,0.07027807427974321,92858.28422774363
18801000.0,-0.023936253409733616,0.08195157724895365,126268.66311652848,18801000.0,-0.023904641798882534,0.07693936383611844,111295.63496683177
18801000.0,-0.033192447898372564,0.12258827419067939,282539.2653030938,18801000.0,-0.03311255270848999,0.11582411626473169,252219.66230582286
18801000.0,0.03239965353383729,0.13543994535002996,344885.1453514755,18801000.0,0.03261765044219565,0.12471294339870272,292417.9364402101
18801000.0,0.03221003147325626,0.14193569714387572,378760.0976680222,18801000.0,0.03243883191686416,0.12853814930987192,310631.17162235826
18801000.0,0.04876706995936095,0.20823886103468284,815275.7204296577,18801000.0,0.0491066128426821,0.18870304636784452,669481.7953596002
