cur_n,cur_mean,cur_std,cur_S,next_n,next_mean,next_std,next_S
651000.0,-0.015476566506366956,0.1731624509547575,19520.387607848876,651000.0,-0.014828056235992105,0.1748217273334138,19896.276262442854
651000.0,-0.01295704199317212,0.17686113284825797,20363.18906335232,651000.0,-0.012348041274102783,0.17779997796144514,20579.953738171833
651000.0,-0.0008851131546344777,0.08289315056887986,4473.199641713976,651000.0,-0.0005988923069490383,0.08366186932441562,4556.549754634993
651000.0,0.008449881831703785,0.22346816572464515,32509.65173111169,651000.0,0.00844279827776723,0.22020841136197403,31568.125626901405
651000.0,0.0031461620051929312,0.2663431048853968,46181.06083751575,651000.0,0.0032010401804214643,0.26350469314596014,45202.00487477525
651000.0,0.0018190825468532006,0.07336593668950638,3504.0469937799558,651000.0,0.0018002961666381979,0.07128966228056773,3308.522582198388
