cur_n,cur_mean,cur_std,cur_S,next_n,next_mean,next_std,next_S
31801000.0,-0.0234987485010475,0.07352091939532544,171894.7590473281,31801000.0,-0.023455410749151074,0.07016776431715861,156572.70526188178
31801000.0,-0.02377844676350546,0.0803846745090273,205488.39118622383,31801000.0,-0.023740715509660438,0.07571957099631757,182329.55258678264
31801000.0,-0.03304187100079745,0.12136551951171272,468415.67016719026,31801000.0,-0.0329583761334513,0.11496384280783142,420303.8045551252
31801000.0,0.03219290976473822,0.13328185468858972,564914.6427503142,31801000.0,0.03241209750936119,0.12252432015838163,477403.2593717309
31801000.0,0.032276442328043484,0.13888226603698306,613386.713746061,31801000.0,0.03249869492823202,0.12586491730268604,503790.723539469
31801000.0,0.04883716956543415,0.2047487589829963,1333163.248955757,31801000.0,0.04918419018366304,0.18558034751456612,1095228.5192647262
