cur_n,cur_mean,cur_std,cur_S,next_n,next_mean,next_std,next_S
1201000.0,-0.008376984608275299,0.11769650580982055,16636.81344328919,1201000.0,-0.007777911146014149,0.11885229423207502,16965.167280917507
1201000.0,0.0029253043421575745,0.11672336071566489,16362.835867047823,1201000.0,0.003517625231268989,0.1164240267841431,16279.019369174477
1201000.0,0.003987519085944986,0.04726758488055067,2683.3037211085148,1201000.0,0.0042505624662155335,0.04574372855619659,2513.0789313698183
1201000.0,0.004261639433655602,0.19055434536978832,43609.46120570959,1201000.0,0.00427616364620389,0.18674085967797238,41881.450556595075
1201000.0,0.0009832377511042737,0.21748161028190516,56805.199223783384,1201000.0,0.0010419710924977604,0.2138410109295626,54919.30152440815
1201000.0,0.0003501512817518175,0.06527985723673764,5118.013172779466,1201000.0,0.00035795842718707317,0.062072758560225816,4627.48585368658
