cur_n,cur_mean,cur_std,cur_S,next_n,next_mean,next_std,next_S
1651000.0,-0.026539624643735164,0.08330895838507443,11458.57158543721,1651000.0,-0.02651880123641354,0.07931388416285205,10385.932856868216
1651000.0,-0.03035200536616539,0.09649360261039333,15372.486334153367,1651000.0,-0.030349804585207578,0.09040289725479364,13493.101006732339
1651000.0,-0.040765928602762916,0.14265288963518738,33597.59726701504,1651000.0,-0.04068925678476082,0.13441650904346675,29829.934338566854
1651000.0,0.03239638417691642,0.14568838046388707,35042.64703781621,1651000.0,0.03260937912856665,0.13447422639354878,29855.55729840077
1651000.0,0.0319118936531514,0.16020874557234271,42375.95640263287,1651000.0,0.0321450624186466,0.1455032995001577,34953.6679831292
1651000.0,0.04867244632824796,0.23343489319051552,89966.04329149006,1651000.0,0.04904777347315817,0.21153486161793722,73877.29316921748
