cur_n,cur_mean,cur_std,cur_S,next_n,next_mean,next_std,next_S
1351000.0,-0.026609860406463657,0.08498200344485908,9756.842168737256,1351000.0,-0.026587345168685442,0.08094272487873234,8851.380084282904
1351000.0,-0.03099917516179083,0.09792280927109695,12954.572253559447,1351000.0,-0.030990133211302114,0.09182849367160067,11392.27000974352
1351000.0,-0.041998963491631416,0.14609688474153013,28836.1489368241,1351000.0,-0.041935237310653656,0.13768219437880436,25610.078362748834
1351000.0,0.032213851446164635,0.14814691952131004,29651.0856906959,1351000.0,0.032413246689027134,0.13696100751596896,25342.48705029535
1351000.0,0.03164433802304228,0.16253303234422786,35689.348900666264,1351000.0,0.03186840955343763,0.14789651196625364,29550.934018160457
1351000.0,0.048381581085477424,0.23806938188268503,76570.66832709502,1351000.0,0.04877267111344237,0.21609740031779612,63089.11475897238
