cur_n,cur_mean,cur_std,cur_S,next_n,next_mean,next_std,next_S
5151000.0,-0.004055783092015944,0.08515694417512948,37353.53318255876,5151000.0,-0.008582144014898686,0.08917842129092655,40964.82553412516
5151000.0,-0.02228356957192785,0.1591372546432127,130447.35361501583,5151000.0,-0.024892602285647526,0.15455226827678148,123038.86509554544
5151000.0,-1.2883755154035044e-05,0.02237011691861699,2577.6743965368128,5151000.0,-9.937580664058584e-06,0.021148846680995998,2303.906910787755
5151000.0,-0.0013591704443084174,0.23563675752377572,286007.6343875375,5151000.0,0.0014324474126155477,0.2375306262986341,290623.53271200985
5151000.0,-0.002123005301557421,0.4420710513184625,1006643.521045539,5151000.0,-0.0036833533668822085,0.43476821282489725,973659.5276461019
5151000.0,-4.167959244026298e-05,0.08627730316968078,38342.87494054223,5151000.0,0.00033531918124582585,0.08588014991715069,37990.686171580026
