cur_n,cur_mean,cur_std,cur_S,next_n,next_mean,next_std,next_S
5801000.0,-0.01766130784341917,0.06508091918723094,24570.28657112058,5801000.0,-0.017615208445168205,0.06142801499254575,21889.499351387592
5801000.0,-0.018648450683951597,0.08030721202100173,37412.08940330211,5801000.0,-0.018605509986800443,0.0741375979505069,31884.520276681695
5801000.0,-0.024027397656657054,0.1044981944263427,63346.181175159545,5801000.0,-0.023969260852790768,0.09847113636670311,56249.77180932643
5801000.0,0.032469458945970225,0.1510748577336547,132399.7769202545,5801000.0,0.03268227358830632,0.14188041714642274,116774.43611669865
5801000.0,0.03209474500302091,0.15653291878040204,142139.3195937512,5801000.0,0.03232180225125711,0.1428719983164527,118412.37824493443
5801000.0,0.04899090042355325,0.2241988501572974,291587.98671316676,5801000.0,0.049325138910092776,0.2088970462906197,253143.89847983178
