cur_n,cur_mean,cur_std,cur_S,next_n,next_mean,next_std,next_S
14401000.0,-0.023500351603925267,0.07401908573357456,78900.55958586618,14401000.0,-0.023456984528153983,0.07051900947864179,71615.17497972015
14401000.0,-0.0242853931105399,0.08287374959557733,98906.90861561056,14401000.0,-0.02425165127356196,0.0777024964806043,86948.6002921432
14401000.0,-0.03345987127177239,0.12373463337906089,220483.04702278622,14401000.0,-0.033385290643892625,0.11672548647019977,196211.30919974067
14401000.0,0.032418693794127325,0.13642122532873105,268013.4211214909,14401000.0,0.03264071652753959,0.125630697992901,227292.02387812053
14401000.0,0.03215652890082072,0.1434855870476725,296489.42525566934,14401000.0,0.03239234664429593,0.12987017451897293,242891.0423683038
14401000.0,0.04854602188921164,0.20999296180404958,635041.5307482204,14401000.0,0.048898819620073204,0.1901312599246461,520594.6523036806
