cur_n,cur_mean,cur_std,cur_S,next_n,next_mean,next_std,next_S
25251000.0,-0.02327746822485476,0.07339508280275896,136023.0508736817,25251000.0,-0.02323267859454056,0.07001960711170734,123799.22359234598
25251000.0,-0.023666554118865053,0.08089610403952438,165247.08031118097,25251000.0,-0.02362968952602257,0.07609174257028735,146202.1104597051
25251000.0,-0.03298224672776974,0.1215953165078943,373346.6655865352,25251000.0,-0.032903004214501645,0.11503299047514039,334136.1022546545
25251000.0,0.03225172999260935,0.13425950698643493,455164.8098252907,25251000.0,0.03247157272508858,0.12355700527629569,385490.1885429285
25251000.0,0.03227633070634293,0.1402928680204239,496992.4247280684,25251000.0,0.03250111339170676,0.1271509075000411,408241.83762489934
25251000.0,0.04874131303473748,0.20616621507959929,1073281.337574492,25251000.0,0.04908389979475964,0.1869224098738481,882269.6196417463
