cur_n,cur_mean,cur_std,cur_S,next_n,next_mean,next_std,next_S
4051000.0,-0.014833908250028173,0.11683244640044456,55295.42297477855,4051000.0,-0.014198516412240226,0.11805664581322702,56460.29243533309
4051000.0,0.0038925960420523125,0.11803209313623528,56436.810365999845,4051000.0,0.0044630623343518295,0.11779450379407867,56209.83329770161
4051000.0,0.00506591645865058,0.04927811606410308,9837.175860173045,4051000.0,0.005336645608292077,0.04778700406957676,9250.854517438216
4051000.0,0.004846471086925248,0.1828533414165835,135446.5804366663,4051000.0,0.00485511018089784,0.17873959976311116,129420.718164606
4051000.0,0.002296874800828085,0.20416869148327182,168865.3459116473,4051000.0,0.0023111057009186087,0.20033577901321226,162584.5530533168
4051000.0,0.00017180973949578317,0.0654707396146066,17364.27828776434,4051000.0,0.0001864600343978992,0.06217777360386117,15661.471973379043
