cur_n,cur_mean,cur_std,cur_S,next_n,next_mean,next_std,next_S
9751000.0,-0.023458673261322317,0.074300742717054,53831.374191350376,9751000.0,-0.023414354459158796,0.07072807793664332,48778.997294974564
9751000.0,-0.024599616390480316,0.08402267621551378,68840.20846468481,9751000.0,-0.02456706374641626,0.07871434265891179,60416.68641492988
9751000.0,-0.033679471741160545,0.12473817199151331,151721.77224144925,9751000.0,-0.03359865312738729,0.11759413929925865,134840.54895754863
9751000.0,0.03248056492604316,0.13808100043374322,185916.10250031893,9751000.0,0.03270160004153077,0.12731418441370013,158052.99904257798
9751000.0,0.032239133451339275,0.14589473917643953,207552.71573869223,9751000.0,0.032472618951914375,0.1322157078468645,170457.16665751385
9751000.0,0.048608369288575565,0.21298436783936284,442328.1865442908,9751000.0,0.04895234625486474,0.1930233114343951,363302.745880477
