cur_n,cur_mean,cur_std,cur_S,next_n,next_mean,next_std,next_S
25951000.0,-0.023301987395138415,0.07340744279087949,139840.92510430465,25951000.0,-0.023258321445263682,0.07003447365745327,127285.17846486607
25951000.0,-0.023670041655941366,0.0808284810508883,169544.19814973834,25951000.0,-0.02363384612410578,0.0760380430685594,150043.07642040733
25951000.0,-0.032986120890114504,0.12159269067113972,383679.88870202645,25951000.0,-0.03290558430051142,0.11504934803125846,343496.58327122004
25951000.0,0.03225074017033773,0.1341400768795175,466950.8814052777,25951000.0,0.03247026221977029,0.12343140108993092,395371.5499226322
25951000.0,0.03228391465066329,0.14012715149793653,509563.9379493078,25951000.0,0.03250944236668463,0.12699317968615847,418518.72374017106
25951000.0,0.048745705457329834,0.20600354575056679,1101294.546824724,25951000.0,0.04908669906111744,0.1867666110734272,905216.7357245926
