cur_n,cur_mean,cur_std,cur_S,next_n,next_mean,next_std,next_S
1101000.0,-0.012514153237563191,0.15172458457853788,25345.404871648414,1101000.0,-0.011869490158922517,0.15322953871229575,25850.69997891522
1101000.0,-0.007092266012984454,0.14796443780415905,24104.71581502564,1101000.0,-0.0065441396033972254,0.14877461925686408,24369.409955862382
1101000.0,0.000934755290137884,0.0692966810890041,5287.0350409562025,1101000.0,0.0011779878184836501,0.06957607194992649,5329.753596567464
1101000.0,0.007446548896923837,0.2114225415564418,49214.13967708208,1101000.0,0.0074697850078635,0.20799065827854962,47629.38543818999
1101000.0,0.0011961706869545305,0.26046600246914264,74694.63482492323,1101000.0,0.0012561050673196316,0.25770001397792647,73116.63622185006
1101000.0,0.0005007838103432892,0.0697605478737026,5358.053977642707,1101000.0,0.0004895405480207369,0.06741359497728906,5003.596659325933
