cur_n,cur_mean,cur_std,cur_S,next_n,next_mean,next_std,next_S
7101000.0,-0.003760792230456552,0.08327616054217123,49244.859212897514,7101000.0,-0.008287937163377565,0.08730403973845538,54123.78901339661
7101000.0,-0.02272580805062936,0.15747482792599635,176092.88047671766,7101000.0,-0.025336095924683336,0.15289628641357123,166002.02550773078
7101000.0,-8.127491096662722e-06,0.022108691582697616,3470.927923085294,7101000.0,-7.428479745421198e-06,0.02088471469392233,3097.2524570182472
7101000.0,-0.0013981974211918363,0.23112659273103628,379331.8827608215,7101000.0,0.001393085087745972,0.23301586540685978,385558.69046581665
7101000.0,-0.0021857335692779894,0.440576870150474,1378360.7554107837,7101000.0,-0.003746143447849025,0.4332740041907929,1333044.9015861226
7101000.0,-0.00015404153779740196,0.08597657249465504,52490.38619831151,7101000.0,0.0002229565411569048,0.08557871357362944,52005.7088563298
