cur_n,cur_mean,cur_std,cur_S,next_n,next_mean,next_std,next_S
4751000.0,-0.024042219417065903,0.07626980490938694,27636.962002491644,4751000.0,-0.024008216323019246,0.072547582086766,25005.23356818788
4751000.0,-0.025823946613154788,0.08758858226995388,36448.53054403133,4751000.0,-0.025795875156926867,0.08198101121229108,31930.930333300927
4751000.0,-0.03473713124203076,0.12842832412832056,78362.207416881,4751000.0,-0.0346615739032919,0.12095361294001387,69506.06807188602
4751000.0,0.032563507710780606,0.14106064804747578,94535.90363740329,4751000.0,0.03277953742702297,0.13016308582910124,80493.47976354396
4751000.0,0.032284490116624744,0.1508769533331665,108151.07532876499,4751000.0,0.03252340676433411,0.1368700993018634,89002.49781786716
4751000.0,0.04861184472089533,0.21919310414982135,228264.72592437037,4751000.0,0.048969764641013415,0.19874718645798906,187666.61003771666
