cur_n,cur_mean,cur_std,cur_S,next_n,next_mean,next_std,next_S
32901000.0,-0.02349140683717097,0.07348957262952846,177688.9994026926,32901000.0,-0.023448058394657145,0.07013804195350823,161851.36751140052
32901000.0,-0.023779002914705003,0.08033580788241433,212337.85656718217,32901000.0,-0.02374090782415058,0.07568266076498166,188452.49098651443
32901000.0,-0.032956882399532005,0.12116809826597354,483042.8761382546,32901000.0,-0.03287374555451774,0.1147939129735248,433557.6144373936
32901000.0,0.032198295229381606,0.13328242818065403,584460.1304766181,32901000.0,0.03241663874892196,0.12252958457408032,493959.13375409745
32901000.0,0.03230278597294123,0.1388906047938316,634680.033889979,32901000.0,0.03252462532334089,0.12589206818182166,521441.79095590365
32901000.0,0.048830327298927105,0.20461934199438223,1377534.4404643571,32901000.0,0.04917758605188768,0.185498788887425,1132116.852129957
