cur_n,cur_mean,cur_std,cur_S,next_n,next_mean,next_std,next_S
26551000.0,-0.02333478130632816,0.07344405005215511,143216.85038657306,26551000.0,-0.0232901588360207,0.0700724518495212,130369.35304131021
26551000.0,-0.023668886090185567,0.08073283478079524,173053.85853239323,26551000.0,-0.023633035733008227,0.07596075782577145,153200.24520403848
26551000.0,-0.03297480179794219,0.12150963332627124,392014.6554042948,26551000.0,-0.032892986361720083,0.11497842544178391,351005.237356575
26551000.0,0.03224389259345601,0.1340382529686508,477021.99027673603,26551000.0,0.03246302458938383,0.1233155306239382,403753.62519092736
26551000.0,0.03226620369861187,0.13988300547485788,519530.19336425123,26551000.0,0.03249113072084918,0.12677125805893194,426699.8430962365
26551000.0,0.04870910308053676,0.20573407576182898,1123811.165140119,26551000.0,0.04904956289179179,0.18648390289760383,923344.1086059937
