cur_n,cur_mean,cur_std,cur_S,next_n,next_mean,next_std,next_S
2801000.0,-0.021143146158559622,0.13350569133231788,49924.37870035449,2801000.0,-0.02049890360114308,0.13492608278108345,50992.338928828445
2801000.0,-0.003403299970628674,0.11147239732066261,34805.49311572829,2801000.0,-0.0029081580622372194,0.1119686834630144,35116.09800011044
2801000.0,0.0026459255434215724,0.05622273449314215,8853.949442755684,2801000.0,0.002892184484761447,0.055753854005562736,8706.886754362566
2801000.0,0.0067746361725746895,0.19464656959683746,106122.29104334199,2801000.0,0.006815351470045652,0.19080674615450335,101976.60747297149
2801000.0,-0.0003090397856813009,0.23438103278028563,153871.44634455646,2801000.0,-0.00028149142448739926,0.23136237636919352,149933.4663069602
2801000.0,0.0002520885302211915,0.06638988592919635,12345.735087290464,2801000.0,0.00025917161176264774,0.0635991054324919,11329.614239288834
