cur_n,cur_mean,cur_std,cur_S,next_n,next_mean,next_std,next_S
5551000.0,-0.003921488607799003,0.08459483875104058,39724.54771213911,5551000.0,-0.008449065633811434,0.08861895958757653,43593.779311032486
5551000.0,-0.022334847318163622,0.1585893805336615,139610.93407179829,5551000.0,-0.024945326499348545,0.15401340249238146,131670.4313455529
5551000.0,-1.0517315715427176e-05,0.02231570224826164,2764.3456364903695,5551000.0,-8.339716649385505e-06,0.021093006263434376,2469.722683335743
5551000.0,-0.0014199460638213413,0.23420839785057973,304492.1871853554,5551000.0,0.0013716077175580823,0.2361081377119706,309451.8895033663
5551000.0,-0.002195336861898091,0.44162638222009154,1082632.9650355484,5551000.0,-0.0037556608750078852,0.4343261526585111,1047136.237408334
5551000.0,-8.010974429128372e-05,0.08624384560587228,41288.34302304181,5551000.0,0.00029688921948840173,0.08584677614436975,40909.03247679188
