cur_n,cur_mean,cur_std,cur_S,next_n,next_mean,next_std,next_S
25301000.0,-0.023276386661531496,0.07338891339519162,136269.48094858078,25301000.0,-0.023231900296579417,0.07001362702493137,124023.17352838005
25301000.0,-0.023667907938907697,0.0808944568556198,165567.546607283,25301000.0,-0.023631024444490306,0.07609128510509694,146489.8467079812
25301000.0,-0.032975257737025754,0.12157314951655702,373949.5563200742,25301000.0,-0.032895450204869246,0.11501229744598297,334677.2904927863
25301000.0,0.032248819749104776,0.13424287648069877,455953.1132609332,25301000.0,0.03246869668451613,0.12354091101779252,386152.88674288016
25301000.0,0.032281122763996944,0.14029059308624325,497960.37931530253,25301000.0,0.03250571431400241,0.12714903316807846,409038.1457567367
25301000.0,0.04873233576464462,0.20612793828097034,1075007.2803080168,25301000.0,0.04907449492147488,0.1868855859217562,883668.3485227735
