cur_n,cur_mean,cur_std,cur_S,next_n,next_mean,next_std,next_S
9651000.0,-0.023465908709499536,0.0743340234196089,53327.05446129596,9651000.0,-0.023421144293417632,0.07075958704597882,48321.776802712346
9651000.0,-0.02461042835292987,0.08404062495218939,68163.33992536385,9651000.0,-0.024577572952948542,0.0787291250373554,59819.55327140291
9651000.0,-0.03369060820112752,0.12476555507820904,150231.74847657935,9651000.0,-0.0336096015907827,0.1176187376412228,133513.55000508213
9651000.0,0.03248739400812839,0.13813544007468564,184154.58951445587,9651000.0,0.03270851234366343,0.1273715683809743,156573.15708358368
9651000.0,0.032226173471828906,0.1459079757203284,205461.46484283684,9651000.0,0.03245955344510233,0.1322298531803589,168745.1685298301
9651000.0,0.0486117556590853,0.2130462770471045,438046.4996952086,9651000.0,0.04895538200245716,0.1930797835421782,359787.37694531353
