cur_n,cur_mean,cur_std,cur_S,next_n,next_mean,next_std,next_S
201000.0,-0.06392696878122839,0.1396977597580886,3922.608280367157,201000.0,-0.0639287411132889,0.13404426035377423,3611.5406104918716
201000.0,-0.06950050566697451,0.1497115263641971,4505.121766385835,201000.0,-0.06954504415012223,0.14221021607772477,4064.9728569315066
201000.0,-0.09307947333587845,0.21675667151082414,9443.674383534717,201000.0,-0.09300452048602587,0.20776428439598804,8676.365571985978
201000.0,0.032971444986119126,0.17370566157728884,6064.905029664725,201000.0,0.03310569254908899,0.15815852877356162,5027.838164987322
201000.0,0.029097571680885396,0.20531433784374487,8472.949442167295,201000.0,0.02939881230744288,0.18670318148010362,7006.473672933295
201000.0,0.04527059082583007,0.2772305693771342,15448.214508031177,201000.0,0.04561767186093716,0.2513206303874868,12695.573910931116
