cur_n,cur_mean,cur_std,cur_S,next_n,next_mean,next_std,next_S
33451000.0,-0.02348404653891875,0.07345482002526271,180488.5696769529,33451000.0,-0.023440844729786154,0.07010457123706079,164399.9875346181
33451000.0,-0.023788565592481565,0.08031974985967202,215801.17243827105,33451000.0,-0.023749234185870202,0.07567050277947321,191541.26197053777
33451000.0,-0.03291359548614215,0.12105302998942823,490185.47036490584,33451000.0,-0.03283029356250806,0.11469195879778768,440022.663306029
33451000.0,0.03218031224239588,0.13322755468525177,593741.2449832506,33451000.0,0.03239859961886345,0.12247523067318491,501771.09237877605
33451000.0,0.0323183027792383,0.1388916632421949,645299.6991473486,33451000.0,0.03254061022467884,0.12589726539829754,530202.41211447
33451000.0,0.048812237025345484,0.20449915807235158,1398917.6639751084,33451000.0,0.0491605335212169,0.1853984670150725,1149797.5606595487
