cur_n,cur_mean,cur_std,cur_S,next_n,next_mean,next_std,next_S
13751000.0,-0.02348917965620784,0.07406040202515787,75423.45322990825,13751000.0,-0.023445867118218586,0.07055573051835819,68454.00585957272
13751000.0,-0.024326324551358185,0.08299477494359964,94718.71231682581,13751000.0,-0.024292581276189083,0.07780160581514732,83236.03876683145
13751000.0,-0.03353891716626502,0.12401447265833279,211484.73423438883,13751000.0,-0.033461784317851975,0.11697780377552479,188166.02422857238
13751000.0,0.03244284663003053,0.1366715895198156,256856.62562413517,13751000.0,0.03266409737500217,0.12590490680911245,217981.47847646385
13751000.0,0.03217058875001387,0.14379022505597444,284310.5719264786,13751000.0,0.03240576741864373,0.13015624862479125,232950.86517013508
13751000.0,0.048600458225855125,0.21057918555907898,609768.7527158597,13751000.0,0.04895518005153778,0.19068147336827448,499978.4433553556
