cur_n,cur_mean,cur_std,cur_S,next_n,next_mean,next_std,next_S
2951000.0,-0.004984249034637441,0.09021548325625883,24017.6974199421,2951000.0,-0.009507877945923806,0.094225939998422,26200.535445097943
2951000.0,-0.020595735656886126,0.16320096103556037,78598.56791832787,2951000.0,-0.023206661927549548,0.1586473536080972,74273.66826302212
2951000.0,3.9659397911748417e-07,0.022870532511113238,1543.5537704159099,2951000.0,5.6621063793293475e-06,0.021674696597873522,1386.3575866717263
2951000.0,-0.0012230563120764972,0.24784915430151266,181277.57890281433,2951000.0,0.0015695768120496502,0.24975633960280766,184078.15428596112
2951000.0,-0.0022178422093132822,0.445870369913456,586659.941348715,2951000.0,-0.003777917539809475,0.4385842448648837,567642.9686787594
2951000.0,7.429254047981654e-05,0.08628776284617887,21971.900728162298,2951000.0,0.0004512943364016227,0.08589009102471923,21769.844929628172
