cur_n,cur_mean,cur_std,cur_S,next_n,next_mean,next_std,next_S
20451000.0,-0.023300531249529157,0.0735301180054834,110571.97697051532,20451000.0,-0.023256287394246913,0.0701139622719974,100536.45554475253
20451000.0,-0.023787888149065062,0.08158048761543647,136109.0937492148,20451000.0,-0.023754300130504016,0.07663174489314428,120096.94987809981
20451000.0,-0.033084422979435944,0.1221822122735052,305302.6102621753,20451000.0,-0.03300709173358178,0.11549522306459271,272798.8861091843
20451000.0,0.03236772805912276,0.13519171138485425,373778.81281436636,20451000.0,0.032586515776022514,0.12448515410151093,316920.01750338473
20451000.0,0.03222727602609558,0.14153622474026584,409684.71708863176,20451000.0,0.03245346729998635,0.12823598389989938,336305.8062081206
20451000.0,0.048829767650163156,0.20777744869035983,882899.6958366104,20451000.0,0.049167763739649505,0.18839770993861105,725881.5995989214
