cur_n,cur_mean,cur_std,cur_S,next_n,next_mean,next_std,next_S
2701000.0,-0.005184625943297207,0.091085185282306,22408.876151340348,2701000.0,-0.009708947650130431,0.09509527843152138,24425.445457895126
2701000.0,-0.02036163812672184,0.16420227081144165,72825.4038827515,2701000.0,-0.022971647838778315,0.15964498987141357,68839.09805860915
2701000.0,1.3866897180867607e-05,0.022962300184537866,1424.1487875947996,2701000.0,1.8162874408135413e-05,0.021772842008919557,1280.4270093416503
2701000.0,-0.001257788119775675,0.24984984759654952,168609.7800751954,2701000.0,0.0015350370669050732,0.2517703170784893,171211.77820943005
2701000.0,-0.0021720735046427036,0.4467098788502391,538983.7825443298,2701000.0,-0.003732032371856977,0.439423476909957,521544.1715530755
2701000.0,2.5815412209816407e-05,0.08632352314654224,20127.17850141379,2701000.0,0.00040281781191270745,0.08592641000160384,19942.422774497816
