cur_n,cur_mean,cur_std,cur_S,next_n,next_mean,next_std,next_S
32201000.0,-0.023498968705681744,0.07352139297082594,174059.13161995812,32201000.0,-0.02345590812985695,0.0701684635172099,158545.2709834581
32201000.0,-0.023778178690740965,0.08035464346795695,207917.6298736986,32201000.0,-0.023740231121444452,0.07569386181053356,184497.58460922303
32201000.0,-0.03301119473273383,0.12127036273906086,473564.0348002804,32201000.0,-0.032927631834189265,0.11487706495709459,424948.22645169334
32201000.0,0.03219670375068609,0.13330045824725448,572179.9608516516,32201000.0,0.03241610545203777,0.12254077015916691,483537.95554904826
32201000.0,0.03228178538625361,0.1388592181514685,620895.8972759809,32201000.0,0.032504035178583204,0.1258493502439596,510001.3364687803
32201000.0,0.04883209915996083,0.2046668330598341,1348851.9927752472,32201000.0,0.049179885633682,0.1855121721121178,1108189.8800225456
