cur_n,cur_mean,cur_std,cur_S,next_n,next_mean,next_std,next_S
24801000.0,-0.0232612311048861,0.07335142668839172,133440.08900291534,24801000.0,-0.023216243416391974,0.0699745937955933,121436.70210986232
24801000.0,-0.023696028067435183,0.0809993283253675,162716.6623823741,24801000.0,-0.023658427970587675,0.07618261791320013,143939.82733956646
24801000.0,-0.033009667837460364,0.12167668045562476,367184.126468732,24801000.0,-0.032930657308298326,0.11510544042847327,328594.95718498994
24801000.0,0.032225677721006804,0.13422974794002707,446855.1233799035,24801000.0,0.032445964256539395,0.1235248100607312,378423.05015208555
24801000.0,0.03229751200617903,0.1404472525230438,489210.4078142777,24801000.0,0.03252170825060536,0.12728767586352183,401829.5823355042
24801000.0,0.04877125650345412,0.2063206652091834,1055734.3471474191,24801000.0,0.04911265137820956,0.187066216734587,867880.4759655523
