cur_n,cur_mean,cur_std,cur_S,next_n,next_mean,next_std,next_S
3751000.0,-0.004556150036768251,0.08779924164554226,28915.359332579737,3751000.0,-0.009079420112411996,0.09182406775164138,31627.154478636057
3751000.0,-0.02126857230284699,0.1610757753409802,97321.2156617689,3751000.0,-0.02388032009220568,0.15652176945483054,91895.99023907998
3751000.0,-2.8734653989431857e-05,0.022631098934567814,1921.137062837223,3751000.0,-2.136853330755386e-05,0.02142014524468164,1721.043656259519
3751000.0,-0.0012048892346761303,0.24188982001952639,219473.57954407483,3751000.0,0.0015873035294077865,0.24378381214697456,222923.98204048257
3751000.0,-0.0022588580521758083,0.44407947729133257,739721.8896496881,3751000.0,-0.003819048579658183,0.43679246392091686,715644.4996744336
3751000.0,0.00017932322154160467,0.08623760948438398,27895.906761218765,3751000.0,0.0005563236448910987,0.08583886002674668,27638.530399983472
