cur_n,cur_mean,cur_std,cur_S,next_n,next_mean,next_std,next_S
6951000.0,-0.0037877241343372654,0.08339108948827084,48337.76702578957,6951000.0,-0.008314386822910186,0.08742411353153437,53126.32358171032
6951000.0,-0.022676436755419353,0.15758187218673836,172607.55481749083,6951000.0,-0.02528688262136826,0.15300456991397765,162725.6793796154
6951000.0,-1.0220493549160187e-05,0.02212450672574451,3402.4713889075797,6951000.0,-9.136389041654818e-06,0.020900414760518123,3036.386820610864
6951000.0,-0.0013740918432913868,0.2314266864371036,372283.8211182347,6951000.0,0.0014172111588240817,0.23331511661470986,378384.24424814375
6951000.0,-0.0021936373593534103,0.4407111623221289,1350067.2100660824,6951000.0,-0.0037540374963933444,0.43340943479934796,1305701.8240411503
6951000.0,-0.0001347866223350602,0.0859935310659075,51401.862214408415,6951000.0,0.0002422117106621793,0.08559562271876883,50927.270479494626
