cur_n,cur_mean,cur_std,cur_S,next_n,next_mean,next_std,next_S
6451000.0,-0.0038059178728403523,0.08375582961524083,45254.01655375982,6451000.0,-0.008332856848133464,0.08778630920619741,49714.21917818139
6451000.0,-0.02255568974108716,0.15786514479968097,160767.97683386898,6451000.0,-0.0251663187893372,0.153290528045604,151585.50761181416
6451000.0,-1.2197000384756748e-05,0.02217559146721518,3172.323483996253,6451000.0,-1.0558239290169002e-05,0.02095232619895904,2831.9888267750734
6451000.0,-0.0013879465759784328,0.23224330988353348,347947.29661248595,6451000.0,0.0014034343612515665,0.23413499375219926,353638.62887605774
6451000.0,-0.0022028030349201424,0.4409373841116704,1254240.6855384228,6451000.0,-0.0037631938759286223,0.4336362421954585,1213048.5594083646
6451000.0,-0.00010705289293781706,0.0860355429382947,47751.04159868081,6451000.0,0.00026994565313735145,0.08563765065146556,47310.390305919966
