cur_n,cur_mean,cur_std,cur_S,next_n,next_mean,next_std,next_S
7001000.0,-0.0037711113526479145,0.08336464725292489,48654.60054564379,7001000.0,-0.008298110028807384,0.08739263207504927,53469.94245917552
7001000.0,-0.022688270227594357,0.15752646733113676,173726.9299567037,7001000.0,-0.025298706593033758,0.15294926033222583,163777.7271294611
7001000.0,-8.40012069191153e-06,0.022112671913684868,3423.280784395035,7001000.0,-7.584109579585458e-06,0.020889274148436585,3054.9687829142354
7001000.0,-0.0013908878094900392,0.2313581143920406,374739.5662423788,7001000.0,0.001400401677526483,0.23324656789840217,380882.1340161239
7001000.0,-0.0021931579249147657,0.44066172413578397,1359473.4685833708,7001000.0,-0.003753568796344692,0.43335987276529847,1314793.256041413
7001000.0,-0.0001481915425002675,0.08596226909347743,51733.971465603674,7001000.0,0.0002288068355452616,0.08556430817293625,51256.07708262556
