cur_n,cur_mean,cur_std,cur_S,next_n,next_mean,next_std,next_S
16101000.0,-0.023482922819036207,0.07387382722059363,87868.66914865996,16101000.0,-0.023439024381128496,0.07040179003084786,79803.19024875574
16101000.0,-0.02417529913038722,0.08250223184110836,109593.36058435906,16101000.0,-0.024142513161409775,0.07739580077385291,96446.76074653491
16101000.0,-0.03339738542248643,0.12331445403311424,244839.12508768268,16101000.0,-0.03332466794604502,0.11639891786118156,218147.74878407014
16101000.0,0.032370858716895184,0.1358085039845511,296966.03499755607,16101000.0,0.03259088880919471,0.12503518887959023,251719.78897475053
16101000.0,0.03218336079198265,0.14271441010072725,327935.5532942672,16101000.0,0.0324132679777641,0.12918228486635133,268694.49790771067
16101000.0,0.04863065367278537,0.20908450487791047,703876.6322288397,16101000.0,0.048981417417361464,0.1893586489162451,577328.6932000304
