cur_n,cur_mean,cur_std,cur_S,next_n,next_mean,next_std,next_S
16651000.0,-0.02348781548259379,0.07387710398371132,90878.26893527759,16651000.0,-0.023443330816935747,0.0704109724790652,82550.74671174929
16651000.0,-0.0241189043942149,0.08235990153285348,112946.28693872748,16651000.0,-0.0240865295651902,0.07727788653447956,99437.63646322493
16651000.0,-0.033371034423959,0.12317647166396326,252636.35125003094,16651000.0,-0.03329322929622639,0.1162933906554052,225190.66677638603
16651000.0,0.032392711949359096,0.1357315714937197,306762.3637370766,16651000.0,0.032613452501776205,0.12496195551515779,260013.52942109454
16651000.0,0.032160942826972114,0.14244831518626613,337874.14113760635,16651000.0,0.032391116404692506,0.12895156861451437,276881.2708586426
16651000.0,0.048680898033171834,0.2088740230821154,726455.7810406779,16651000.0,0.04902577027590819,0.1891703358585259,595862.9612969466
