cur_n,cur_mean,cur_std,cur_S,next_n,next_mean,next_std,next_S
25151000.0,-0.023270327795448114,0.07337399181955008,135406.5120323909,25151000.0,-0.02322589100793865,0.06999645073612895,123227.40286184712
25151000.0,-0.023668247656216706,0.08090993330235718,164648.94168815296,25151000.0,-0.02363114672552804,0.07610394930855352,145669.8409851263
25151000.0,-0.032986211755039234,0.12160594734279985,371933.14969929535,25151000.0,-0.032907264372772325,0.11504386562500489,332875.77419231413
25151000.0,0.03224103453221833,0.13423937152151882,453226.27320114925,25151000.0,0.03246085292777332,0.12353234471656231,383810.3010481564
25151000.0,0.03227372037900541,0.14031198912941523,495159.1629346399,25151000.0,0.03249851344671005,0.12716819377758395,406735.6718921351
25151000.0,0.048745728544628386,0.20617738361297003,1069146.713977782,25151000.0,0.04908772965324032,0.18694269817138187,878966.3934222485
