cur_n,cur_mean,cur_std,cur_S,next_n,next_mean,next_std,next_S
901000.0,-0.005726503250328942,0.11681319281449283,12294.435135979806,901000.0,-0.0051266251849320455,0.11798944336240672,12543.279379218493
901000.0,0.0037813384234752505,0.11721741648374885,12379.670377139299,901000.0,0.00436222495685332,0.11702270191041564,12338.575798935011
901000.0,0.0038655333872215304,0.046965328599413055,1987.373623496212,901000.0,0.004117411262423632,0.04546462440778926,1862.3958973597537
901000.0,0.0039058382275903468,0.19511077011084443,34299.459564535355,901000.0,0.003913443941093076,0.19133770039669842,32985.71414938015
901000.0,0.0005037549031654327,0.22318630587189794,44880.726542998695,901000.0,0.0005446662213057417,0.2196408126174681,43466.119997102825
901000.0,0.0005633150883651172,0.06502907220199595,3810.130988538616,901000.0,0.0005656678360886159,0.06182944081313719,3444.4146558899765
