cur_n,cur_mean,cur_std,cur_S,next_n,next_mean,next_std,next_S
8851000.0,-0.023509562148942134,0.07448527548385213,49105.84599182619,8851000.0,-0.023466926353234337,0.07089931046733498,44491.429901205214
8851000.0,-0.024778780865033313,0.08452015561912116,63228.50550374792,8851000.0,-0.024746307786619116,0.07917463247904918,55483.57711193191
8851000.0,-0.03381200957557133,0.12511834022439552,138558.8562845527,8851000.0,-0.03373020814674085,0.11795839172440052,123154.42645931122
8851000.0,0.03246892341194939,0.13831656308211004,169332.6553338217,8851000.0,0.03269077653486133,0.1275264739655852,143943.82682610356
8851000.0,0.032248227220816196,0.146542687930724,190073.09532514578,8851000.0,0.032483581886154876,0.13280129544921043,156097.86523002104
8851000.0,0.04859171467158918,0.21349587784663637,403432.91572878446,8851000.0,0.0489393223916145,0.19352476359228482,331486.1838266536
