cur_n,cur_mean,cur_std,cur_S,next_n,next_mean,next_std,next_S
29901000.0,-0.023457767799073985,0.07349227256101533,161498.71348698493,29901000.0,-0.023414287400341058,0.07013345761949241,147074.1048440653
29901000.0,-0.023755830409719653,0.08049812549855762,193756.9313907766,29901000.0,-0.02371813865083529,0.07580193284302324,171809.1433128951
29901000.0,-0.03311433625021416,0.12155526392163701,441807.6730752461,29901000.0,-0.03302972256075646,0.11511180264966471,396209.9912938444
29901000.0,0.03218128974141735,0.1333957454306329,532071.0989048261,29901000.0,0.03240070448716631,0.12262749523793963,449636.3648936825
29901000.0,0.032260364344695716,0.13910319357042644,578575.3336970581,29901000.0,0.03248412762830544,0.12604934294059367,475080.1504239419
29901000.0,0.04884167751495639,0.20507581478285375,1257519.141374464,29901000.0,0.049188109904717156,0.18585988465966047,1032897.0559952243
