cur_n,cur_mean,cur_std,cur_S,next_n,next_mean,next_std,next_S
1151000.0,-0.012667505025837194,0.1505248285695969,26079.04034230842,1151000.0,-0.012027092409479672,0.1520330768317169,26604.278975007466
1151000.0,-0.006800872733236979,0.1460379356043192,24547.467509542552,1151000.0,-0.006256093221010011,0.14682640975819788,24813.251787457044
1151000.0,0.0010598268597328034,0.06847081815076447,5396.1791319085505,1151000.0,0.0013030159758006428,0.06869826288385875,5432.088473071988
1151000.0,0.007477687536320761,0.21074677520777463,51120.74795280821,1151000.0,0.007497537847402851,0.20729306933297315,49458.94949910102
1151000.0,0.0011055745917828398,0.2600119901955274,77814.77653730033,1151000.0,0.0011621784434206713,0.2572326283746379,76160.08749070377
1151000.0,0.0005811878559874313,0.06947531066041467,5555.668428856657,1151000.0,0.0005703037069700979,0.06709851267807629,5182.04417455507
