cur_n,cur_mean,cur_std,cur_S,next_n,next_mean,next_std,next_S
32151000.0,-0.02349768746104736,0.07351815245501245,173773.54242255064,32151000.0,-0.02345482791726394,0.07016539593664037,158285.24978308502
32151000.0,-0.02377564812664345,0.08035406405021533,207591.79261737276,32151000.0,-0.02373754916244936,0.07569228531528867,184203.43343052795
32151000.0,-0.033009488228738317,0.12126835409124355,472813.0465972791,32151000.0,-0.03292598289149936,0.11487441834758466,424268.8396328637
32151000.0,0.03219382855541478,0.13329058612966627,571206.8946582486,32151000.0,0.03241301289657341,0.12253157214938891,482714.6694610123
32151000.0,0.03227615555309803,0.13885643428415442,619906.9464581689,32151000.0,0.032498335138903524,0.1258428802400279,509157.0772339652
32151000.0,0.04882256613795942,0.20465215531891637,1346564.4078598702,32151000.0,0.04917033284736477,0.18549643743668515,1106281.4538280223
