cur_n,cur_mean,cur_std,cur_S,next_n,next_mean,next_std,next_S
17151000.0,-0.023489756404431912,0.07388045904896898,93615.68455449074,17151000.0,-0.023446399689685014,0.0704216928495945,85055.49344303888
17151000.0,-0.024070499631054523,0.08222357277435188,115953.03874013203,17151000.0,-0.024038293966666506,0.07716022972904894,102111.92674010112
17151000.0,-0.03334049240536541,0.1230206244410467,259564.50382342355,17151000.0,-0.033261795916668384,0.1161693872367206,231458.3453324117
17151000.0,0.03242126045332843,0.13569113226229462,315785.64195816824,17151000.0,0.03264173001747225,0.12492989911358275,267683.8842065814
17151000.0,0.03214424984159857,0.14220819062389464,346847.57976043207,17151000.0,0.03237518831600845,0.12874521465899721,284283.4899339879
17151000.0,0.048712385181308555,0.2086379865306093,746579.7614232496,17151000.0,0.04905642723878467,0.188989159855616,612580.5955138196
