cur_n,cur_mean,cur_std,cur_S,next_n,next_mean,next_std,next_S
3451000.0,-0.01755656680484427,0.06520673361392278,14673.369392768544,3451000.0,-0.01750906096746228,0.061508236728833966,13056.041253126956
3451000.0,-0.018343530689033646,0.08026565508941007,22233.327660302813,3451000.0,-0.018297387379144884,0.07404138714753954,18918.820314035558
3451000.0,-0.02459069177169704,0.1061257025027694,38867.4559891185,3451000.0,-0.02454692650876772,0.09988296645859046,34429.27071754785
3451000.0,0.03239270129188345,0.15129957006761724,78998.77322403072,3451000.0,0.032599132199380085,0.14205505161844922,69639.92966929525
3451000.0,0.03184068991262987,0.15643949074898977,84457.40753128706,3451000.0,0.032075737229980875,0.1426575218075004,70231.88259101646
3451000.0,0.04933857629541878,0.22627641687561553,176694.70909436644,3451000.0,0.04967442934979685,0.2105795800918362,153030.31421275815
