cur_n,cur_mean,cur_std,cur_S,next_n,next_mean,next_std,next_S
11151000.0,-0.023403508608071624,0.07406054236281921,61162.83284002065,11151000.0,-0.023359954844447493,0.07052109029510646,55456.422791154146
11151000.0,-0.024469640419497528,0.0835972398121797,77928.74682050238,11151000.0,-0.02443431475224032,0.07834568342641918,68445.35218992409
11151000.0,-0.033617880114535016,0.12448832650220688,172810.87664725402,11151000.0,-0.03353952792253665,0.11737100099112033,153615.63934315555
11151000.0,0.032425408802887044,0.1374613037105013,210704.94730838388,11151000.0,0.032647878096717584,0.12671444978458266,179046.6089457204
11151000.0,0.03224636056372543,0.14518281761873675,235041.34147915823,11151000.0,0.03248021656092306,0.13154059684638125,192944.95702714828
11151000.0,0.048586673357429534,0.2121821190680206,502031.9771736339,11151000.0,0.048932535219274355,0.19220448104058263,411946.51479522063
