cur_n,cur_mean,cur_std,cur_S,next_n,next_mean,next_std,next_S
701000.0,-0.01017953184404872,0.11657985639255432,9527.194904472519,701000.0,-0.014694646079712742,0.12071078622942587,10214.336832400431
701000.0,-0.011878609407350487,0.18859120209377928,24932.215696530864,701000.0,-0.014498985705800944,0.18420750103539588,23786.614809831466
701000.0,0.00013896723933567908,0.02371010833155478,394.0806352029384,701000.0,0.0001465290527841262,0.02256374771117533,356.89502025227245
701000.0,-0.0008008498008696314,0.31886145617389183,71272.51239156767,701000.0,0.0019983978227160336,0.3209056676016364,72189.29369669521
701000.0,-0.0026915382348293294,0.4722277333053382,156322.321503991,701000.0,-0.004249219206167603,0.4650961269313102,151636.39950784028
701000.0,0.0001891432948340645,0.08685833891781632,5288.604098733133,701000.0,0.0005661709923963112,0.0864640113404476,5240.693705213816
