cur_n,cur_mean,cur_std,cur_S,next_n,next_mean,next_std,next_S
2551000.0,-0.017610886018307,0.06530486921498027,10879.315881066666,2551000.0,-0.017559995810935036,0.06160190992487161,9680.522826605982
2551000.0,-0.018656091814418928,0.08149551356291851,16942.514282484663,2551000.0,-0.01860384308044875,0.07512033934635429,14395.459793337644
2551000.0,-0.024720018688765676,0.10635683364742164,28856.340738002073,2551000.0,-0.024689021733268163,0.10002803397329403,25524.30493801485
2551000.0,0.032331066039026024,0.15093975169815071,58118.944847526145,2551000.0,0.03253929513919701,0.14172750252471614,51241.13336330012
2551000.0,0.0320878135658606,0.15800205177682156,63684.817980863445,2551000.0,0.032329550812881525,0.1438760242832928,52806.49173745855
2551000.0,0.04898527071486756,0.2252726797359248,129457.58738051698,2551000.0,0.049316178035543105,0.20942771212390052,111886.77481050637
