cur_n,cur_mean,cur_std,cur_S,next_n,next_mean,next_std,next_S
20801000.0,-0.023289303235431814,0.07349556699180049,112358.6476412491,20801000.0,-0.023244429218651098,0.07008410834905973,102169.98243836417
20801000.0,-0.023785290052365612,0.081561373804407,138373.61235243082,20801000.0,-0.02375225830021422,0.07662327853285207,122125.30883977214
20801000.0,-0.033063700810633444,0.12210322536556525,310126.22020686424,20801000.0,-0.032986826901303744,0.11542983124692442,277153.47963316547
20801000.0,0.032351916225347666,0.13509022451775773,379605.11958213075,20801000.0,0.032570483875485515,0.12438599499992216,321830.48751986184
20801000.0,0.03224260790713807,0.1414967893515514,416463.9223947809,20801000.0,0.03246987013387308,0.1282057879588154,341900.2972997935
20801000.0,0.048814611674850836,0.2076134177731518,896592.3931117841,20801000.0,0.04915312222981132,0.1882567707554731,737200.1647055332
