cur_n,cur_mean,cur_std,cur_S,next_n,next_mean,next_std,next_S
4251000.0,-0.004320906689360502,0.08643353678987131,31758.18495480767,4251000.0,-0.008846811890906903,0.09046222675490614,34787.6949096577
4251000.0,-0.021865564909840124,0.16044910452451078,109437.3832716916,4251000.0,-0.02447385735261767,0.1558656840043453,103274.26777455544
4251000.0,-2.6873367884454496e-05,0.022531228705413756,2158.046790913534,4251000.0,-2.0808353502390844e-05,0.021314216844108575,1931.211614469825
4251000.0,-0.0013365305105833268,0.2387201703413252,242253.0961628409,4251000.0,0.0014554187910144182,0.2406246915187879,246133.92945834383
4251000.0,-0.002086063195950635,0.44332377471328255,835474.4051798675,4251000.0,-0.0036462828040731998,0.436024507166202,808188.9434813493
4251000.0,0.0001142664765461657,0.08630318831317492,31662.469570645182,4251000.0,0.000491265902012531,0.08590513615909269,31371.0724710956
