cur_n,cur_mean,cur_std,cur_S,next_n,next_mean,next_std,next_S
18751000.0,-0.02339402875953856,0.07370327545611749,101858.67241581915,18751000.0,-0.023351163431003085,0.07026595751797264,92579.40204073972
18751000.0,-0.02393942299633628,0.08195784754464243,125952.1316041026,18751000.0,-0.02390774999927611,0.07694424888840802,111013.74736121099
18751000.0,-0.033194858693711825,0.12259912835256752,281837.77316144767,18751000.0,-0.03311441954179608,0.11583267217592248,251586.06614696953
18751000.0,0.032390835629404216,0.13541389403245035,343835.6374920413,18751000.0,0.03260935667923093,0.12468703698692807,291519.11921805947
18751000.0,0.032205773736374656,0.14193095855032123,377727.58805348875,18751000.0,0.032434777378714225,0.12853486814412451,309789.25237784395
18751000.0,0.04876372700857475,0.20823976668084718,813114.6218121836,18751000.0,0.04910245556783944,0.18870247422498923,667697.3044731423
