cur_n,cur_mean,cur_std,cur_S,next_n,next_mean,next_std,next_S
1551000.0,-0.026328714230229533,0.08330301262871218,10762.996857093058,1551000.0,-0.026310133049924755,0.0793088169621475,9755.616982747832
1551000.0,-0.030536716908977458,0.0970411748727188,14605.750901670943,1551000.0,-0.030533253917699444,0.09094881357754662,12829.386057994325
1551000.0,-0.041209135767099225,0.14379311189591917,32069.187953532833,1551000.0,-0.04113321685477242,0.1354840485363949,28470.043409516737
1551000.0,0.032079103459474116,0.14588558328891,33009.31789130706,1551000.0,0.0322872623006511,0.1347535688111144,28163.87120067153
1551000.0,0.03202219032229939,0.16137933166839125,40393.140757781504,1551000.0,0.032253894054887926,0.14667850153124523,33369.117940561286
1551000.0,0.04876141205594464,0.23529365755084086,85868.17629494483,1551000.0,0.04914348353947649,0.2133362336075289,70589.65263183137
