cur_n,cur_mean,cur_std,cur_S,next_n,next_mean,next_std,next_S
2851000.0,-0.025132473604919388,0.07906224302970398,17821.13991600362,2851000.0,-0.025097811478417928,0.0751765818271148,16112.47911580054
2851000.0,-0.027233026451170633,0.09128987059561738,23759.779189562385,2851000.0,-0.027214219294188175,0.0854687479063258,20826.28948259263
2851000.0,-0.03673400243481158,0.13294271954339576,50387.90880352244,2851000.0,-0.03667718911959577,0.12537324227641874,44813.30060474844
2851000.0,0.032314891871570606,0.14287563100047904,58198.734357221176,2851000.0,0.03252715282265016,0.13175547934552315,49491.952568408
2851000.0,0.032097523047680265,0.15493004202218158,68433.45939275662,2851000.0,0.03233104118844499,0.14062368627384192,56378.58527368642
2851000.0,0.04909232124511672,0.22429255157153027,143425.68091652304,2851000.0,0.0494274000465964,0.20381275526879641,118429.51138844641
