cur_n,cur_mean,cur_std,cur_S,next_n,next_mean,next_std,next_S
33201000.0,-0.02349441824026825,0.07348722455061145,179297.7564876182,33201000.0,-0.023451110788377725,0.07013690582469759,163321.87973315362
33201000.0,-0.023782426479249347,0.08032283458699352,214204.80925992827,33201000.0,-0.023743807229911023,0.07567235362296647,190119.05571936717
33201000.0,-0.032931822040161915,0.12109768425365398,486881.0158181744,33201000.0,-0.03284827750484949,0.11473075290135674,437029.59910122567
33201000.0,0.03220306972081446,0.13328334616397672,589797.5165572906,33201000.0,0.032421185200258176,0.12253277943000479,498489.17783879605
33201000.0,0.03230895605608318,0.13888161333016075,640384.2918059721,33201000.0,0.03253126708778338,0.12589094095170542,526187.0117840455
33201000.0,0.04881751128788968,0.2045496607821748,1389148.5562703381,33201000.0,0.049165946570363876,0.18543907064217763,1141704.3318139873
