cur_n,cur_mean,cur_std,cur_S,next_n,next_mean,next_std,next_S
11051000.0,-0.023410982387115437,0.07407802493511272,60642.95680385163,11051000.0,-0.023367421160443998,0.07053662323364182,54983.313565329576
11051000.0,-0.02447755784630251,0.08363468296771837,77299.09491616901,11051000.0,-0.024442566682374055,0.07838031262758935,67891.52462737261
11051000.0,-0.03362420707727937,0.12452274698291514,171355.86131820685,11051000.0,-0.03354532487541508,0.11740933441887944,152337.50243776984
11051000.0,0.032442478338435964,0.13753502492366537,209039.42392540423,11051000.0,0.03266459668617997,0.12678649577786735,177642.78621903612
11051000.0,0.032252933906653534,0.14525533427068135,233166.2881937996,11051000.0,0.03248653165666868,0.13161856674384353,191441.4140314364
11051000.0,0.04859906247649656,0.21225411732505578,497867.5558622174,11051000.0,0.048944293058424355,0.19230197985555908,408666.54864432116
