cur_n,cur_mean,cur_std,cur_S,next_n,next_mean,next_std,next_S
6851000.0,-0.0037828497566801,0.08345850339130002,47719.41957175044,6851000.0,-0.008309776352952544,0.08749011331451828,52441.11602527044
6851000.0,-0.022633064969704537,0.15759036074293462,170142.6790455537,6851000.0,-0.025243938900437687,0.15301651627131052,160409.68567913826
6851000.0,-9.865823830594312e-06,0.02214299914152726,3359.1303276354693,6851000.0,-8.825392435934685e-06,0.02091849589585972,2997.8843567044796
6851000.0,-0.001387299829082771,0.23153658338652072,367276.5568966237,6851000.0,0.001404024998345643,0.2334268724932268,373298.0059982908
6851000.0,-0.0022150356464139746,0.4406967708516994,1330557.6739417785,6851000.0,-0.0037754461734312555,0.433395660439847,1286835.6514419124
6851000.0,-0.00013697029852090297,0.08603763096158158,50714.34897308839,6851000.0,0.0002400282595324294,0.08563994164716221,50246.60149611136
