cur_n,cur_mean,cur_std,cur_S,next_n,next_mean,next_std,next_S
701000.0,-0.004727308988086826,0.11823749245123238,9800.05333942982,701000.0,-0.0041253849237530525,0.11932003549194742,9980.326879729513
701000.0,0.0042280409828785,0.11709436821690301,9611.474838749082,701000.0,0.0048138022906081095,0.11699341981361219,9594.909656058559
701000.0,0.003788065601489426,0.0476425804769057,1591.1406476234038,701000.0,0.004051439438519541,0.04610460265938918,1490.069704852489
701000.0,0.0038880277426964925,0.19934935443249469,27857.855743969325,701000.0,0.0038996126959887885,0.1956214040489019,26825.68133916668
701000.0,0.0003174877848305452,0.22632838936954428,35908.402424063046,701000.0,0.0003551265437621823,0.22290604662411473,34830.661040736
701000.0,0.000710602871339314,0.06581852061546094,3036.7864368615074,701000.0,0.0007221570610408866,0.06256115187781872,2743.642304719929
