cur_n,cur_mean,cur_std,cur_S,next_n,next_mean,next_std,next_S
2301000.0,-0.025588686096115212,0.08039094495304105,14870.681974049061,2301000.0,-0.025568776955640492,0.07646733905810027,13454.531321983502
2301000.0,-0.028393642499312415,0.09327814359045551,20020.568576939448,2301000.0,-0.028379101241589773,0.0874063013029186,17579.32132865761
2301000.0,-0.03806632888435467,0.13608540302779384,42612.76414656252,2301000.0,-0.03799727031206626,0.12831863045250996,37887.50878969918
2301000.0,0.03221482395360006,0.14350178938294797,47383.94894260442,2301000.0,0.032427944625404964,0.13233268691588254,40294.974000693444
2301000.0,0.032256262754455534,0.15709082792070878,56782.9924268884,2301000.0,0.03249057697549211,0.14272780544000416,46874.192051600985
2301000.0,0.04898822401935689,0.22726883945243873,118849.23951332031,2301000.0,0.049311715200120516,0.2063426021942774,97970.2970741837
