cur_n,cur_mean,cur_std,cur_S,next_n,next_mean,next_std,next_S
3751000.0,-0.017529080278931426,0.06508772042902336,15890.778976275787,3751000.0,-0.017488030481819735,0.06139816739655592,14140.275833667787
3751000.0,-0.018341709414017807,0.08011673073180635,24076.508227366015,3751000.0,-0.018291120356635562,0.07390657012394981,20488.641334181153
3751000.0,-0.024566910301819175,0.10600242419419124,42148.163770354775,3751000.0,-0.02452225671530008,0.09979788606132273,37358.52735172013
3751000.0,0.032383053316431765,0.15118052221496198,85731.16916475448,3751000.0,0.032585346007525495,0.14193145400977666,75562.16067762239
3751000.0,0.03188896771739433,0.15637460473272652,91723.26678694201,3751000.0,0.03211619377697286,0.14260191722314336,76277.73579073159
3751000.0,0.04944084091478402,0.22631213754892623,192115.65569096737,3751000.0,0.04978297890702052,0.2107227633558384,166559.71531919882
