cur_n,cur_mean,cur_std,cur_S,next_n,next_mean,next_std,next_S
25101000.0,-0.023268025385119386,0.07337123218779877,135127.1599278853,25101000.0,-0.023223497655291914,0.06999388474476152,122973.41107564197
25101000.0,-0.02367117579183495,0.08091779034447012,164353.53642400797,25101000.0,-0.023634038701593914,0.07611069614503474,145406.028336881
25101000.0,-0.03299811446421393,0.1216416621539234,371411.81538035953,25101000.0,-0.032919523389976287,0.11507797816418742,332411.063505824
25101000.0,0.03223680716477335,0.13423957625317434,452326.64246289094,25101000.0,0.03245663455934775,0.12353126223257331,383040.57596694585
25101000.0,0.032275315808134857,0.14031978240279974,494229.68711391714,25101000.0,0.03250001046192905,0.12717666957569543,405981.19654286135
25101000.0,0.04876175253808608,0.20623267811795604,1067593.6617625055,25101000.0,0.04910397801240625,0.18699510099343017,877710.8788359287
