cur_n,cur_mean,cur_std,cur_S,next_n,next_mean,next_std,next_S
101000.0,-0.09231548890269274,0.16782137401337288,2844.565371149375,101000.0,-0.09233937192316556,0.16132891686967793,2628.7289612526884
101000.0,-0.09726648115280855,0.17061718678783466,2940.1326671668808,101000.0,-0.09736026021932577,0.16298363302693336,2682.930128100466
101000.0,-0.13784663671631173,0.2592579464863725,6788.68296444941,101000.0,-0.13790407887860667,0.2488771148007671,6255.9216454269745
101000.0,0.031376782886167846,0.20022277709840272,4049.0052073686634,101000.0,0.03136639240289733,0.18357503475814044,3403.679132031699
101000.0,0.026895530892806975,0.22595210256268858,5156.489617902473,101000.0,0.027247092739189644,0.20719728988676292,4336.002410578346
101000.0,0.04155367386703351,0.32376422024514806,10587.150301405823,101000.0,0.04190296094244304,0.29528317453564396,8806.407469548603
