cur_n,cur_mean,cur_std,cur_S,next_n,next_mean,next_std,next_S
20351000.0,-0.023300095621875485,0.07352245397989203,110008.37326947492,20351000.0,-0.02325561791190169,0.07010471583788007,100018.47323932943
20351000.0,-0.023800207300246408,0.0816180819561615,135568.41651112708,20351000.0,-0.023766490230569447,0.07666426261954755,119611.15387619175
20351000.0,-0.03308205371954817,0.12217844076054843,303791.0052903011,20351000.0,-0.03300369489810071,0.1154867703285626,271425.237554887
20351000.0,0.03236355355548402,0.13518838219250923,371932.81403317844,20351000.0,0.03258239904132025,0.124477338690042,315330.7643015303
20351000.0,0.03223799947556158,0.14159572319558728,408024.29798400315,20351000.0,0.03246431261888688,0.12828666032289768,334925.91532914824
20351000.0,0.04881641397728374,0.20777272096292565,878542.5672820499,20351000.0,0.049154691689737295,0.18838854640773456,722261.9641429675
