cur_n,cur_mean,cur_std,cur_S,next_n,next_mean,next_std,next_S
4801000.0,-0.02504033347940974,0.13010589716942245,81269.14104012784,4801000.0,-0.024395127050452887,0.13149199577562437,83009.98591962579
4801000.0,-0.002697529329650854,0.09922137308974412,47265.273094385964,4801000.0,-0.002203566350366732,0.09959477486404034,47621.69118423085
4801000.0,0.0032816120201888946,0.052896803916981344,13433.543022096183,4801000.0,0.003529065689948117,0.05213492259169768,13049.358787636726
4801000.0,0.00681105983238536,0.18907796672222993,171638.0424766007,4801000.0,0.006864795786935269,0.18508778731549919,164470.20475308117
4801000.0,-0.0008979533595566466,0.22542371092108246,243966.89318751785,4801000.0,-0.0008551748423030898,0.22222308841347857,237088.26801634266
4801000.0,-3.808051094637863e-05,0.06532803633218491,20489.478941223522,4801000.0,-2.1240084290289128e-05,0.06237397955848862,18678.354477947192
