cur_n,cur_mean,cur_std,cur_S,next_n,next_mean,next_std,next_S
13801000.0,-0.0234940400947008,0.07407425959278365,75726.0308881578,13801000.0,-0.023450683145912497,0.07056950795945545,68729.74531568075
13801000.0,-0.024326641877430694,0.08299719802025728,95068.66986802961,13801000.0,-0.024293103184722744,0.07780678378414935,83549.81321470329
13801000.0,-0.03352782442317167,0.12398263619962281,212144.7499843897,13801000.0,-0.03345215367571743,0.11694924049976493,188758.0001027651
13801000.0,0.03244741593014032,0.13667981828482859,257821.62499668426,13801000.0,0.032668546055491195,0.12591172702400408,218797.7831929112
13801000.0,0.03217674294140725,0.1437772211243325,285292.74442576006,13801000.0,0.03241199160799038,0.13015027932572448,233776.45297339323
13801000.0,0.04858668417078391,0.21051537410757132,611615.0904747155,13801000.0,0.04894244257406144,0.19062582952587925,501503.5931844106
