cur_n,cur_mean,cur_std,cur_S,next_n,next_mean,next_std,next_S
11301000.0,-0.02340412028896158,0.07405989434047307,61984.49269980871,11301000.0,-0.023360962084226385,0.07052483357636857,56208.37305816264
11301000.0,-0.02446739104327079,0.08356981109146393,78925.20449557739,11301000.0,-0.02443223604712709,0.07832367578049536,69327.09411996791
11301000.0,-0.033610593471939565,0.12441811210383696,174937.9726667767,11301000.0,-0.03353143343697307,0.11731102330333161,155522.96280595384
11301000.0,0.03241720673447012,0.13738637111887295,213306.54416707257,11301000.0,0.03263939333614048,0.12664350263081886,181251.9559489637
11301000.0,0.032241535049944425,0.14509214787878147,237905.61628105963,11301000.0,0.032478236423430965,0.1314513164851584,195275.04869280415
11301000.0,0.048570817860738004,0.2119558506362429,507700.6188765653,11301000.0,0.04891638218935567,0.19200384296035827,416616.74101618043
