cur_n,cur_mean,cur_std,cur_S,next_n,next_mean,next_std,next_S
3451000.0,-0.022833482318153932,0.13233934138287307,60439.783109179196,3451000.0,-0.022187756396542187,0.13371899845249785,61706.539158177104
3451000.0,-0.002998985912392418,0.10652741911156613,39162.26211889343,3451000.0,-0.002499020558653257,0.10695302073229991,39475.81176962879
3451000.0,0.002863473187444212,0.05456810913332173,10275.968622166469,3451000.0,0.00310092917526161,0.0539879304204187,10058.61807385698
3451000.0,0.006716698363061113,0.19295877709836073,128491.39241422655,3451000.0,0.0067590947449315325,0.18904276694715091,123328.96585360513
3451000.0,-0.0005782151252480768,0.23197523718429502,185706.97431081597,3451000.0,-0.000537752194859153,0.2288817562593104,180787.04816014337
3451000.0,0.00012783239964431762,0.06577690413517552,14931.10045686545,3451000.0,0.00013494590663012555,0.06294669619923164,13673.850926836754
