cur_n,cur_mean,cur_std,cur_S,next_n,next_mean,next_std,next_S
4501000.0,-0.017552159574959043,0.0650870371542447,19067.68714723665,4501000.0,-0.0175057421941288,0.061422707682259124,16981.143334610162
4501000.0,-0.018416591443384422,0.08018747812994158,28941.5724514282,4501000.0,-0.01837037704073183,0.07398441499329457,24637.095172212034
4501000.0,-0.02439603606387121,0.10561701793712526,50208.450105167605,4501000.0,-0.024339189722672912,0.09948207488192201,44544.971185878334
4501000.0,0.032427727022249074,0.15135749229633827,103113.81622453668,4501000.0,0.03263336009531624,0.14212862285960545,90922.6550072918
4501000.0,0.031925415539407545,0.15652049777768048,110268.49667680255,4501000.0,0.03215074548924543,0.1427592471837577,91731.29215678605
4501000.0,0.04939735392063614,0.22602157155686914,229936.96439147517,4501000.0,0.0497370016123188,0.21057257598149562,199577.98470942784
