cur_n,cur_mean,cur_std,cur_S,next_n,next_mean,next_std,next_S
2301000.0,-0.015085102564060796,0.11859622185097798,32363.71188968802,2301000.0,-0.014456251325485881,0.11993327468150289,33097.561854782114
2301000.0,0.0025938602821629817,0.1163082660783993,31127.036956534743,2301000.0,0.003174234755644216,0.11608873647424539,31009.644487965812
2301000.0,0.004546939624734914,0.04834015292868303,5376.908656272632,2301000.0,0.004820568365855877,0.0467560982315184,5030.291392943251
2301000.0,0.004706899977312369,0.1854221222850024,79111.51725858377,2301000.0,0.00471474874038574,0.18142630854260983,75738.5779976474
2301000.0,0.0018834358518387661,0.20774384593651601,99305.42021186277,2301000.0,0.0019317015046174302,0.20400975629236506,95767.57550434391
2301000.0,0.00022421779674316802,0.0660481622587702,10037.789756587683,2301000.0,0.0002401354648558914,0.06275899235338342,9062.928269908902
