cur_n,cur_mean,cur_std,cur_S,next_n,next_mean,next_std,next_S
8501000.0,-0.0035641391402595505,0.08236474039654365,57670.36286547584,8501000.0,-0.00809138136444621,0.08640807093043798,63471.48149103852
8501000.0,-0.02295318248459996,0.1568875347398288,209241.05143085512,8501000.0,-0.025563269362069378,0.15230450451247213,197194.82446780676
8501000.0,-2.2118188729943736e-05,0.022065831845904486,4139.144848874779,8501000.0,-2.0145729828947644e-05,0.020832403316400735,3689.340726494004
8501000.0,-0.0014029756185063962,0.2291089049109785,446225.05852112564,8501000.0,0.0013881048539401402,0.23099627191115082,453607.2191908647
8501000.0,-0.002175664379718786,0.44017469722285985,1647100.7484035841,8501000.0,-0.0037360971456468807,0.4328717219186871,1592899.762840855
8501000.0,-9.036777516407455e-05,0.08614810464326486,63090.13693176239,8501000.0,0.00028662957962932186,0.0857505608690561,62509.20201822977
