cur_n,cur_mean,cur_std,cur_S,next_n,next_mean,next_std,next_S
9401000.0,-0.023468345654474566,0.07436842202432788,51993.75528944663,9401000.0,-0.023423882213876847,0.07079083256582212,47111.62591038063
9401000.0,-0.02467695163407334,0.08423062773778743,66698.20210020532,9401000.0,-0.02464380179987013,0.07890224279204365,58526.526389494895
9401000.0,-0.03364203141011068,0.12466951538877241,146114.93032041806,9401000.0,-0.03356006083994574,0.11752213891689012,129841.47092778329
9401000.0,0.03247256165967707,0.13819822601135565,179547.34567291863,9401000.0,0.032695686062745796,0.12744474147689583,152692.56618519058
9401000.0,0.03226707873594158,0.1462280241626314,201018.15210981737,9401000.0,0.032501218743158276,0.13251282761344904,165078.26478133173
9401000.0,0.048509948558499445,0.2129288360717528,426229.0174594218,9401000.0,0.04885052485016539,0.19297787374340977,350097.5621523121
