cur_n,cur_mean,cur_std,cur_S,next_n,next_mean,next_std,next_S
12001000.0,-0.023439094652640675,0.07408259457551514,65864.25805930079,12001000.0,-0.023396727454115463,0.07056925980561282,59765.225174574494
12001000.0,-0.024477998162254676,0.0834914632972455,83656.86414662702,12001000.0,-0.02444318352702901,0.07825673516822594,73495.5233068774
12001000.0,-0.03362900414012745,0.12432946056392609,185509.23498416634,12001000.0,-0.0335505789157517,0.11723761964624381,164949.6581832683
12001000.0,0.03241146400239616,0.1370724842246259,225485.1800440553,12001000.0,0.032630882601805425,0.12633751302516397,191549.96753579905
12001000.0,0.032264777270206706,0.14474371236122613,251429.85795958046,12001000.0,0.032501167200243375,0.13108369943453055,206212.41802556554
12001000.0,0.04855016404789673,0.21139679306525833,536307.9380234261,12001000.0,0.048900449331946504,0.19143186863693737,439790.5701182856
