cur_n,cur_mean,cur_std,cur_S,next_n,next_mean,next_std,next_S
5701000.0,-0.003916688226780861,0.08433065419275376,40543.56930773014,5701000.0,-0.008443392388432726,0.08836559278778323,44516.13301378581
5701000.0,-0.022365443186413862,0.1584538018252314,143138.46929067015,5701000.0,-0.024976120038126257,0.15387932339197502,134993.10200132817
5701000.0,-1.1901013867523402e-05,0.022298122490001248,2834.572925767446,5701000.0,-9.716174412455349e-06,0.021074531405713214,2532.0186175052077
5701000.0,-0.001376276870941659,0.2336761432361742,311300.4820709958,5701000.0,0.0014152378018777022,0.23557207810791034,316372.4569132367
5701000.0,-0.002205207189178021,0.4414870933810296,1111186.7764991927,5701000.0,-0.0037655602236132462,0.4341869668142135,1074742.954584715
5701000.0,-7.974784649290509e-05,0.08623777038338708,42398.06928501812,5701000.0,0.0002972509079672506,0.08584065875668895,42008.495184655
