cur_n,cur_mean,cur_std,cur_S,next_n,next_mean,next_std,next_S
16951000.0,-0.023503971045994772,0.07391616956831429,92613.48569602151,16951000.0,-0.02346012641638568,0.07045446033707242,84141.89896550987
16951000.0,-0.02409143248173222,0.08228548260672712,114773.53688123057,16951000.0,-0.024059234979785085,0.07721397416964114,101061.82482764371
16951000.0,-0.03335369388412265,0.12307658298398778,256771.12532457363,16951000.0,-0.033274967188067724,0.11621291341060418,228930.7345165443
16951000.0,0.03242719768825452,0.13575087467247893,312378.11286508956,16951000.0,0.032647847396331926,0.12498765079114027,264807.04472523235
16951000.0,0.03214541916266163,0.14230599397214355,343274.6318466962,16951000.0,0.03237742363954409,0.12882543965749105,281318.6926488354
16951000.0,0.04869411989767238,0.20870418019504683,738342.0778183583,16951000.0,0.049039413736242564,0.18903396676131357,605724.3318329095
