cur_n,cur_mean,cur_std,cur_S,next_n,next_mean,next_std,next_S
2251000.0,-0.005661561338617889,0.09314968377618064,19531.619935693117,2251000.0,-0.010185447260243397,0.09715671405055326,21248.150368562292
2251000.0,-0.019417159030462688,0.1662018219348417,62179.47567815131,2251000.0,-0.022029586771029043,0.16166582948886513,58831.77679515065
2251000.0,1.747305841949614e-05,0.023165197991301588,1207.9460218444333,2251000.0,2.335816416924177e-05,0.02198812237318012,1088.3079098958724
2251000.0,-0.001236220826160599,0.25467413142695267,145997.4136538818,2251000.0,0.00155704120957611,0.25660754695984017,148222.57203583652
2251000.0,-0.0022930509323390268,0.4486182864119163,453032.58389902255,2251000.0,-0.0038528714877238976,0.4413427753002735,438457.5353922421
2251000.0,0.00010527599688576305,0.08631764293925319,16771.6055713065,2251000.0,0.00048227965339036217,0.08592007930167181,16617.467321239743
