cur_n,cur_mean,cur_std,cur_S,next_n,next_mean,next_std,next_S
4301000.0,-0.02455084107127696,0.1305402965083551,73292.34752271634,4301000.0,-0.023902535534519657,0.13191806139940035,74847.61454544
4301000.0,-0.0027651088742660164,0.10164900706058282,44440.17125716679,4301000.0,-0.0022652674670438425,0.10201958499958812,44764.78960672269
4301000.0,0.003176092951842384,0.05335038746708074,12241.780788259764,4301000.0,0.003418622109002519,0.05264823915741928,11921.67130850669
4301000.0,0.0067867284341698395,0.19074905224628017,156492.74921220556,4301000.0,0.006837530783269562,0.18676935781362836,150030.89277091323
4301000.0,-0.0007733508206275838,0.2283049775056873,224181.7230044051,4301000.0,-0.0007299428028039037,0.2251315575796744,217992.8225566943
4301000.0,1.5220208109448477e-05,0.06546277409589729,18431.396981813403,4301000.0,2.407964923554385e-05,0.06254994238557617,16827.642252779697
