cur_n,cur_mean,cur_std,cur_S,next_n,next_mean,next_std,next_S
31051000.0,-0.0234931396681441,0.07353472181426571,167903.78980227213,31051000.0,-0.02344953718964178,0.07017905821064155,152929.28666208903
31051000.0,-0.02377720308059768,0.08045599685138013,200998.32184872482,31051000.0,-0.023739184175967033,0.07578234959416513,178324.7910003907
31051000.0,-0.03309555799224706,0.12149434306347363,458339.9419343934,31051000.0,-0.03301145593763372,0.11507666846899252,411197.203024517
31051000.0,0.032194462048801074,0.13333132834458208,552001.1760610781,31051000.0,0.03241255251579965,0.12256586676809869,466460.2845716023
31051000.0,0.0322812151088069,0.13898782694429931,599831.295617627,31051000.0,0.03250536745771521,0.12595946505818173,492648.54709876736
31051000.0,0.04886007963870659,0.20491508382773982,1303837.4387546054,31051000.0,0.04920667211102997,0.18571836128651897,1070989.6580831162
