cur_n,cur_mean,cur_std,cur_S,next_n,next_mean,next_std,next_S
21801000.0,-0.023272473367114965,0.0734350796776224,117566.49092516805,21801000.0,-0.023227594481965524,0.07003654089054671,106936.45702316814
21801000.0,-0.023761056096672686,0.08137189964740858,144352.83732462118,21801000.0,-0.023726719259001775,0.07646748623654902,127476.47391559387
21801000.0,-0.03310372713516444,0.12213093286458,325182.9477844839,21801000.0,-0.03302430407739243,0.11548895286128212,290775.15917753364
21801000.0,0.032314425347841576,0.1348136311926615,396226.96510180604,21801000.0,0.032532055593937695,0.124120558991401,335864.31289572956
21801000.0,0.032255689898391365,0.1411227244052876,434180.50451318605,21801000.0,0.03248135920294934,0.12788051232848266,356521.02787344885
21801000.0,0.04888153780852682,0.20744966942312626,938213.999859407,21801000.0,0.0492213867733658,0.1881313746473656,771611.8213763487
