cur_n,cur_mean,cur_std,cur_S,next_n,next_mean,next_std,next_S
16551000.0,-0.023494558218108575,0.07389819407422485,90384.06904008373,16551000.0,-0.023450312218577258,0.07043069073611628,82100.94085192242
16551000.0,-0.024128788701767725,0.0823900565843348,112350.19768812566,16551000.0,-0.024096667246576758,0.07730470940339398,98909.07550595573
16551000.0,-0.033380661241240055,0.12322460809540099,251315.41617042874,16551000.0,-0.033304794069026415,0.11633408755358784,223994.94341054963
16551000.0,0.03239992812769148,0.13578291887120958,305150.80449747696,16551000.0,0.03262154626326293,0.12500999715650668,258650.7423884944
16551000.0,0.032168486748456626,0.14249844352482352,336081.4018422126,16551000.0,0.03239838774752691,0.1289995140920195,275423.1161000576
16551000.0,0.04868008858672593,0.2089562785067084,722661.7834443519,16551000.0,0.049026126640125296,0.1892383926426572,592710.662256361
