cur_n,cur_mean,cur_std,cur_S,next_n,next_mean,next_std,next_S
26851000.0,-0.023348163784998138,0.07344249799225527,144828.93753005532,26851000.0,-0.023304003182285416,0.07007113792405613,131837.4532981208
26851000.0,-0.023672848071341603,0.08069917746027842,174863.3043254967,26851000.0,-0.023636957799065373,0.07593505702841981,154826.43411955243
26851000.0,-0.032979992758729794,0.1214972093324658,396362.96643111843,26851000.0,-0.032898428799569286,0.11497501326911677,354950.1804605478
26851000.0,0.032232188652797894,0.13394799246167788,481762.3788438777,26851000.0,0.032451360470008586,0.12321760948341304,407667.4364300515
26851000.0,0.032255839401164166,0.13977257510420288,524571.1447440833,26851000.0,0.032480467854590016,0.12666629308030578,430806.8365524567
26851000.0,0.0487019506612495,0.2055988905624348,1135016.037947334,26851000.0,0.049041881423139616,0.18635932516005768,932529.8080879842
