cur_n,cur_mean,cur_std,cur_S,next_n,next_mean,next_std,next_S
3801000.0,-0.017538477973047823,0.06512097599910914,16119.058498805964,3801000.0,-0.01749785236270233,0.06143584100948034,14346.352092620697
3801000.0,-0.01833601516446987,0.08008691730305614,24379.288342128013,3801000.0,-0.018286653337960562,0.07388108720607367,20747.435592702313
3801000.0,-0.024511531506364575,0.10588352442362507,42614.230149344316,3801000.0,-0.024467034228371008,0.09968949209221226,37774.31836252595
3801000.0,0.03240962863628108,0.15129235250845544,87002.51790058996,3801000.0,0.03261100390049253,0.14204804140673558,76695.23270252823
3801000.0,0.03186872985339095,0.1562927820859168,92848.67561592448,3801000.0,0.03209773772503375,0.14254364366582808,77231.34201856569
3801000.0,0.04934854980269257,0.22613364935891944,194369.56044242674,3801000.0,0.049691523661338284,0.21055085349216332,168504.64690576427
