cur_n,cur_mean,cur_std,cur_S,next_n,next_mean,next_std,next_S
5701000.0,-0.02590254656966585,0.13007637923046933,96460.14713657426,5701000.0,-0.025255677597193837,0.13147231568464401,98541.61278124283
5701000.0,-0.0027273706862300687,0.09647522902027206,53061.88541254399,5701000.0,-0.0022305475677656087,0.09680501772818745,53425.27651837906
5701000.0,0.0033924192321978584,0.05244326686038885,15679.438858481759,5701000.0,0.0036442810043608416,0.05161528035963273,15188.245986806487
5701000.0,0.00683982058697649,0.18778215182650243,201029.44044071675,5701000.0,0.006893729681984011,0.18375209859114155,192493.31713263373
5701000.0,-0.0009564450042279779,0.2222919491708219,281707.5645077968,5701000.0,-0.0009175945787735971,0.21905207799640844,273555.7171977788
5701000.0,-7.797884096938326e-06,0.06497831568764287,24070.656786246564,5701000.0,1.2297340368813157e-05,0.061970157427852605,21893.552646718796
