cur_n,cur_mean,cur_std,cur_S,next_n,next_mean,next_std,next_S
4701000.0,-0.017577580158869118,0.06509775484739405,19921.510842691827,4701000.0,-0.017531746790263873,0.061439423160683265,17745.347578810582
4701000.0,-0.018447106696347436,0.08019741258665584,30235.069057278826,4701000.0,-0.01840358363037471,0.07398601451332754,25732.94654510523
4701000.0,-0.02438510822258255,0.1055801200496647,52402.807385347274,4701000.0,-0.024327555203370883,0.09944846185977715,46492.87385806137
4701000.0,0.03246670937185873,0.1513473300750515,107681.17332229979,4701000.0,0.03267190932184961,0.14213993068021558,94977.87526064328
4701000.0,0.0318958033113051,0.15648597623041713,115117.43341765416,4701000.0,0.03212176897404321,0.14269900184227358,95726.48710099842
4701000.0,0.04943958423487275,0.22601186254984929,240133.48282429748,4701000.0,0.04977396049515312,0.21056294797321648,208427.08553316505
