cur_n,cur_mean,cur_std,cur_S,next_n,next_mean,next_std,next_S
6201000.0,-0.01768565745503246,0.06505659751351152,26244.869817097242,6201000.0,-0.017639843391643036,0.06140665213670433,23382.58772208357
6201000.0,-0.018652507532162955,0.08012541627349475,39810.93054693806,6201000.0,-0.01861050626304668,0.0739794820126229,33937.84826866603
6201000.0,-0.023960524025227983,0.10424767606416908,67389.85095960036,6201000.0,-0.023894638561723695,0.09824121402655839,59847.93536328814
6201000.0,0.03246697506858126,0.15100040732072129,141389.7637913582,6201000.0,0.032680072014650646,0.14180569397611545,124695.00888793985
6201000.0,0.032104831951550186,0.1563329194812388,151552.326605584,6201000.0,0.03233448536838107,0.14272308445620455,126313.61866633264
6201000.0,0.0489611743293247,0.22394672965217002,310993.4060135151,6201000.0,0.049292274587942324,0.20864140102146078,269937.1833994479
