cur_n,cur_mean,cur_std,cur_S,next_n,next_mean,next_std,next_S
12801000.0,-0.023447281574194727,0.07405866151883182,70209.45711364549,12801000.0,-0.023405209309212773,0.07054540090589687,63706.14259245251
12801000.0,-0.024400343784549913,0.08323574822238178,88687.7574011707,12801000.0,-0.024368125531289395,0.07801238292844362,77906.01412611893
12801000.0,-0.03357266696391555,0.12417997781936368,197399.9568744772,12801000.0,-0.033497150698340354,0.11711517946451612,175578.07130613548
12801000.0,0.03241270065238572,0.136897977093557,239904.25954967545,12801000.0,0.032632634418118346,0.12612765806905726,203640.69064993833
12801000.0,0.03221640808100743,0.1443145945084708,266602.6147104359,12801000.0,0.03245255485243536,0.13063689153938324,218461.83311516015
12801000.0,0.048551216124289316,0.21097965151398224,569803.4033312587,12801000.0,0.04890139767956524,0.19105348135728703,467254.8404886008
