cur_n,cur_mean,cur_std,cur_S,next_n,next_mean,next_std,next_S
2001000.0,-0.013569390316668805,0.11857608160839982,28134.63454633339,2001000.0,-0.012943153421188684,0.11991177653721308,28772.04713877336
2001000.0,0.0021042932657300882,0.11670565484837983,27254.03995705192,2001000.0,0.0026987701843325645,0.11645038403902676,27134.944577616476
2001000.0,0.004365711917477912,0.048068679179622306,4623.506434064982,2001000.0,0.004637315521927785,0.04648607175513918,4324.07068931512
2001000.0,0.004538982687228863,0.18694771543257593,69933.84605922423,2001000.0,0.004551825583953378,0.18298429065376687,66999.98450275052
2001000.0,0.0018292104000834394,0.21080316490856105,88920.38664526744,2001000.0,0.001878202291252252,0.20705082369007394,85782.9572250669
2001000.0,0.00024997866896970795,0.06597136743961,8708.794865025922,2001000.0,0.0002625628760947908,0.06269846942611176,7866.12723482252
