cur_n,cur_mean,cur_std,cur_S,next_n,next_mean,next_std,next_S
3701000.0,-0.024474492986261906,0.0775653027481889,22266.608280737764,3701000.0,-0.02444085309430007,0.0737654622499317,20138.412000921515
3701000.0,-0.026570504216586632,0.08973701759820034,29803.162343780372,3701000.0,-0.02654714609732517,0.08394509336684228,26080.127970061472
3701000.0,-0.035426390424953276,0.13011215064791104,62654.86463277761,3701000.0,-0.035351357222674275,0.1225939841168701,55623.38356903702
3701000.0,0.032534931829023006,0.14266915394276047,75331.95818843615,3701000.0,0.03274560098874382,0.13170343603759507,64196.78753226703
3701000.0,0.03225977387691919,0.15373764361932504,87474.10860586922,3701000.0,0.032495361228382445,0.1394618489753516,71982.99668992759
3701000.0,0.04893714270462789,0.22191045612461877,182252.97123905193,3701000.0,0.049277227459351404,0.2014794288672914,150238.24691000945
