cur_n,cur_mean,cur_std,cur_S,next_n,next_mean,next_std,next_S
17351000.0,-0.02347795550873963,0.07386990867206276,94680.30187865501,17351000.0,-0.023434159935056167,0.07041347952382468,86027.26606971218
17351000.0,-0.02404501552015627,0.0821719835357121,117158.02737153268,17351000.0,-0.02401315851131733,0.07711301699130753,103176.28812524371
17351000.0,-0.03331342452681072,0.12296818093689983,262367.4817963608,17351000.0,-0.03323509414423141,0.11612900480841547,233994.64484346603
17351000.0,0.032421870591828356,0.13568074270521474,319419.13864096213,17351000.0,0.03264053732102805,0.12491925468214699,270759.2351226432
17351000.0,0.03214250541936217,0.14214525653134769,350581.70838214614,17351000.0,0.03237277231688006,0.12868765919635483,287341.4719843643
17351000.0,0.048713081605410206,0.20859379586279658,754965.8098886809,17351000.0,0.04905491944494402,0.1889554817387238,619503.1244466929
