cur_n,cur_mean,cur_std,cur_S,next_n,next_mean,next_std,next_S
1301000.0,-0.012908736511352485,0.14667927244464116,27990.76646332094,1301000.0,-0.012273215630199981,0.14817829227692011,28565.804999037777
1301000.0,-0.006008239567183608,0.1402255154218789,25581.816923106402,1301000.0,-0.005467555068968034,0.1409842004162352,25859.384741873728
1301000.0,0.001390458334340554,0.06625790265703137,5711.532673525746,1301000.0,0.0016307462573651329,0.06636135479659888,5729.3820629825395
1301000.0,0.007234242223778237,0.20793984911723623,56253.914087019555,1301000.0,0.007251651377356308,0.20444525625908086,54379.01951170046
1301000.0,0.0007337159550024739,0.25708528126686786,85986.78723912801,1301000.0,0.000792588169124165,0.2542696449422402,84113.62109310781
1301000.0,0.0005318613286986314,0.06885686376924963,6168.389262266239,1301000.0,0.0005273120235520734,0.0664091269209418,5737.633952060684
