cur_n,cur_mean,cur_std,cur_S,next_n,next_mean,next_std,next_S
201000.0,-0.044005134409117075,0.25092527195965153,12655.66191371304,201000.0,-0.04316102099729549,0.2535015306704613,12916.86823650563
201000.0,-0.04796803101996823,0.2717217753746731,14840.377365765627,201000.0,-0.047084253483873975,0.2733768375318206,15021.713955078787
201000.0,-0.012778668567594104,0.12997153153498964,3395.412400919712,201000.0,-0.01237643966604642,0.13241778681761482,3524.428523400732
201000.0,0.017993253231322157,0.24015531767840773,11592.589898452603,201000.0,0.01798539892061737,0.23690652180358746,11281.064714687807
201000.0,0.014910090954118847,0.26836915107108095,14476.422250569149,201000.0,0.014927386065577832,0.265106510215943,14126.573813534053
201000.0,0.006428130736235707,0.09104981388489258,1666.303790303189,201000.0,0.006436106164439307,0.09039208825388269,1642.316653398441
