cur_n,cur_mean,cur_std,cur_S,next_n,next_mean,next_std,next_S
3401000.0,-0.02467052844576824,0.07796235437991109,20671.715710260523,3401000.0,-0.024637635015620718,0.07413819342130513,18693.500332558273
3401000.0,-0.02682062973613705,0.09031678588976615,27742.371287570186,3401000.0,-0.02679672939455261,0.08449890508903787,24283.360933198433
3401000.0,-0.035854892507152826,0.13104812070874391,58407.44741033925,3401000.0,-0.03579172369224378,0.12354602560309266,51911.57312433041
3401000.0,0.03244236622800563,0.14263286606766365,69190.40137558135,3401000.0,0.0326531777146193,0.13164798440284214,58943.38330272263
3401000.0,0.032249742027201926,0.1542031637348259,80871.07201552622,3401000.0,0.0324809837437416,0.1399058023131871,66569.9276045693
3401000.0,0.049181426508527734,0.22291188757488978,168994.7024251032,3401000.0,0.04951360764601783,0.20254459819957882,139523.69279767782
