cur_n,cur_mean,cur_std,cur_S,next_n,next_mean,next_std,next_S
5251000.0,-0.02526679642500565,0.13007113546980273,88839.0449829022,5251000.0,-0.02462412029732613,0.13147007606373598,90760.28410697398
5251000.0,-0.00269499110785428,0.09762084166605413,50041.13064856885,5251000.0,-0.0022021330209895393,0.09798232201309298,50412.411527583674
5251000.0,0.0033442259540598287,0.052654000570054135,14558.102267940152,5251000.0,0.003594745713045064,0.051853140131707096,14118.616491113398
5251000.0,0.006795520905914895,0.18816306712597167,185913.4394486581,5251000.0,0.006844225306214123,0.1841631151858305,178093.19427647968
5251000.0,-0.0009446906742848931,0.2233717461665099,261998.31411073307,5251000.0,-0.00090810141318688,0.2201597966554762,254517.73466881164
5251000.0,-3.902681812166595e-05,0.0651689883770625,22300.981489017056,5251000.0,-2.2932632599182666e-05,0.06217715235124935,20300.35693945449
