cur_n,cur_mean,cur_std,cur_S,next_n,next_mean,next_std,next_S
1301000.0,-0.009096788232030065,0.11783103484999641,18063.28275874121,1301000.0,-0.008497381014477263,0.11904108341653044,18436.18418281675
1301000.0,0.0026065755281520424,0.115901498025347,17476.537575119884,1301000.0,0.0031940145572229967,0.11564322693857453,17398.736073733413
1301000.0,0.00406846017778564,0.04733989498092489,2915.626419503302,1301000.0,0.0043286847431005734,0.04582817832795956,2732.3887294459005
1301000.0,0.004316284106634517,0.1895925615888461,46764.88657217635,1301000.0,0.004324678614335902,0.18577511143877504,44900.62203114616
1301000.0,0.001142942042412826,0.21503269224249405,60157.01541170476,1301000.0,0.0011902627642391677,0.21140730130882526,58145.65420773124
1301000.0,0.0002569475403796266,0.06540229406097724,5564.975549038539,1301000.0,0.00026180212949330903,0.062187979544744976,5031.415584614763
