cur_n,cur_mean,cur_std,cur_S,next_n,next_mean,next_std,next_S
6601000.0,-0.003798571652553127,0.08370550074487067,46250.63825352194,6601000.0,-0.008326032114102173,0.08773092908717309,50806.02177800921
6601000.0,-0.022574300821004912,0.15772420821464572,164212.58758164058,6601000.0,-0.025185238203687645,0.1531515555775439,154829.0886393978
6601000.0,-1.1494627377650651e-05,0.022150940243443017,3238.8740783663193,6601000.0,-1.0035059231195611e-05,0.020928121235710577,2891.147292072017
6601000.0,-0.001414006475618561,0.23213978219385376,355720.4868267421,6601000.0,0.0013773437611985099,0.234032731516357,361545.4794980688
6601000.0,-0.0022182173417572954,0.44079907016640013,1282599.5175333752,6601000.0,-0.0037786127731269862,0.43349813087666755,1240464.0751549986
6601000.0,-0.00011601285014540732,0.08598614228447497,48805.2636054404,6601000.0,0.000260985798042062,0.08558807911120961,48354.43260653401
