cur_n,cur_mean,cur_std,cur_S,next_n,next_mean,next_std,next_S
17851000.0,-0.023447827651390276,0.07381210427677794,97256.2954958598,17851000.0,-0.023404436091276546,0.07036380745541661,88381.46844866914
17851000.0,-0.02402119524467759,0.08214455822617471,120453.7004926415,17851000.0,-0.023990667921246846,0.07709881969247694,106110.41399181724
17851000.0,-0.033279896557493006,0.12286720601630398,269484.94945972826,17851000.0,-0.03320211651033094,0.1160575546155291,240441.4736585402
17851000.0,0.03240509635673934,0.13557266376883165,328100.43677773507,17851000.0,0.03262395725259122,0.1248268371941671,278149.6279568828
17851000.0,0.03218964431839097,0.14214017549772187,360658.5602353291,17851000.0,0.032419131175684394,0.12869342852654275,295648.2360431531
17851000.0,0.048750039237155214,0.20850494409296808,776059.9383568409,17851000.0,0.04909220856192714,0.1889080177066844,637035.0551357152
