cur_n,cur_mean,cur_std,cur_S,next_n,next_mean,next_std,next_S
28901000.0,-0.023447458296749234,0.07352878352149471,156252.7364597652,28901000.0,-0.023403530914418384,0.07016780758732062,142294.68682578675
28901000.0,-0.02373945011063545,0.0805747821176846,187633.8326302401,28901000.0,-0.02370355909695719,0.07586046676746667,166319.77589575993
28901000.0,-0.03311715111256792,0.12164371629781195,427653.69554977474,28901000.0,-0.03303303585969619,0.11517181089768116,383358.644681566
28901000.0,0.03221031545471781,0.13358330345451563,515723.8644955947,28901000.0,0.03242869130535833,0.12282814900898277,436022.28281550505
28901000.0,0.032255863328038585,0.13927152544769897,560579.9169930903,28901000.0,0.032480478619351036,0.12620680580948054,460339.6895208954
28901000.0,0.048834140732154516,0.2053328871188173,1218512.243585198,28901000.0,0.049178873779612435,0.18607524516742371,1000668.1333698407
