cur_n,cur_mean,cur_std,cur_S,next_n,next_mean,next_std,next_S
4901000.0,-0.004131397700568818,0.0856007223777351,35911.99747446297,4901000.0,-0.008657924398184335,0.08961840260268995,39362.1760748684
4901000.0,-0.022164940819848787,0.15950828944367076,124695.6254605059,4901000.0,-0.024773795595214015,0.15492416784410243,117631.34063050151
4901000.0,-2.3762944640707755e-05,0.022401973587976937,2459.559109539076,4901000.0,-1.8957393927441195e-05,0.021181058993877934,2198.7712117605747
4901000.0,-0.0013675087300060677,0.23669945560157638,274586.5248144869,4901000.0,0.0014242196012488988,0.23859625997326467,279004.98701409873
4901000.0,-0.002114124555536475,0.442463385886405,959487.6283131525,4901000.0,-0.0036744404797726758,0.43516245743304377,928084.5517242708
4901000.0,5.129115128400009e-05,0.086260635104851,36467.83702376074,4901000.0,0.0004282899834763607,0.0858627795089518,36132.21525141908
