cur_n,cur_mean,cur_std,cur_S,next_n,next_mean,next_std,next_S
2051000.0,-0.01839216331805557,0.13751487014444072,38785.10633673775,2051000.0,-0.017745572088579315,0.13894255948345102,39594.626448251074
2051000.0,-0.0042044401612575605,0.12154029692441914,30297.461785552212,2051000.0,-0.0036899864102566855,0.12210743793935128,30580.874346630786
2051000.0,0.002279017748483365,0.059538898017201004,7270.54965343756,2051000.0,0.0025208818219602702,0.05928671003593121,7209.0885871002865
2051000.0,0.00688050936410998,0.1986080179494928,80901.99197213723,2051000.0,0.006929691143112432,0.19490019291789262,77909.46074403456
2051000.0,5.939723264877009e-05,0.24236408839781343,120476.46060839629,2051000.0,0.00010456604943755598,0.23942740428021544,117574.5634186619
2051000.0,0.0002676794099604541,0.06713278198967668,9243.46816664826,2051000.0,0.0002662575666567589,0.0644595402553757,8521.971308695458
