cur_n,cur_mean,cur_std,cur_S,next_n,next_mean,next_std,next_S
2051000.0,-0.017716406298704357,0.06551799410595498,8804.138088470969,2051000.0,-0.017663865313048796,0.06179999051430237,7833.258835341688
2051000.0,-0.01889976603495031,0.082180055679616,13851.554742136317,2051000.0,-0.018859889863291478,0.07578586412139753,11779.91275848583
2051000.0,-0.02504445068904316,0.10719478759914546,23567.471823761538,2051000.0,-0.02501343106484709,0.10079144038263885,20835.933545988843
2051000.0,0.03227170860985571,0.1504372467314172,46416.93003366919,2051000.0,0.032474740961035774,0.14110636203180574,40837.472087400456
2051000.0,0.03213700738640602,0.1584518622845152,51494.44194859491,2051000.0,0.03239686512547668,0.14430349882582671,42708.99803519288
2051000.0,0.049086366001788576,0.22526165761169983,104073.51231382988,2051000.0,0.049390072145258264,0.20922467856747873,89782.4555155345
