cur_n,cur_mean,cur_std,cur_S,next_n,next_mean,next_std,next_S
20101000.0,-0.023314603568559657,0.07354803944182318,108732.6228393989,20101000.0,-0.02326979939645992,0.07012728999237253,98853.43755045533
20101000.0,-0.023839029371519445,0.08171357511163993,134216.5550946225,20101000.0,-0.023805126222305142,0.07675139664657966,118410.50620961927
20101000.0,-0.03310588796128589,0.12224274791824544,300375.06060335296,20101000.0,-0.03302600844234499,0.11554178835153106,268346.43749980244
20101000.0,0.032372555038734784,0.135230394551973,367592.2054343247,20101000.0,0.03259123917562605,0.1245152875233057,311647.046279758
20101000.0,0.032266609445417045,0.14172707758670747,403760.03344202007,20101000.0,0.032493476650555304,0.12840714994396438,331433.25114646496
20101000.0,0.048825920581074364,0.20785652586487532,868450.344762118,20101000.0,0.04916356317116279,0.18845945240335968,713926.5174887015
