cur_n,cur_mean,cur_std,cur_S,next_n,next_mean,next_std,next_S
1001000.0,-0.006593617008262577,0.11714994122282808,13737.832837240587,1001000.0,-0.005987088129890942,0.11828232964717243,14004.700216269128
1001000.0,0.003388855759915907,0.11711548427790322,13729.752694305442,1001000.0,0.003982586893595331,0.1168797276740901,13674.531611910634
1001000.0,0.003894622639690433,0.04718138096679261,2228.308792643554,1001000.0,0.004155379753361395,0.0456587456348881,2086.8057740043646
1001000.0,0.003910772836369357,0.1940616923873355,37697.60039268907,1001000.0,0.0039275969404409874,0.19025803208135947,36234.316890243084
1001000.0,0.0006677100906361541,0.22138629599725823,49060.903947441024,1001000.0,0.0007171367161134231,0.21778945623909446,47479.67949616937
1001000.0,0.0005532249295809933,0.06541535817699232,4283.44825450962,1001000.0,0.000559382046186488,0.06218225412566871,3870.499360877393
