cur_n,cur_mean,cur_std,cur_S,next_n,next_mean,next_std,next_S
951000.0,-0.0021384874948290533,0.10696147475689499,10880.15998514356,951000.0,-0.0015891802735807504,0.10770025026115874,11030.97605490673
951000.0,0.00108589863939275,0.10489229902010132,10463.277068429952,951000.0,0.0016149753323736842,0.10483054589025821,10450.960627418706
951000.0,0.0043721183744372906,0.04913087095835736,2295.5641995515516,951000.0,0.004659097783743196,0.047608622874305916,2155.5185043604783
951000.0,0.0029079637127092032,0.19599359866237273,36531.2296715125,951000.0,0.0029511587579390862,0.1921645948332068,35117.79716354742
951000.0,-0.0008531754229861559,0.2183008650737545,45320.15957504405,951000.0,-0.0008036186831252899,0.21497949713908032,43951.591164853424
951000.0,0.0005261546663569149,0.06718341272398777,4292.444008924839,951000.0,0.0005582009424565928,0.06379576679844248,3870.4747681925946
