cur_n,cur_mean,cur_std,cur_S,next_n,next_mean,next_std,next_S
21751000.0,-0.023275040772777564,0.07344251219377079,117320.60029457205,21751000.0,-0.023230285586776183,0.0700430725623138,106711.10233585183
21751000.0,-0.023757994668544547,0.0813756868744198,144035.174513083,21751000.0,-0.02372384076522102,0.07647030412177463,127193.48392878074
21751000.0,-0.033105870896285444,0.12213619490238867,324465.10703895066,21751000.0,-0.033027021761074124,0.11549432651031935,290135.2721090276
21751000.0,0.0323189277482598,0.13483455652428242,395440.95887755614,21751000.0,0.032536522478470185,0.1241403619124983,335200.95149236755
21751000.0,0.032247374810254456,0.14112976617019757,433227.9546696878,21751000.0,0.032473490071585974,0.12788695828880361,355739.2167569781
21751000.0,0.04888422579736804,0.20746136569921866,936167.7873250801,21751000.0,0.049224357329506634,0.1881478619923099,769977.0905150034
