cur_n,cur_mean,cur_std,cur_S,next_n,next_mean,next_std,next_S
6751000.0,-0.017757629723733192,0.06515714004327629,28661.052518577668,6751000.0,-0.017713455244250248,0.061495328012649314,25530.090405204868
6751000.0,-0.01872322699604387,0.08023511102191014,43460.73069775386,6751000.0,-0.01868224423786184,0.07410175820009215,37070.21740689659
6751000.0,-0.02386679339171261,0.10398795723225944,73001.90642828231,6751000.0,-0.023798298874199583,0.09801134335442144,64851.61434985961
6751000.0,0.03254196235888725,0.15117616793592525,154288.93205834154,6751000.0,0.032761688165075104,0.14196462208065322,136059.34293081565
6751000.0,0.03225580238880793,0.15676014505158964,165897.3395100957,6751000.0,0.03248585232712334,0.1431669254582196,138373.68444837115
6751000.0,0.048894868967504404,0.22365853557423174,337706.2217532019,6751000.0,0.04922993519045125,0.20840935646707712,293226.03853525623
