cur_n,cur_mean,cur_std,cur_S,next_n,next_mean,next_std,next_S
14451000.0,-0.023501764884648273,0.07402172995820443,79180.15772828316,14451000.0,-0.023457825676458554,0.07052282264671172,71871.59349667466
14451000.0,-0.024280951706672348,0.08285888239309179,99214.70455058698,14451000.0,-0.024247809663547604,0.07768941393749952,87221.10644344645
14451000.0,-0.03346466741164798,0.12372805472084125,221225.0341678254,14451000.0,-0.03339034448347648,0.1167218431859035,196880.2603672034
14451000.0,0.032417659417578744,0.13641540107972763,268920.9950293374,14451000.0,0.03264060110216941,0.12562649711242369,228065.92444063793
14451000.0,0.032158948851041154,0.1434552243592763,297392.9295731668,14451000.0,0.03239447385743651,0.12984431575412525,243637.304067677
14451000.0,0.04855944105348522,0.20998658827378222,637207.7012000243,14451000.0,0.048913155181475744,0.19012811939791197,522384.88950640307
