cur_n,cur_mean,cur_std,cur_S,next_n,next_mean,next_std,next_S
3851000.0,-0.01753660520145077,0.06510001282802381,16320.582941974339,3851000.0,-0.01749582937244718,0.061413412769293435,14524.459588958685
3851000.0,-0.018344751173177628,0.08008841650354113,24700.90881793006,3851000.0,-0.018295986217014042,0.07389155492332253,21026.313234486588
3851000.0,-0.02450845740479622,0.10587561565953084,43168.34671243735,3851000.0,-0.024463488552333164,0.09968340996448115,38266.548337487395
3851000.0,0.032407913407433805,0.151279204305767,88131.66637089146,3851000.0,0.032611510323437495,0.1420282690599496,77682.48449604912
3851000.0,0.0318846419754801,0.15632007951620028,94102.90991807198,3851000.0,0.03211394709782837,0.1425882630116022,78296.27049511219
3851000.0,0.049372217265565746,0.22618739375260338,197019.9985435843,3851000.0,0.04971556723814115,0.21060723624264244,170812.67604534997
