cur_n,cur_mean,cur_std,cur_S,next_n,next_mean,next_std,next_S
501000.0,-0.0038899021859008062,0.11985621782994195,7197.121989201746,501000.0,-0.0032861414901189626,0.12088385664871369,7321.066305931647
501000.0,0.004737498475038257,0.1177871684889166,6950.782347378849,501000.0,0.005345321256724719,0.11774754530665575,6946.106697297217
501000.0,0.0037957103453825666,0.04780636067104739,1145.0095084257437,501000.0,0.0040698637066196985,0.046258208512676285,1072.0507492559204
501000.0,0.0042264890069237115,0.20317958687903762,20682.254206692534,501000.0,0.0042407165755375285,0.1995109488839673,19942.113981015093
501000.0,-0.0006056944885308044,0.23442489606005792,27532.470978277248,501000.0,-0.0005477103894090971,0.23104193380805646,26743.567964060934
501000.0,0.000681424353553183,0.06588847431553191,2174.9868148618825,501000.0,0.0006947955050229525,0.0626068708864735,1963.7297613799774
