cur_n,cur_mean,cur_std,cur_S,next_n,next_mean,next_std,next_S
11201000.0,-0.02340904306325642,0.07408179340726066,61472.34379379819,11201000.0,-0.023365265053123894,0.07054429366365898,55741.747024619544
11201000.0,-0.024452347768641514,0.08354335383849938,78177.28956251933,11201000.0,-0.024417716124459553,0.07829245637090129,68658.8674241268
11201000.0,-0.03360047842727428,0.12442395550281009,173406.27319391395,11201000.0,-0.033522838731243315,0.11731100359036736,154146.72338141027
11201000.0,0.032430678750755344,0.13746884681611277,211672.95674730593,11201000.0,0.03265328815153172,0.12672365176457595,179875.55874927115
11201000.0,0.03222001531158465,0.14509059122833964,235795.38350514142,11201000.0,0.03245427962484282,0.1314467489157324,193533.6536135752
11201000.0,0.04855712483514937,0.21203919498514068,503603.90697161085,11201000.0,0.04890367747907756,0.19207925393001193,413254.6200912624
