cur_n,cur_mean,cur_std,cur_S,next_n,next_mean,next_std,next_S
23951000.0,-0.023249758115810443,0.07332477442411281,128773.09145965568,23951000.0,-0.023203649038603915,0.0699477819067962,117184.87073084705
23951000.0,-0.023702860329826332,0.08107918231500537,157449.89346043847,23951000.0,-0.02366693416504698,0.07623565517511825,139200.2209986298
23951000.0,-0.03306845082388769,0.12187417721025047,355751.74925774976,23951000.0,-0.032988489938639884,0.11528374637423745,318316.98550718225
23951000.0,0.03221745221743929,0.13426437113651968,431762.7934139648,23951000.0,0.03243671587084968,0.12357635753380748,365758.50270083715
23951000.0,0.03225776317419095,0.14056153077809896,473212.9347795797,23951000.0,0.032482351195334935,0.12736838085419624,388549.9940764405
23951000.0,0.048846544052060514,0.20669718055949987,1023275.9243318046,23951000.0,0.04918528298277211,0.18741983993793346,841307.5300329388
