cur_n,cur_mean,cur_std,cur_S,next_n,next_mean,next_std,next_S
10201000.0,-0.02345002550305022,0.07428390790271647,56290.12762662578,10201000.0,-0.023406299742733786,0.07072165302145074,51020.83405428811
10201000.0,-0.024539593774627708,0.08385473995415409,71729.52922775659,10201000.0,-0.024505628048513917,0.07856545363585227,62965.98368157897
10201000.0,-0.033684241767301705,0.12476532916913774,158792.71748673226,10201000.0,-0.03360317572864703,0.11761769587432554,141119.8422267932
10201000.0,0.03249486531788125,0.13801751921148675,194317.17205039907,10201000.0,0.032714726318097326,0.12726122055026018,165209.461628864
10201000.0,0.03224172254654583,0.14565049126152607,216404.6832337883,10201000.0,0.0324742784392188,0.13198984655516,177714.88117487138
10201000.0,0.048667641139895815,0.2129750030992595,462700.548192267,10201000.0,0.04901104107574065,0.19297003686803305,379859.0757493992
