cur_n,cur_mean,cur_std,cur_S,next_n,next_mean,next_std,next_S
451000.0,-0.039033383540555196,0.1095365174869684,5411.210147090994,451000.0,-0.039012359021611376,0.10473943535594285,4947.62754272546
451000.0,-0.04567687308856862,0.12409745113201215,6945.479997235427,451000.0,-0.04567759552972735,0.11705959288909976,6180.02967760016
451000.0,-0.05903995038803059,0.17554789577791322,13898.495734135939,451000.0,-0.05893094071394644,0.16704753714746715,12585.10072983252
451000.0,0.033259553127791684,0.1632486981402815,12019.211987468036,451000.0,0.033449634072514146,0.1502451500864537,10180.695911149951
451000.0,0.031569568730558606,0.18721588018949145,15807.45339360183,451000.0,0.03176748857935394,0.1704003161222104,13095.356748281707
451000.0,0.04668363715020185,0.2557023577435557,29488.046785781626,451000.0,0.047071191082261696,0.23267280678523958,24415.62239281196
