cur_n,cur_mean,cur_std,cur_S,next_n,next_mean,next_std,next_S
6451000.0,-0.01772256491384245,0.06512129257213786,27357.289496161822,6451000.0,-0.01767825632799596,0.06146503170777684,24371.556242428018
6451000.0,-0.01866766166963588,0.08011387159171225,41404.01735053758,6451000.0,-0.018625637257014147,0.07397794351251788,35304.620751027636
6451000.0,-0.02395270480381122,0.10428359749051423,70155.06821959068,6451000.0,-0.023883409394038185,0.09828698945316049,62318.8036399844
6451000.0,0.0325209484216536,0.15112029440837166,147323.70215775244,6451000.0,0.032734523870095115,0.14191962678657702,129930.75519417369
6451000.0,0.03215662048990763,0.15638912092079804,157775.70112549333,6451000.0,0.032382619176255935,0.14280477957282026,131556.56589909835
6451000.0,0.0490028917091146,0.22411719807264063,324024.17266242835,6451000.0,0.04933539810791465,0.2088251290053296,281314.785485901
