cur_n,cur_mean,cur_std,cur_S,next_n,next_mean,next_std,next_S
5401000.0,-0.003968029341109407,0.08482788572139958,38864.354828395226,5401000.0,-0.008495802407043828,0.0888508861671759,42638.08633251193
5401000.0,-0.022307806193907678,0.15877568290078437,136157.68411277691,5401000.0,-0.02491796324710994,0.1541972910388447,128418.52144864187
5401000.0,-9.835770039910737e-06,0.022350894008735595,2698.136862607547,5401000.0,-7.634862248357144e-06,0.021127721310731016,2410.901662640939
5401000.0,-0.0014297660180022944,0.23474160371377317,297614.6543967304,5401000.0,0.0013618267289809297,0.23664454998086346,302459.4730355207
5401000.0,-0.002179232844100691,0.4417791209766261,1054106.6441384852,5401000.0,-0.0037395479860111045,0.43447819846141067,1019553.8179716123
5401000.0,-7.894411050739118e-05,0.08631928241016182,40242.95100386427,5401000.0,0.0002980546377455339,0.08592255999403013,39873.88879232554
