cur_n,cur_mean,cur_std,cur_S,next_n,next_mean,next_std,next_S
2701000.0,-0.025223137076253937,0.07930062713627288,16985.480142820885,2701000.0,-0.02519365567781882,0.07539769395645798,15354.677897923544
2701000.0,-0.027589822929531882,0.09192321204116283,22823.117539216335,2701000.0,-0.027571448686924495,0.08610543543841441,20025.608378517212
2701000.0,-0.03693138039051031,0.13352710665327513,48157.447658437995,2701000.0,-0.03687875082792835,0.12592240079439557,42828.27420994769
2701000.0,0.03219983866696985,0.1428546662036604,55120.5377272861,2701000.0,0.032415342952806805,0.13169892731168956,46847.78473608921
2701000.0,0.032276096962727804,0.15562969223587306,65419.84358577337,2701000.0,0.032514313756546016,0.14137288799942285,53982.97863896417
2701000.0,0.04892954268906964,0.22475428481028326,136439.63354811177,2701000.0,0.04925858039256221,0.20416797063458228,112589.9971894509
