cur_n,cur_mean,cur_std,cur_S,next_n,next_mean,next_std,next_S
2151000.0,-0.01447565703555495,0.11860517082146861,30258.518259563552,2151000.0,-0.013847319445655796,0.11994471079703145,30945.864077242735
2151000.0,0.002327659317325304,0.11670332639402484,29295.902407966565,2151000.0,0.0029176737163671986,0.11645715354061262,29172.439781791698
2151000.0,0.004444837601741263,0.04825949356607679,5009.6332251158,2151000.0,0.0047210730142964825,0.04666338392411953,4683.74097978627
2151000.0,0.004666288230855225,0.1860533075412283,74458.65731436343,2151000.0,0.004680488604905922,0.18207039357142343,71304.85029100926
2151000.0,0.0019715396181904238,0.20914967945401478,94092.45868220754,2151000.0,0.0020214299208771683,0.2054022107285383,90750.8366383395
2151000.0,0.0002846538454329534,0.06606670608602788,9388.705563726884,2151000.0,0.0003008340265885779,0.0627714549771047,8475.489709436708
