cur_n,cur_mean,cur_std,cur_S,next_n,next_mean,next_std,next_S
31351000.0,-0.02349922265271778,0.07353572122127511,169530.60446725794,31351000.0,-0.023455194127856998,0.0701808573194656,154414.7335666183
31351000.0,-0.02377853925059232,0.08042958833951208,202807.06955120736,31351000.0,-0.02374061736551883,0.07575915477974932,179937.48230726508
31351000.0,-0.033077656133092576,0.12144270548702964,462374.9162776112,31351000.0,-0.032993812645590384,0.11503071062513767,414838.4505944593
31351000.0,0.032198917555357955,0.13332252223929894,557260.7311463224,31351000.0,0.032417142144060905,0.12255500879424601,470883.56089066505
31351000.0,0.03228083815039988,0.13894519980663975,605255.1497893251,31351000.0,0.032503853007947114,0.12591944448775666,497092.25448479905
31351000.0,0.04885745208599578,0.20484380226097448,1315518.7882137112,31351000.0,0.04920289930802433,0.18565456155211363,1080594.2362733467
