cur_n,cur_mean,cur_std,cur_S,next_n,next_mean,next_std,next_S
30401000.0,-0.023477581781075556,0.0735186095757453,164316.97798606032,30401000.0,-0.023433900787022472,0.07016238714043724,149656.84406560488
30401000.0,-0.023768529991309503,0.08048931752762069,196953.7977065253,30401000.0,-0.023730701970212355,0.07580370322913937,174690.2694682669
30401000.0,-0.0331087655169453,0.12152500758012082,448971.92333485937,30401000.0,-0.033024598367626876,0.11509282444416787,402702.53680973424
30401000.0,0.03219360692747813,0.13337297528811295,540783.6446815263,30401000.0,0.0324129414030713,0.12260772559013107,457007.7256356747
30401000.0,0.03227679948460154,0.13906584504332042,587934.340740687,30401000.0,0.03250038845576767,0.1260237068361334,482827.91239016346
30401000.0,0.048848210506713986,0.20499149916674764,1277496.069325904,30401000.0,0.04919575739607897,0.18578516163807995,1049324.7551868649
