cur_n,cur_mean,cur_std,cur_S,next_n,next_mean,next_std,next_S
33251000.0,-0.023489154774059655,0.07347383428067632,179502.3421741414,33251000.0,-0.023445811626222404,0.07012374940329712,163506.4800002461
33251000.0,-0.02378486913565464,0.0803259268019992,214543.91493147102,33251000.0,-0.02374597925847626,0.07567665258172063,190427.00550939623
33251000.0,-0.03293133627551971,0.12109580939212218,487599.14968513075,33251000.0,-0.032847977732100755,0.11472994033921037,437681.5566996494
33251000.0,0.03219245229446952,0.13326022280743358,590480.80046132,33251000.0,0.03241056843249717,0.12250939642412764,499049.3696079971
33251000.0,0.032312385154679005,0.1388863301867551,641392.2621114629,33251000.0,0.03253479279468749,0.12589728063366648,527032.5153844308
33251000.0,0.04882199008783273,0.20455165204930617,1391267.6717186952,33251000.0,0.049170263253809854,0.18544278963030916,1143469.57753844
