cur_n,cur_mean,cur_std,cur_S,next_n,next_mean,next_std,next_S
17301000.0,-0.02348100443570381,0.07387889510263108,94430.4348405719,17301000.0,-0.023437343652627875,0.07042162352623453,85799.20674428332
17301000.0,-0.024051026922150425,0.08218019915011882,116843.77637484255,17301000.0,-0.02401873034694042,0.07712057916698546,102899.14613091807
17301000.0,-0.03331650238167623,0.12297623880034292,261645.71000929558,17301000.0,-0.033238706392826924,0.1161360384605197,233348.6117063766
17301000.0,0.03242126264490816,0.13569285627744435,318555.54908509395,17301000.0,0.032640127956915704,0.124930420149182,270027.2585105434
17301000.0,0.032140082664971856,0.14215186335436444,349603.94116579473,17301000.0,0.032370781400340935,0.12869403290630727,286541.8281825374
17301000.0,0.04870514546489054,0.20858716413726425,752742.375845933,17301000.0,0.04904770484805182,0.1889520061997258,617695.1920520379
