cur_n,cur_mean,cur_std,cur_S,next_n,next_mean,next_std,next_S
22451000.0,-0.02325735290430065,0.0733910519384542,120926.62027551283,22451000.0,-0.023212098440411864,0.07000086723860005,110012.62586921881
22451000.0,-0.02374081718870216,0.08127551642579707,148304.7855623565,22451000.0,-0.023705764495026222,0.07639198919848378,131018.10924360705
22451000.0,-0.0330855108756391,0.12202600928116816,334303.1791743608,22451000.0,-0.033006228722157534,0.11539731101748918,298969.62584639713
22451000.0,0.0322725686752179,0.1346124042593139,406823.33159099816,22451000.0,0.03249041850066283,0.12392485699871207,344788.31795947737
22451000.0,0.03225216678730077,0.14092038824983388,445844.4368154885,22451000.0,0.03247671996098529,0.12770007945568276,366115.42338786664
22451000.0,0.0488583227385003,0.20717261297004616,963607.956122145,22451000.0,0.04919858951814412,0.18786298375742047,792351.9324577727
