cur_n,cur_mean,cur_std,cur_S,next_n,next_mean,next_std,next_S
2301000.0,-0.005589446148152184,0.0927312519028436,19786.49476785733,2301000.0,-0.010113364643369975,0.09674624415970223,21536.982081479062
2301000.0,-0.01958975955051802,0.16598865937162505,63397.69282701553,2301000.0,-0.022201369001855674,0.161446384585772,59975.41565547492
2301000.0,2.098881882435169e-05,0.023123306967381248,1230.3155350729148,2301000.0,2.6159588902776287e-05,0.02194638161935761,1108.262075885881
2301000.0,-0.001237807894302548,0.253638383327886,148028.92027301955,2301000.0,0.001555381065903713,0.2555729531453997,150295.64660713897
2301000.0,-0.0022521232191545946,0.4483538464307303,462549.71587284026,2301000.0,-0.003811967574380252,0.44107524633846945,447653.50511777797
2301000.0,6.955809795055964e-05,0.08625850713701101,17120.659653116796,2301000.0,0.0004465617548691745,0.08586090631621807,16963.191132150903
