cur_n,cur_mean,cur_std,cur_S,next_n,next_mean,next_std,next_S
8501000.0,-0.023602354986978363,0.07473570558606427,47481.703785987906,8501000.0,-0.023560436246696292,0.0711445025811057,43028.15364410764
8501000.0,-0.02484787312909561,0.08471566664977649,61009.502239462374,8501000.0,-0.024815789156211847,0.07934942633275653,53525.113735828556
8501000.0,-0.03388402782794027,0.1253237782715262,133517.12595153085,8501000.0,-0.03380646872308363,0.11815817494382792,118685.47295578413
8501000.0,0.03256470341613894,0.13865251148506577,163427.63551842966,8501000.0,0.03278657406897318,0.12785356933140546,138961.89565682507
8501000.0,0.03223448581485898,0.1467463973537176,183064.82816364535,8501000.0,0.03247418868761186,0.13296750218353232,150300.71177052215
8501000.0,0.04857958400244418,0.2136521882673602,388047.33644471946,8501000.0,0.04892616295202142,0.19369167236432994,318927.45998191624
