cur_n,cur_mean,cur_std,cur_S,next_n,next_mean,next_std,next_S
27751000.0,-0.023411205183154586,0.07350345805813471,149931.94687383162,27751000.0,-0.02336685225856358,0.07013786873295594,136516.0668142681
27751000.0,-0.02370762047550434,0.08063499452540428,180437.06699594948,27751000.0,-0.023670628524578848,0.07589224905155394,159835.58831782686
27751000.0,-0.03308217743378384,0.12165394212727738,410705.96505585307,27751000.0,-0.03299942055942135,0.11515516139587187,367997.99640322913
27751000.0,0.032232535248156086,0.1337703070495573,496590.13208073453,27751000.0,0.03245087385544076,0.12302381263611288,420007.4575543056
27751000.0,0.03224628513929243,0.13949754020634028,540022.3528941654,27751000.0,0.03247076563222224,0.12640239243504495,443393.40113397443
27751000.0,0.04880799995594254,0.20554037952926477,1172392.2682203162,27751000.0,0.04914803255148613,0.18628092894487747,962975.9201422085
