cur_n,cur_mean,cur_std,cur_S,next_n,next_mean,next_std,next_S
4501000.0,-0.00423256043639137,0.08603205927627068,33314.220020144196,4501000.0,-0.008758289675331182,0.09005585695366247,36503.368229834996
4501000.0,-0.021995602213555364,0.16013120404398587,115414.65329110344,4501000.0,-0.02460391720382908,0.15554635130910824,108900.1979924999
4501000.0,-2.9602906316405008e-05,0.02248188424629765,2274.9634718069324,4501000.0,-2.3536991718658318e-05,0.021262180437334816,2034.8135065909748
4501000.0,-0.0013276866556893164,0.23786693347479348,254669.63186119893,4501000.0,0.001464161573555102,0.23976364936162395,258747.22060597208
4501000.0,-0.0020871538246358917,0.44302562347206714,883418.9354407149,4501000.0,-0.00364744242358301,0.4357257271393914,854545.9487194722
4501000.0,0.00011431144722491232,0.08631175082016505,33531.18220171983,4501000.0,0.000491310329044243,0.08591371905238995,33222.63321347988
