cur_n,cur_mean,cur_std,cur_S,next_n,next_mean,next_std,next_S
7351000.0,-0.003718432484741575,0.08313889090628689,50810.66465646804,7351000.0,-0.008245930501924624,0.0871660861417965,55852.35824017457
7351000.0,-0.022774407360973574,0.15729342288426404,181872.7147083448,7351000.0,-0.025384835903863884,0.15271539741505522,171439.96765874882
7351000.0,-3.625980966009825e-06,0.02209251157312328,3587.8692259907166,7351000.0,-3.7110324632778283e-06,0.02086818825111637,3201.2228957785146
7351000.0,-0.0014158334652731837,0.2308372515770446,391704.1856966974,7351000.0,0.001375401378066937,0.23272699759044504,398143.79910026066
7351000.0,-0.0021927667846896744,0.4404073545377936,1425789.9474306183,7351000.0,-0.003753174268354577,0.4331042071857945,1378895.0982272439
7351000.0,-0.00019324555288422978,0.08598728160911841,54351.91641176339,7351000.0,0.0001837523419609782,0.0855897363042435,53850.50736359069
