cur_n,cur_mean,cur_std,cur_S,next_n,next_mean,next_std,next_S
29351000.0,-0.023453213470579725,0.07351229482681354,158614.49140966358,29351000.0,-0.023409361728835752,0.07015107569469313,144441.3610833684
29351000.0,-0.02375485256998231,0.08055741213896088,190473.2161896004,29351000.0,-0.02371827495957618,0.07584996086914267,168862.65936557524
29351000.0,-0.03312460430188426,0.12161671549028462,434119.64865851257,29351000.0,-0.03303842045906846,0.11515943975152351,389244.055846582
29351000.0,0.032194960718085,0.1334935578265261,523050.3754777337,29351000.0,0.03241371764142737,0.12272891295595079,442096.09369757865
29351000.0,0.03227130984387427,0.1392188956850073,568878.1737782648,29351000.0,0.03249500436221872,0.12615481017617164,467122.22546882665
29351000.0,0.04884565651536255,0.2052180182145184,1236100.7816819006,29351000.0,0.04919005764716816,0.18598129870817287,1015223.0148638617
