cur_n,cur_mean,cur_std,cur_S,next_n,next_mean,next_std,next_S
1151000.0,-0.002901562821926938,0.1079532990506559,13413.655907084316,1151000.0,-0.00232413595848883,0.10853789318383625,13559.32586956051
1151000.0,0.0006718921567107516,0.1063131675500613,13009.165523301048,1151000.0,0.0012126685643557762,0.10606935987582568,12949.566179241998
1151000.0,0.004236743728021898,0.04870421892401233,2730.2881830888373,1151000.0,0.0045279277204457345,0.04715283452026066,2559.1216635926435
1151000.0,0.0033279906895395486,0.19622999042249661,44320.646721536286,1151000.0,0.003384491460188916,0.1922505737246204,42541.28584516001
1151000.0,-0.0006724923895488185,0.217958305729757,54679.202315110735,1151000.0,-0.0006083547473713013,0.21448256222405201,52949.18769242169
1151000.0,0.0004911456649431934,0.0671976224199728,5197.364048190714,1151000.0,0.0005337179210907194,0.0637755257026873,4681.482648130902
