cur_n,cur_mean,cur_std,cur_S,next_n,next_mean,next_std,next_S
29251000.0,-0.02345040980397431,0.07350621658655687,158047.9465623188,29251000.0,-0.02340615438084925,0.07014516136801249,143924.97249649034
29251000.0,-0.023750791608449087,0.08055742626323233,189824.33308899248,29251000.0,-0.023714660876309746,0.07584821767692736,168279.60260154653
29251000.0,-0.03312938261981961,0.1216464202873813,432851.9562370445,29251000.0,-0.03304356926811843,0.1151861450417573,388097.8221282465
29251000.0,0.03219641364235786,0.13349931444991864,521313.28060595755,29251000.0,0.0324149149953713,0.1227373331749004,440650.3133833852
29251000.0,0.03226728495472396,0.13922838057390396,567017.2367909885,29251000.0,0.032491351263903505,0.12616333135383045,465593.61290134856
29251000.0,0.04885297526851429,0.20527967745581724,1232629.7095546338,29251000.0,0.049197389998815844,0.18603649804424371,1012364.7837621571
