cur_n,cur_mean,cur_std,cur_S,next_n,next_mean,next_std,next_S
5801000.0,-0.02610253793370355,0.1300682130466069,98139.81000184278,5801000.0,-0.025454804215354523,0.13146862142680182,100264.47483362953
5801000.0,-0.002715623067021573,0.09610163408539521,53575.275152596405,5801000.0,-0.0022225202032857424,0.09642977266723128,53941.764829649306
5801000.0,0.0033941111479959822,0.05242300010512802,15942.139623069088,5801000.0,0.0036451478099358485,0.05158730233353537,15437.909869661235
5801000.0,0.006836617046754293,0.18779276099652475,204578.76840073036,5801000.0,0.006894443942873951,0.18375196515472758,195869.51603439872
5801000.0,-0.0009742746201148169,0.22166439960726514,285032.7502148993,5801000.0,-0.0009360780556134647,0.21842636898047976,276766.1663414468
5801000.0,-1.858975485701627e-05,0.0649381073870341,24462.57214564885,5801000.0,5.329316539194282e-07,0.061928216869664765,22247.4385630508
