cur_n,cur_mean,cur_std,cur_S,next_n,next_mean,next_std,next_S
12551000.0,-0.023433908214240563,0.07403959284174744,68802.84127886347,12551000.0,-0.02339155880193812,0.07052613807328757,62427.87263788343
12551000.0,-0.024425684198514586,0.08331531209502428,87122.0288713453,12551000.0,-0.024392710559274083,0.07808960407624711,76535.82560931692
12551000.0,-0.03358768118887668,0.12422072614414265,193671.83027621874,12551000.0,-0.033511743120128966,0.117146406955397,172240.89559578412
12551000.0,0.03239762289063355,0.13691036233109558,235261.55823339368,12551000.0,0.0326165913151383,0.12615162752791817,199739.5399888076
12551000.0,0.03223183260594812,0.14444265833627554,261860.06709953514,12551000.0,0.03246975890977188,0.13077564169491077,214650.57145044254
12551000.0,0.048536346682097636,0.2110971818753204,559297.915476257,12551000.0,0.04888812936505136,0.19115090101839438,458596.8090167674
