cur_n,cur_mean,cur_std,cur_S,next_n,next_mean,next_std,next_S
14851000.0,-0.023478335717668216,0.07393245981327749,81175.69392713615,14851000.0,-0.023434050625217556,0.07043639392829036,73680.05229146591
14851000.0,-0.024278662962671414,0.08283405324187249,101899.84507106534,14851000.0,-0.024245119736126905,0.07767955171757954,89612.60852516015
14851000.0,-0.033442088959708995,0.12365114577926035,227065.93651583238,14851000.0,-0.03336806862900996,0.116664119602641,202129.78503629362
14851000.0,0.03238251706963953,0.13621606285238314,275557.5691339942,14851000.0,0.032604497284244215,0.12542091947210027,233612.27496926312
14851000.0,0.03220728251666615,0.14338858528055934,305340.8131594783,14851000.0,0.03244346990421388,0.12980188673731288,250217.51606820867
14851000.0,0.04858404271439664,0.2098364700069425,653909.491897016,14851000.0,0.04893542266053671,0.19000094272590268,536126.4201737031
