cur_n,cur_mean,cur_std,cur_S,next_n,next_mean,next_std,next_S
7551000.0,-0.02377606196004945,0.07519845913261806,42699.45714045215,7551000.0,-0.023735440127284527,0.07159729726994789,38707.73214450409
7551000.0,-0.02506176120994705,0.08526742007638531,54899.794127871304,7551000.0,-0.025028833369855744,0.07986777708889135,48166.78558107945
7551000.0,-0.0342064760967042,0.12619080049026876,120243.01598735823,7551000.0,-0.03413446164914655,0.11898081069865599,106895.22795786057
7551000.0,0.032646319307160415,0.1390904227477344,146082.74618178335,7551000.0,0.03286430235552271,0.1282804091240074,124258.22426928655
7551000.0,0.0322401434965564,0.14729045308348082,163815.0001275744,7551000.0,0.03247657209276893,0.13346370132009497,134502.63731351946
7551000.0,0.048676475413846156,0.21456311948688486,347627.8957740153,7551000.0,0.04902925365869674,0.1945336360985542,285755.02691719524
