cur_n,cur_mean,cur_std,cur_S,next_n,next_mean,next_std,next_S
1601000.0,-0.015231593979362907,0.14279387678873462,32644.536088618475,1601000.0,-0.014585828864310773,0.14424705813846855,33312.34926434597
1601000.0,-0.005135952459188536,0.13134033187844096,27617.70272748037,1601000.0,-0.004614090028919198,0.1320146151517568,27902.00164048
1601000.0,0.0018905376190854238,0.06295778098255042,6345.855180181106,1601000.0,0.002128113240333356,0.06289665098154773,6333.537916216102
1601000.0,0.007182281411955113,0.20410957052503495,66698.80756464266,1601000.0,0.007213884713739243,0.20050497141542795,64363.79194324483
1601000.0,0.0005423502523808192,0.25050792453234655,100469.50662585963,1601000.0,0.000585661245209991,0.24763784421462193,98180.52752151185
1601000.0,0.00031118682308859763,0.0678099914136584,7361.710091768201,1601000.0,0.00030752823122837233,0.06528847035514959,6824.3975624657105
