cur_n,cur_mean,cur_std,cur_S,next_n,next_mean,next_std,next_S
26001000.0,-0.023304541758691046,0.07341139033023278,140125.4272178929,26001000.0,-0.023260887390248144,0.07003801723408859,127543.32563400282
26001000.0,-0.023669235597006042,0.08082059007565257,169837.6942523736,26001000.0,-0.023632687326927207,0.07603304239076118,150312.39293861267
26001000.0,-0.03298095259862086,0.12157621035695179,384314.9288186274,26001000.0,-0.03290046667386762,0.1150354137014131,344075.03968824225
26001000.0,0.03225092058975481,0.13413549881239972,467818.62541497516,26001000.0,0.032470402284386225,0.1234236039580839,396083.26975006453
26001000.0,0.03228190671919253,0.1401049224600808,510383.75112547417,26001000.0,0.032507169292341855,0.12697608018852888,419212.1713660767
26001000.0,0.04873607176722296,0.2059623128092516,1102974.7522154339,26001000.0,0.04907765280507598,0.18673023668296812,906607.5817649013
