cur_n,cur_mean,cur_std,cur_S,next_n,next_mean,next_std,next_S
18601000.0,-0.023402625286268897,0.07371313719424369,101070.8882939185,18601000.0,-0.02335983566240234,0.07027531376196235,91863.26549249027
18601000.0,-0.023957393790274128,0.08201035165388483,125104.704375904,18601000.0,-0.023926057121939584,0.07699054595405473,110258.24903740978
18601000.0,-0.03319954540585403,0.12261848990186548,279671.5049182041,18601000.0,-0.033119263922165056,0.11584551222833898,249628.81846680347
18601000.0,0.03238810063579604,0.1354127836730196,341079.5054885957,18601000.0,0.03260668662646907,0.12468963922065511,289199.16150510364
18601000.0,0.03220824251454702,0.14199654269423298,375052.3003684785,18601000.0,0.03243694476418752,0.12858715549393357,307561.1466357495
18601000.0,0.04874377309041829,0.20823321807077097,806559.3208839403,18601000.0,0.0490833817685175,0.188687681642792,662252.1694306119
