cur_n,cur_mean,cur_std,cur_S,next_n,next_mean,next_std,next_S
101000.0,-0.019000220982504402,0.06866343144660751,476.18134862031997,101000.0,-0.018886685564334166,0.06480680154498548,424.19207417560443
101000.0,-0.021696662556940298,0.08520782158739007,733.2976588265183,101000.0,-0.021597056871655727,0.07783004458338338,611.809099824996
101000.0,-0.02835019235734523,0.11404684563944271,1313.6749830309943,101000.0,-0.028287941007414705,0.1059480302673684,1133.7234968710563
101000.0,0.03300916417326491,0.1495088458301412,2257.642393127554,101000.0,0.033243379945020655,0.13910802408983497,1954.4552789839888
101000.0,0.028139783558933967,0.15737121956142672,2501.3357753713285,101000.0,0.02844757235490466,0.14102138311066703,2008.5900799389976
101000.0,0.048728177327475995,0.2249615837127106,5111.379128799621,101000.0,0.04910176728339396,0.20500462283531665,4244.716433768894
