cur_n,cur_mean,cur_std,cur_S,next_n,next_mean,next_std,next_S
601000.0,-0.016360657730759565,0.17638303413867246,18697.695813910417,601000.0,-0.015721546009628513,0.17813196844607002,19070.329907665484
601000.0,-0.014317224273298384,0.18175665372294592,19854.324184710284,601000.0,-0.013697635836274803,0.18269884899524783,20060.700523937205
601000.0,-0.001312061717200418,0.08533636835047133,4376.659753711642,601000.0,-0.0010257618050766323,0.08619261379200056,4464.929170050476
601000.0,0.008522179955792982,0.22334657825286677,29980.100104375633,601000.0,0.00851457896007169,0.2201143492009399,29118.64636121614
601000.0,0.0036803709195163048,0.26585225759176484,42477.13114284949,601000.0,0.0037373827593708327,0.2629678775907788,41560.414891403874
601000.0,0.001961187736050128,0.07420415030317366,3309.2598092518083,601000.0,0.001946035826568454,0.07218555219962769,3131.663121765469
