cur_n,cur_mean,cur_std,cur_S,next_n,next_mean,next_std,next_S
27051000.0,-0.023358586157815393,0.07344761291793493,145928.02191426617,27051000.0,-0.023314823614499696,0.07007778000571739,132844.6274220796
27051000.0,-0.02368922555245079,0.08070654935565212,176197.96284275412,27051000.0,-0.023653022544774638,0.0759474108211429,156030.41715148944
27051000.0,-0.03298698507772199,0.12149294930363869,399287.2790966613,27051000.0,-0.03290468736127828,0.11497538897429656,357596.36822791083
27051000.0,0.03222567958968277,0.133895219601791,484968.42989116226,27051000.0,0.03244476362640831,0.12316241743706682,410336.1068959582
27051000.0,0.0322674801614832,0.13974343377249784,528258.0762196782,27051000.0,0.032491885820497876,0.1266388965584327,433827.9811977087
27051000.0,0.048696914408786235,0.2055320087048801,1142726.3919978137,27051000.0,0.04903797373643302,0.18628586329700525,938735.2409024639
