cur_n,cur_mean,cur_std,cur_S,next_n,next_mean,next_std,next_S
19951000.0,-0.023329893328973714,0.07358566891909037,108031.68572255642,19951000.0,-0.02328565670858071,0.07016093577594014,98209.93289057312
19951000.0,-0.023861577386945543,0.0817713997004977,133403.59465093113,19951000.0,-0.023827721022935438,0.07680336908045145,117686.11092455764
19951000.0,-0.03310283053168196,0.12224907695919189,298164.4393434371,19951000.0,-0.033022920999648105,0.11554265520244437,266347.94827122864
19951000.0,0.03238943317487781,0.13529088042034967,365175.5690043463,19951000.0,0.03260739207395989,0.12456901141178245,309588.41759057436
19951000.0,0.03228192796101232,0.14180800871159777,401204.86063956906,19951000.0,0.03250838740284603,0.1284756536677757,329311.0780215622
19951000.0,0.04879810815941231,0.207848941342681,861906.7904070186,19951000.0,0.0491363532530221,0.1884405500200176,708456.8356332346
