cur_n,cur_mean,cur_std,cur_S,next_n,next_mean,next_std,next_S
551000.0,-0.011051454413144746,0.12076401033653394,8035.754352101926,551000.0,-0.015558189404326793,0.12505666568488788,8617.182467354218
551000.0,-0.009889885977119695,0.19475541118745407,20899.24827292367,551000.0,-0.012513968771534453,0.19043214147816856,19981.684679886628
551000.0,0.000145883949196483,0.023827958612181198,312.8421580047249,551000.0,0.00015725541413436647,0.022686154791993485,283.5785522047052
551000.0,-0.00038300925001736095,0.33257745804168326,60944.87884420464,551000.0,0.0024185170763628386,0.33466406848898517,61712.02134441768
551000.0,-0.0028772597390073007,0.4789007498376155,126369.60643546173,551000.0,-0.0044341422024861575,0.47182145789050106,122661.13395738075
551000.0,0.00037963357701515006,0.0867887555471639,4150.290737273381,551000.0,0.0007566672041566136,0.08639301783201958,4112.528195098133
