cur_n,cur_mean,cur_std,cur_S,next_n,next_mean,next_std,next_S
31551000.0,-0.023501362287237017,0.07353686844387737,170617.42836880917,31551000.0,-0.023457844669885965,0.07018313203008075,155409.87795197914
31551000.0,-0.02378100536475094,0.08041684464815729,204036.1807637862,31551000.0,-0.023743062468780475,0.07574985666033043,181040.92477789617
31551000.0,-0.03306113011722777,0.12140264940432041,465017.6721626345,31551000.0,-0.032977650204122466,0.11499679116919946,417238.6897061327
31551000.0,0.032197062463112706,0.1333104982081074,560714.5575091119,31551000.0,0.032415979360605064,0.12254772651717886,473831.1913566728
31551000.0,0.03227869211711026,0.13891866888610466,608883.7100250657,31551000.0,0.03250163730453299,0.12589957512169678,500105.53085225576
31551000.0,0.04884453040711688,0.2047777886092931,1323057.8263710316,31551000.0,0.04919057806797447,0.18560187256734742,1086870.5864760608
