cur_n,cur_mean,cur_std,cur_S,next_n,next_mean,next_std,next_S
11601000.0,-0.023412573067571125,0.07403942268766646,63594.780734418004,11601000.0,-0.02337028789756967,0.0705139622815263,57682.7111879066
11601000.0,-0.024474137707005954,0.08353890904324633,80960.47090929921,11601000.0,-0.02443784967407034,0.07830389587147166,71131.53276045184
11601000.0,-0.03363114702862717,0.1243995845175438,179528.4521430234,11601000.0,-0.033550106837608736,0.11730059848789413,159623.15213557618
11601000.0,0.03240149009452704,0.1371909012239257,218346.40453552065,11601000.0,0.032622350095395415,0.1264542903291866,185507.96618237798
11601000.0,0.032253111030227086,0.14490979323682188,243607.63768906213,11601000.0,0.032488239733969825,0.1312789616225786,199933.55703631332
11601000.0,0.04857976321654004,0.21172931332854258,520064.7339240061,11601000.0,0.04892685058357474,0.1917710285642412,426639.85392780596
