cur_n,cur_mean,cur_std,cur_S,next_n,next_mean,next_std,next_S
11801000.0,-0.023429912842874247,0.07404920107845707,64708.236612402005,11801000.0,-0.02338774178842319,0.07052981550025178,58703.541973969266
11801000.0,-0.024489173729136168,0.08354516044911411,82368.54704055948,11801000.0,-0.02445348346763453,0.07830825983717928,72365.89817653951
11801000.0,-0.03363574118207089,0.12436209993303568,182513.4623490011,11801000.0,-0.03355512878141804,0.11726642695731944,162280.4471326601
11801000.0,0.03241220228534667,0.13710679476300025,221838.42168133517,11801000.0,0.03263175060637039,0.1263695193509534,188453.18322311464
11801000.0,0.03227657231586473,0.1448692031377685,247668.60209572772,11801000.0,0.03251281562650386,0.13121890085307614,203194.3377047963
11801000.0,0.04856454610544763,0.21154905530460127,528130.1860459774,11801000.0,0.04891459282503375,0.19158598283739556,433157.93326211546
