cur_n,cur_mean,cur_std,cur_S,next_n,next_mean,next_std,next_S
14201000.0,-0.02349396560662049,0.07402379413848116,77814.69332301723,14201000.0,-0.023450487278362284,0.07052379759428301,70630.17919112256
14201000.0,-0.024296780646929354,0.08290423078063756,97605.05614635616,14201000.0,-0.02426318142138885,0.0777256470649491,85792.16348185511
14201000.0,-0.03349481190803815,0.12385951192554441,217860.0786396583,14201000.0,-0.03342085776871751,0.11684301174756599,193876.16168762842
14201000.0,0.0324155000382441,0.13647502723662563,264499.77487423475,14201000.0,0.03263737511879135,0.12569209760569,224354.54679076045
14201000.0,0.032155892473732656,0.1435614544860175,292681.0651320146,14201000.0,0.03239124147454687,0.12993962332835352,239774.0253978551
14201000.0,0.04857554258158696,0.2101925977177057,627413.3604496404,14201000.0,0.048929192562283785,0.19032948766289629,514435.68232496636
