cur_n,cur_mean,cur_std,cur_S,next_n,next_mean,next_std,next_S
28701000.0,-0.023445082138219952,0.0735314136850651,155182.5413864425,28701000.0,-0.023401204619701934,0.07016942743195,141316.507022411
28701000.0,-0.02374439365358112,0.08061314853651375,186512.8663567568,28701000.0,-0.02370804415898908,0.07589438344629278,165316.53844792544
28701000.0,-0.03312408263615995,0.12167741798934384,424929.61458753387,28701000.0,-0.03303992297675223,0.11520264639268946,380909.61906946445
28701000.0,0.03221794952339657,0.13362056158690686,512440.69799604936,28701000.0,0.032435796720485126,0.12286613323429289,433272.7842603752
28701000.0,0.03226634432753657,0.1393487114350993,557317.8370298465,28701000.0,0.03249176585966592,0.12627794720302465,457669.5886794935
28701000.0,0.04884708619955668,0.2054043125236771,1210921.9279470139,28701000.0,0.04919134454998037,0.18614926564550668,994534.110729473
