cur_n,cur_mean,cur_std,cur_S,next_n,next_mean,next_std,next_S
16251000.0,-0.0234871661345457,0.07388318240464449,88709.73416100923,16251000.0,-0.023443760654219534,0.07041347642345358,80573.39506575116
16251000.0,-0.0241524730978479,0.08245237005828199,110480.68997703123,16251000.0,-0.02412072781199922,0.07735328185940604,97238.34951455107
16251000.0,-0.03339998677898905,0.12331411683205304,247118.741785035,16251000.0,-0.03332632005943827,0.11640825134606828,220215.36682953432
16251000.0,0.03237696502590122,0.13578972361116193,299649.7357229692,16251000.0,0.03259817468668925,0.125018188477089,253995.7756114605
16251000.0,0.0321656793086085,0.14261763495917235,330541.92406170204,16251000.0,0.03239506599356922,0.12909670692432704,270838.51171370456
16251000.0,0.048656736475364705,0.2090653039095876,710303.6044069325,16251000.0,0.049005160284660676,0.1893449593802105,582622.9482074132
