cur_n,cur_mean,cur_std,cur_S,next_n,next_mean,next_std,next_S
2151000.0,-0.01772250195615874,0.0655733918540485,9249.01976609512,2151000.0,-0.017669503124007297,0.061850384991772325,8228.58623592911
2151000.0,-0.018803408060813032,0.0819395442362231,14442.005244635557,2151000.0,-0.018762391923064874,0.075544310382262,12275.634029763938
2151000.0,-0.024865762886600234,0.10657053249977812,24429.505832562754,2151000.0,-0.024831368353692755,0.10018763036859957,21590.794310860416
2151000.0,0.03233984341426477,0.15073109692394385,48870.42656035491,2151000.0,0.03254447449174334,0.14141703785582047,43017.37275981221
2151000.0,0.03206986870240634,0.15818815369963685,53825.53122940575,2151000.0,0.032325216674895775,0.14402050973933236,44615.8424422164
2151000.0,0.04882415264551702,0.22434577245503734,108262.03610528033,2151000.0,0.04913083024651316,0.20832381793951224,93350.84702304524
