cur_n,cur_mean,cur_std,cur_S,next_n,next_mean,next_std,next_S
30351000.0,-0.023476824620062137,0.07352056777954989,164055.46773302788,30351000.0,-0.023433296764560043,0.0701640611763389,149417.83583645656
30351000.0,-0.023764320157158094,0.08048280047960787,196598.03108294826,30351000.0,-0.023726437762213403,0.07579585535708251,174366.84978230164
30351000.0,-0.03310296753037951,0.12151387184987476,448151.36454766727,30351000.0,-0.03301852913192473,0.11508056663131058,401954.5859079858
30351000.0,0.032195446331606425,0.13338523853995185,539993.515083782,30351000.0,0.03241479095418001,0.12262005974723804,456347.89491988486
30351000.0,0.032270558219323356,0.139061858396171,586933.7221795709,30351000.0,0.03249447612290201,0.12601841623718213,481993.3419998864
30351000.0,0.04883932474173826,0.20498507465535973,1275315.0521157458,30351000.0,0.049186454254662657,0.185776933096129,1047506.1532916896
