cur_n,cur_mean,cur_std,cur_S,next_n,next_mean,next_std,next_S
24001000.0,-0.023250970387403484,0.0733300210869838,129060.38511481236,24001000.0,-0.02320500413727053,0.0699534472380004,117448.5282162934
24001000.0,-0.023703038794995208,0.0810757953499756,157765.40348373863,24001000.0,-0.02366694230511527,0.07623343416083636,139482.68715139368
24001000.0,-0.03306419029024451,0.12186187224023395,356422.43205738836,24001000.0,-0.032984505176276116,0.11527332034388067,318923.80913285346
24001000.0,0.032217299779203755,0.13426403674122261,432661.98432072304,24001000.0,0.03243678028337635,0.12357616247632457,366520.90144493163
24001000.0,0.032259898063795166,0.14055819222375415,474178.28623443696,24001000.0,0.03248451212452864,0.12736253846178758,389325.41009853117
24001000.0,0.04884009837215458,0.20666855346393298,1025128.0956719794,24001000.0,0.04917868430942629,0.18739255064169374,842818.3488320302
