cur_n,cur_mean,cur_std,cur_S,next_n,next_mean,next_std,next_S
2401000.0,-0.019957317603234284,0.13532400158232433,43968.51755561125,2401000.0,-0.019313570097079572,0.1367334834779829,44889.2052551612
2401000.0,-0.003787027469818175,0.11639880374300951,32530.384312241546,2401000.0,-0.003278651332734212,0.11690287378038951,32812.74283737095
2401000.0,0.002486250781211024,0.05772837175536684,8001.488338167532,2401000.0,0.002729058869521816,0.057378504103665365,7904.794852351598
2401000.0,0.0067689843873582935,0.1966999850153217,92896.8127361717,2401000.0,0.006815530735397667,0.1929216619751279,89362.26114984846
2401000.0,-9.534202262840292e-05,0.2386856244560266,136786.95640003402,2401000.0,-5.385335420383737e-05,0.23569241328011592,133377.74374040973
2401000.0,0.00024055439052540466,0.06667622569080826,10674.171492764213,2401000.0,0.0002438810050155496,0.06396209549557777,9822.850334105167
