cur_n,cur_mean,cur_std,cur_S,next_n,next_mean,next_std,next_S
32551000.0,-0.02349803359836187,0.07351650882805257,175927.64331420025,32551000.0,-0.02345459899647085,0.07016460472753933,160250.90874816975
32551000.0,-0.02377494230361894,0.08034355919351716,210119.55333886933,32551000.0,-0.023737480421978527,0.07568595818065967,186463.9852136003
32551000.0,-0.03298744655365067,0.1212221723560001,478330.9253666094,32551000.0,-0.03290409141635418,0.11483707006204034,429268.0266497859
32551000.0,0.0322016658368171,0.13330562487212075,578443.9526035137,32551000.0,0.03242037965919867,0.12255162706232096,488880.2560737982
32551000.0,0.03228828629301176,0.13887176436882726,627757.9792284945,32551000.0,0.03250976538541139,0.1258646293276533,515669.846913801
32551000.0,0.04883608019684947,0.20465003546176214,1363289.166459006,32551000.0,0.04918364671372465,0.1855088389761798,1120194.7934906846
