cur_n,cur_mean,cur_std,cur_S,next_n,next_mean,next_std,next_S
23701000.0,-0.02323846549919147,0.07331051801230785,127379.4140462713,23701000.0,-0.023192440242813788,0.06993134181201519,115907.19424537264
23701000.0,-0.02370784740000465,0.08112126184644637,155968.20188748883,23701000.0,-0.02367225766034285,0.07626992763491419,137871.13121787205
23701000.0,-0.03307608035592844,0.12192925835340192,352356.70055391453,23701000.0,-0.03299664630575207,0.11533217132707192,315259.0824192476
23701000.0,0.032213273636384536,0.13429159043458308,427429.3151276219,23701000.0,0.03243168678713114,0.12360556038986745,362111.80738980736
23701000.0,0.0322582996755891,0.14064966560436262,468860.9662289055,23701000.0,0.0324831579222856,0.1274478935177466,384974.5267875899
23701000.0,0.0488645121727228,0.20683954527016035,1013990.3430528187,23701000.0,0.049203078441569334,0.1875526032306574,833705.8777717132
