cur_n,cur_mean,cur_std,cur_S,next_n,next_mean,next_std,next_S
801000.0,-0.013327330944890374,0.1634399395621244,21396.803689100772,801000.0,-0.01268327361852571,0.16497742160865841,21801.257262153467
801000.0,-0.009918745198818803,0.16544896571075757,21926.061564062304,801000.0,-0.009312788542582733,0.16634679598281227,22164.676483531643
801000.0,-0.00011896134387507241,0.07694689132165082,4742.580091336819,801000.0,0.00014742204002497265,0.07751384960636416,4812.725901519231
801000.0,0.007916017361416883,0.21916504895699807,38474.688266143006,801000.0,0.007942364659031314,0.21585467912263287,37321.187241806976
801000.0,0.0020218368696659646,0.2692899202033013,58086.16595960339,801000.0,0.002100933396071984,0.2665065382381811,56891.61367388297
801000.0,0.0012495966656321607,0.07167620657859931,4115.120350187934,801000.0,0.0012331102100142436,0.06951026685921931,3870.1734362707452
