cur_n,cur_mean,cur_std,cur_S,next_n,next_mean,next_std,next_S
1501000.0,-0.018030802087715934,0.06648724091274216,6635.250359487713,1501000.0,-0.017963379317121927,0.06275972797010058,5912.113965776419
1501000.0,-0.01939872371381934,0.08318918342642109,10387.580798971256,1501000.0,-0.019359559081734923,0.07673937340009974,8839.286076189745
1501000.0,-0.024740260365349633,0.10621935253652458,16935.108830771012,1501000.0,-0.02470073608111467,0.09980742865863429,14952.245745988008
1501000.0,0.032770211451485926,0.15203104818096297,34693.27285611443,1501000.0,0.03297464607230349,0.14269928854112482,30564.993512164936
1501000.0,0.032482929864871335,0.15997451327807496,38413.35919273403,1501000.0,0.03273519875634772,0.14568239310607342,31856.262851329877
1501000.0,0.0480322987381662,0.22229261393354796,74170.4233203235,1501000.0,0.04831733309226721,0.20624268334211082,63846.60269266345
