cur_n,cur_mean,cur_std,cur_S,next_n,next_mean,next_std,next_S
33601000.0,-0.023485666278066218,0.07345518348290929,181299.7054090449,33601000.0,-0.023442459643517183,0.07010528891562284,165140.5662920171
33601000.0,-0.02378844833287872,0.08030290605086826,216677.95435592992,33601000.0,-0.02374887953247071,0.07565555392638934,192324.15518377576
33601000.0,-0.03291408948666594,0.1210594903635097,492436.10235784965,33601000.0,-0.03283085892621978,0.1147020013167815,442073.20651322417
33601000.0,0.03217923052943026,0.13322520510537256,596382.6462076599,33601000.0,0.0323978746128094,0.12247393933915761,504010.4913254729
33601000.0,0.03231606085589017,0.13886863684177778,647978.4273209618,33601000.0,0.032539080603978296,0.1258782500960555,532419.0626012825
33601000.0,0.04882580011298816,0.20451669151463914,1405431.617909069,33601000.0,0.049174337314489704,0.1854240799983591,1155272.5873822358
