cur_n,cur_mean,cur_std,cur_S,next_n,next_mean,next_std,next_S
11451000.0,-0.02339765362467575,0.07401945542646071,62738.652379442894,11451000.0,-0.023354445590635573,0.07048838964054088,56895.58831171047
11451000.0,-0.024469349805025725,0.0835608833945273,79955.70554679855,11451000.0,-0.024433781996739914,0.07832016567906,70240.98767869943
11451000.0,-0.03360410763459184,0.12436435934811602,177106.82137484703,11451000.0,-0.03352314114442814,0.11725998663222993,157450.15602860897
11451000.0,0.032390373065759544,0.13724709285798942,215699.7902662495,11451000.0,0.0326121473254246,0.1265049322525324,183256.05427217815
11451000.0,0.032253734752623754,0.1450160777461303,240810.66877858594,11451000.0,0.03248897391883079,0.1313799329810404,197652.12443346565
11451000.0,0.048554402004940815,0.21179754165012246,513671.23273010383,11451000.0,0.04890039828998575,0.1918381717707315,421418.3753826033
