cur_n,cur_mean,cur_std,cur_S,next_n,next_mean,next_std,next_S
30251000.0,-0.023473209561917546,0.07351946984805552,163510.05662630586,30251000.0,-0.023429954987364388,0.0701630671426354,148921.31657956523
30251000.0,-0.023763169803682958,0.08049373423498193,196003.52708678116,30251000.0,-0.023725393394532328,0.07580555519029317,173836.83296288236
30251000.0,-0.03311646048955806,0.12155087217639073,446946.8640514754,30251000.0,-0.033031606542600477,0.1151152928066572,400872.05332900124
30251000.0,0.03219534420893279,0.13339947868607038,538329.278060803,30251000.0,0.03241490762564497,0.12263595351631729,454962.24669649894
30251000.0,0.032271709806639404,0.13908443640190082,585189.8780697897,30251000.0,0.03249570444587349,0.12604143378132268,480580.78808998904
30251000.0,0.048858187564669676,0.20505237110057503,1271947.9120174241,30251000.0,0.04920523450201464,0.1858418887030248,1044785.0670079971
