cur_n,cur_mean,cur_std,cur_S,next_n,next_mean,next_std,next_S
27251000.0,-0.023370884926668202,0.07346844182724861,147090.3231002184,27251000.0,-0.02332731915541249,0.07010000420943122,133911.70259251216
27251000.0,-0.02369290934062391,0.08068482155227792,177405.1117285788,27251000.0,-0.023656188296325133,0.07593034027813274,157113.36707859475
27251000.0,-0.03300460043480971,0.12151860441962899,402409.282518789,27251000.0,-0.032921850705209234,0.11500647629822135,360435.0678316243
27251000.0,0.03222602126254202,0.1338687325825,488360.7444359868,27251000.0,0.032444164507388094,0.12312973429305915,413150.54340937926
27251000.0,0.03226017642240759,0.1396753940499314,531645.6371225514,27251000.0,0.03248410870402051,0.12657036677122374,436562.59359815175
27251000.0,0.04871642274475646,0.20550268507896444,1150846.6162631696,27251000.0,0.04905641089760587,0.18625359314466886,945348.1165418798
