cur_n,cur_mean,cur_std,cur_S,next_n,next_mean,next_std,next_S
19901000.0,-0.023335654819267963,0.07359951789557352,107801.50867480531,19901000.0,-0.023291523852599187,0.07017430232965167,98001.13531102923
19901000.0,-0.023862625265719795,0.0817737760631114,133077.00093768744,19901000.0,-0.023828741307749143,0.07680343115514193,117391.36280736949
19901000.0,-0.0331066203500282,0.12226843561822133,297511.3995060385,19901000.0,-0.033026281803915356,0.11556040996533984,265762.1004003639
19901000.0,0.03239512704191682,0.13531035075689987,364365.24022793194,19901000.0,0.03261309046730489,0.12458949571540655,308914.11715056683
19901000.0,0.03227468008102761,0.14180320956901604,400172.29800732224,19901000.0,0.0325017587395919,0.1284674795100109,328443.9803972275
19901000.0,0.04879611444595909,0.20787188593342062,859936.5578551507,19901000.0,0.04913440131655469,0.1884568201219227,706803.3796773384
