cur_n,cur_mean,cur_std,cur_S,next_n,next_mean,next_std,next_S
2901000.0,-0.021512470147692715,0.1332375057280387,51499.227737557136,2901000.0,-0.020867673276498133,0.13465279882214795,52599.1224450804
2901000.0,-0.0033245924793439408,0.11051558537360692,35431.928064976375,2901000.0,-0.0028265814260680037,0.11099437026563563,35739.595419159225
2901000.0,0.0026808732049365958,0.05590991661795994,9068.290369835202,2901000.0,0.0029263000086073377,0.05541697304586393,8909.089655442995
2901000.0,0.006769739330914607,0.19424050860568506,109452.91740702951,2901000.0,0.006815286597252882,0.19038504918757373,105151.00063400329
2901000.0,-0.000349195947628013,0.23372733969099171,158477.1894945009,2901000.0,-0.00031897673749408924,0.23069903288196164,154397.14898452268
2901000.0,0.00020202790454829762,0.06629390682384077,12749.552919789405,2901000.0,0.00021090326729097933,0.06350130743258449,11698.038948423717
