cur_n,cur_mean,cur_std,cur_S,next_n,next_mean,next_std,next_S
8551000.0,-0.003558554153728612,0.08234004241124583,57974.77597822756,8551000.0,-0.008085688202797687,0.08638362634001093,63808.68132291254
8551000.0,-0.022960635854456804,0.15686348501780392,210407.21372094023,8551000.0,-0.025570705111662873,0.15228028804967386,198291.585684732
8551000.0,-2.134188495087117e-05,0.022055273406377342,4159.506412092006,8551000.0,-1.946882781770961e-05,0.02082241986556134,3707.4841686125933
8551000.0,-0.0013975637382587646,0.2290338386794593,448555.52517438575,8551000.0,0.0013935103197409517,0.23092041688161163,455975.56711417873
8551000.0,-0.0021747872837442873,0.44015306290280215,1656625.5803110225,8551000.0,-0.0037352145541888894,0.4328499907733062,1602107.7881959707
8551000.0,-9.533799590443743e-05,0.08611714421566001,63415.605775737575,8551000.0,0.0002816594358012332,0.08571949196575505,62831.305470816966
