cur_n,cur_mean,cur_std,cur_S,next_n,next_mean,next_std,next_S
9801000.0,-0.0035135588893527897,0.08200199364128354,65905.12854618317,9801000.0,-0.008040977541681668,0.08604595583256383,72565.6877548825
9801000.0,-0.02309128904303182,0.15634054992815535,239559.64437556462,9801000.0,-0.02570194558158032,0.15175866254112022,225723.80892309843
9801000.0,-2.2380422101082876e-05,0.021992297716863105,4740.36301805686,9801000.0,-2.06996704384889e-05,0.020757376563728353,4222.943950404316
9801000.0,-0.001411759729995909,0.2280398151872297,509673.14380144427,9801000.0,0.001379244651187175,0.22992757303017305,518146.417316386
9801000.0,-0.002204126011163917,0.43972959175937953,1895142.0780288007,9801000.0,-0.0037645970029045648,0.4324267604669776,1832717.443949223
9801000.0,-0.00010495372141220274,0.08607672482981728,72617.59426535263,9801000.0,0.0002720431641602039,0.08567893365419334,71947.96166644483
