cur_n,cur_mean,cur_std,cur_S,next_n,next_mean,next_std,next_S
6251000.0,-0.02388784603475186,0.07555131513704534,35680.71561957605,6251000.0,-0.023850300984635982,0.07190658708975943,32321.153475374136
6251000.0,-0.025403352122998768,0.0863598820170761,46620.14066674265,6251000.0,-0.02537712982737321,0.08086662598389746,40877.85939882028
6251000.0,-0.034391915321019643,0.12692132796302405,100697.50584785134,6251000.0,-0.03431953326955535,0.11958588963975679,89394.2070408265
6251000.0,0.032625168889398586,0.13962091275061173,121856.9894824894,6251000.0,0.03284040944815072,0.12874056118565752,103604.89972208207
6251000.0,0.032296784626478656,0.1487825029876484,138373.59370363026,6251000.0,0.03253775484784607,0.13484750680691868,113667.24692535438
6251000.0,0.04843207967105331,0.2157931530571186,291088.34734948765,6251000.0,0.04879485085752287,0.19554096087366762,239014.907388612
