cur_n,cur_mean,cur_std,cur_S,next_n,next_mean,next_std,next_S
3951000.0,-0.01496130442339567,0.11689154436589111,53985.014552904446,3951000.0,-0.014330590746742984,0.11813758403116614,55142.08709360805
3951000.0,0.003860700354196634,0.11778474121751117,54813.192036784174,3951000.0,0.0044294482777428815,0.1175526353144964,54597.37579613218
3951000.0,0.0050547300455194445,0.04924917159826458,9583.075048208593,3951000.0,0.005325358031914475,0.04775096933671187,9008.892691825205
3951000.0,0.004819725902674132,0.18271035884016731,131896.53022386317,3951000.0,0.004824804766107521,0.1786109389632845,126044.27856103463
3951000.0,0.002258354937111582,0.20401832817289076,164454.36248855278,3951000.0,0.002274320590645128,0.20019840396509275,158353.7131541235
3951000.0,0.00016907982429639442,0.06551207737849124,16957.02934794187,3951000.0,0.00018354160502402975,0.062219907014443715,15295.572790928672
