cur_n,cur_mean,cur_std,cur_S,next_n,next_mean,next_std,next_S
1051000.0,-0.01833637560969264,0.06705702493972426,4725.973468048909,1051000.0,-0.01826913822976315,0.06331518158371129,4213.261642146228
1051000.0,-0.02007241959156248,0.08415433322435971,7443.131342258836,1051000.0,-0.020025733118467667,0.07755226046955514,6321.085112238549
1051000.0,-0.025406337132959495,0.10772396783481489,12196.28036162612,1051000.0,-0.02535512873070642,0.10122248133393788,10768.536254496772
1051000.0,0.0328344081323218,0.15119189264355395,24024.79680959808,1051000.0,0.0330238958280547,0.1418012784824758,21133.090310807158
1051000.0,0.032566992926086176,0.16073373158366752,27152.934424719813,1051000.0,0.03282053879301097,0.1459952553037249,22401.659914331
1051000.0,0.04845458813518846,0.22235630226460884,51963.88373978638,1051000.0,0.04875648204042166,0.20611143051115924,44648.4997985116
