cur_n,cur_mean,cur_std,cur_S,next_n,next_mean,next_std,next_S
22251000.0,-0.023264092213934138,0.07340938351161275,119909.25026068724,22251000.0,-0.023219306083864407,0.0700169463299998,109082.6965804355
22251000.0,-0.023738504075236404,0.08128197595870047,147007.0082100702,22251000.0,-0.023704113202280965,0.07639312824830252,129854.8343792891
22251000.0,-0.033094854324856496,0.12206170738555722,331518.9931801819,22251000.0,-0.03301519199844338,0.11543106170870528,296479.6669901833
22251000.0,0.03229057552339716,0.13468798827582337,403652.14648797613,22251000.0,0.03250873711838385,0.12399935573627437,342127.82080222043
22251000.0,0.03224074725361169,0.14094683008613382,442038.5642859922,22251000.0,0.032465582482549715,0.12772512992299015,362996.3348168588
22251000.0,0.048873153160806766,0.20726643828719074,955889.0851721773,22251000.0,0.04921392484860337,0.18795915337982996,786097.6429419286
