cur_n,cur_mean,cur_std,cur_S,next_n,next_mean,next_std,next_S
6701000.0,-0.0038143888670063688,0.08367219901916083,46913.948191192496,6701000.0,-0.008341613718709175,0.0877038185905339,51543.822588715935
6701000.0,-0.02263687314726162,0.15771850402710003,166688.22276057323,6701000.0,-0.02524727977948327,0.15314132543371942,157153.6314880512
6701000.0,-9.34084988771611e-06,0.022145193685109303,3286.234752055084,6701000.0,-8.204670679768537e-06,0.020922067023865905,2933.24808618117
6701000.0,-0.0014022256296722223,0.2320512038651484,360833.84790348855,6701000.0,0.0013891228988608091,0.23394520445254915,366748.133557198
6701000.0,-0.0021916722418445635,0.44076646329700875,1301837.278696435,6701000.0,-0.003752078549615099,0.4334638362411537,1259056.9030009436
6701000.0,-0.00013218277694258796,0.08599838203509845,49558.731196499444,6701000.0,0.0002448157120523458,0.08560048787586896,49101.199058256076
