cur_n,cur_mean,cur_std,cur_S,next_n,next_mean,next_std,next_S
5101000.0,-0.017595883745580708,0.06504969556307659,21584.692216422478,5101000.0,-0.017547573581336778,0.06140062874153337,19230.959807473486
5101000.0,-0.01853158300718378,0.08025401159311543,32854.04322799511,5101000.0,-0.018488554885309823,0.07405844344571581,27977.215185617264
5101000.0,-0.02427614788344075,0.10523409367485291,56489.56801946692,5101000.0,-0.024212338074919845,0.09913998652607368,50136.38707171775
5101000.0,0.032424036711888995,0.1511561929161399,116548.64094485354,5101000.0,0.03263289820760893,0.14196820516998315,102810.50849512998
5101000.0,0.0319475181446882,0.15643436794239934,124830.20022651725,5101000.0,0.03217475966245759,0.14270634722992614,103882.38295405176
5101000.0,0.04933349726469989,0.22552930986066036,259454.5584613576,5101000.0,0.049667352438849455,0.21009053002989125,225148.09515283548
