cur_n,cur_mean,cur_std,cur_S,next_n,next_mean,next_std,next_S
2851000.0,-0.005031545951474296,0.09055440911112728,23378.487977985886,2851000.0,-0.009555891146119046,0.09455956509855039,25492.248863488545
2851000.0,-0.020473946007420796,0.163554326079427,76264.30011857155,2851000.0,-0.023085013705024422,0.1590018091604327,72077.77122674466
2851000.0,3.933469581600352e-06,0.022920985066041365,1497.834307289818,2851000.0,9.059965788641268e-06,0.02172612907941927,1345.7423762952003
2851000.0,-0.0012588988731609785,0.2486583879623555,176280.16362041037,2851000.0,0.0015337855137774973,0.25057060804614995,179001.8300369759
2851000.0,-0.0022249354659171603,0.446231518886031,567698.44264335,2851000.0,-0.003784966361818821,0.43894684364811015,549314.5192451683
2851000.0,6.734165723358582e-05,0.08636347642225917,21264.611320313365,2851000.0,0.00044434412633410014,0.08596622544933528,21069.437158234938
