cur_n,cur_mean,cur_std,cur_S,next_n,next_mean,next_std,next_S
5451000.0,-0.003943604280034757,0.08471014536243479,39115.33337264767,5451000.0,-0.008471729253988373,0.08873009754853269,42915.887680009066
5451000.0,-0.02232195295268423,0.1587033919281872,137293.0647884488,5451000.0,-0.024932217724833117,0.15412578946763605,129487.19119464933
5451000.0,-9.040987576051612e-06,0.022335428573543842,2719.3478354927024,5451000.0,-7.027795416356989e-06,0.021112851547023706,2429.7968799347505
5451000.0,-0.0014473551435891937,0.23447665749716493,299692.18016809423,5451000.0,0.0013442204282568867,0.2363799060864453,304577.1324678314
5451000.0,-0.00218461752198267,0.44169949032574934,1063481.5950991998,5451000.0,-0.0037449374548845916,0.43439845418891104,1028614.694676351
5451000.0,-8.833000589384626e-05,0.086279638445659,40578.20343221964,5451000.0,0.00028866882084118995,0.08588279325505299,40205.78112040875
