cur_n,cur_mean,cur_std,cur_S,next_n,next_mean,next_std,next_S
12201000.0,-0.023440222258002377,0.07407474008579261,66947.7059162071,12201000.0,-0.023397329769882787,0.07056096198063229,60746.94098806891
12201000.0,-0.024462205278000325,0.0834282527666718,84922.2952616958,12201000.0,-0.02442901060864689,0.07819621537472468,74604.82145504894
12201000.0,-0.03360794261973864,0.12424645822682757,188349.0622416938,12201000.0,-0.03353100679817513,0.1171619944925346,167482.30896527172
12201000.0,0.03240427067764254,0.13701373568855627,229046.49072523674,12201000.0,0.032623582844349144,0.12626699574350803,194524.8647661252
12201000.0,0.032255238888628274,0.14462007200874105,255183.4907445519,12201000.0,0.03249200032465941,0.130958399440704,209248.39918805007
12201000.0,0.04852955841776225,0.21121475160661568,544307.0014854774,12201000.0,0.04888046857548679,0.19125385393721467,446288.6251158626
