cur_n,cur_mean,cur_std,cur_S,next_n,next_mean,next_std,next_S
23251000.0,-0.023237893058571563,0.07331021676934686,124959.89266225333,23251000.0,-0.023192257202392298,0.06992592100647448,113688.89009946484
23251000.0,-0.023720759666623327,0.08118042455989265,153230.16622392455,23251000.0,-0.023685082452119727,0.07631775579313227,135423.12089607836
23251000.0,-0.033082190261036315,0.12195304056631527,345801.52294744045,23251000.0,-0.03300178871901237,0.11534296522252377,309331.29531166697
23251000.0,0.03221930647937104,0.13435117580238287,419686.0939564144,23251000.0,0.03243764116983861,0.12366522999817253,355579.61490825674
23251000.0,0.03225421787696815,0.1407367135282015,460528.43075475266,23251000.0,0.03247886289163275,0.12753197393249854,378163.6661259033
23251000.0,0.04886211108107792,0.2069489441285558,995790.7001807115,23251000.0,0.04920231098428331,0.18764644772614475,818695.3634429422
