cur_n,cur_mean,cur_std,cur_S,next_n,next_mean,next_std,next_S
401000.0,-0.019457536831754055,0.0690869451440955,1913.9754017266475,401000.0,-0.019355708248671943,0.06533222147539075,1711.5879643267128
401000.0,-0.021692657706844084,0.08663634333002837,3009.848250225019,401000.0,-0.021657405996203718,0.0797694806289182,2551.63118596275
401000.0,-0.028309605960645134,0.11364988889332717,5179.43519543171,401000.0,-0.0282096698507526,0.10663700666862638,4559.951927689112
401000.0,0.03252233962151535,0.1466145553493209,8619.826963951913,401000.0,0.03278869104276404,0.1364962687430085,7471.123783686204
401000.0,0.03135431810855273,0.15913249789030348,10154.583905807785,401000.0,0.03159003213280336,0.14335580192390002,8240.905264043027
401000.0,0.049254188743249286,0.2195559510970904,19330.131080521325,401000.0,0.049514728615101034,0.2016901310574855,16312.24249536026
