cur_n,cur_mean,cur_std,cur_S,next_n,next_mean,next_std,next_S
1351000.0,-0.013082327571782086,0.14592243901902457,28767.326940711533,1351000.0,-0.012449277026872162,0.14741070526468297,29357.116551978797
1351000.0,-0.0058784499598732295,0.1386848413720239,25984.438540844014,1351000.0,-0.005339088847295597,0.13941433397364997,26258.51765489447
1351000.0,0.0014849082191032948,0.06569765378506304,5831.161494076571,1351000.0,0.0017297435211103486,0.06575581341163386,5841.490273521997
1351000.0,0.007139784147607859,0.20727297263137529,58041.7770828367,1351000.0,0.007156292424515353,0.2037660541097834,56094.337094893555
1351000.0,0.0007735168795804884,0.25625169906318684,88713.32485151236,1351000.0,0.0008299019358470781,0.2534206002216812,86763.92283318492
1351000.0,0.0006037838005664862,0.06868842185185868,6374.152149570009,1351000.0,0.0006019701892121214,0.06620305384117987,5921.222700500417
