cur_n,cur_mean,cur_std,cur_S,next_n,next_mean,next_std,next_S
10501000.0,-0.02341171181866416,0.07416737054672597,57763.888763915034,10501000.0,-0.02336736295652975,0.07061184749422734,52358.33260176076
10501000.0,-0.02454183740722696,0.08384576909595746,73823.21656356775,10501000.0,-0.024507457706870864,0.07857006854733668,64825.35780676998
10501000.0,-0.03369527669803923,0.12477380636865923,163484.84743785422,10501000.0,-0.033614038713958544,0.11763796796448132,145320.09951303632
10501000.0,0.03244259024477098,0.13780158229007058,199406.3881333761,10501000.0,0.03266150415567419,0.12704109653228685,169480.26162552933
10501000.0,0.03229183432529426,0.14563810762597915,222731.02358359392,10501000.0,0.0325260413449727,0.13198786639904167,182935.78800087498
10501000.0,0.04870616514425709,0.21288402591988756,475901.20877301507,10501000.0,0.049048159033164035,0.1928912271244177,390710.97479192034
