cur_n,cur_mean,cur_std,cur_S,next_n,next_mean,next_std,next_S
3751000.0,-0.015169016974479147,0.11708384862708918,51421.062162601076,3751000.0,-0.014545951218368065,0.11836639837921839,52553.77659901964
3751000.0,0.0036862920556730927,0.11754813305672177,51829.681007787985,3751000.0,0.004256282154704907,0.11730860212654967,51618.666806452144
3751000.0,0.005026041666336992,0.0490598592022207,9028.16856331639,3751000.0,0.005292364572638653,0.047550059356354965,8481.041551118093
3751000.0,0.004880683142946626,0.18239600073053983,124789.39736043903,3751000.0,0.004878550655494651,0.1783264543102648,119283.01647507297
3751000.0,0.0022003074014610422,0.2043496402924837,156637.1668542407,3751000.0,0.00222074820393169,0.20053765219298011,150847.77765146954
3751000.0,0.00011225859358765015,0.06547163331747202,16078.791919484933,3751000.0,0.00012660325337761718,0.062183830047541425,14504.474526400067
