cur_n,cur_mean,cur_std,cur_S,next_n,next_mean,next_std,next_S
1151000.0,-0.027317910137224618,0.08716136419356256,8744.266022703361,1151000.0,-0.02728770033776784,0.08305442611427595,7939.641389444654
1151000.0,-0.0321560387635172,0.1001715620245856,11549.527456050655,1151000.0,-0.03215043599693987,0.09406729199433775,10184.802392043348
1151000.0,-0.0436898797461267,0.14916416605540958,25609.690648691685,1151000.0,-0.043614593980270025,0.14066952330571833,22775.88991990379
1151000.0,0.03230314945156783,0.14990662223224488,25865.266692832203,1151000.0,0.03251029152068765,0.1385825726915317,22105.104001328018
1151000.0,0.0318488804406093,0.1651536614093038,31394.367390310705,1151000.0,0.03205774140193291,0.15046587803021805,26058.617499566524
1151000.0,0.048477333431436107,0.24077512218041658,66726.53103960471,1151000.0,0.048861059521152446,0.21869795828110736,55050.94529673004
