cur_n,cur_mean,cur_std,cur_S,next_n,next_mean,next_std,next_S
4951000.0,-0.02500189714128839,0.13006071455514598,83750.07366891664,4951000.0,-0.024358293453345534,0.1314450342994889,85542.37315491137
4951000.0,-0.0026815107421659014,0.09868934581683338,48220.69512686267,4951000.0,-0.0021876412488319014,0.09906142523276704,48584.984713247264
4951000.0,0.0033010893966314825,0.052824964668246675,13815.651093289674,4951000.0,0.003549486709327952,0.052045627367898466,13411.008021512922
4951000.0,0.006770077737295902,0.18879731982646675,176475.56289757666,4951000.0,0.00681971629237101,0.18480747481971949,169095.47741149346
4951000.0,-0.0009558580575204978,0.22492108994056254,250468.59816195065,4951000.0,-0.0009164301268678678,0.22171238210420569,243373.23925306878
4951000.0,-4.0350649770155214e-05,0.06530179677085254,21112.671399095052,4951000.0,-2.430086976366961e-05,0.06233093364859225,19235.35432834029
