cur_n,cur_mean,cur_std,cur_S,next_n,next_mean,next_std,next_S
5301000.0,-0.017614653902172598,0.06506671620990907,22442.724736764816,5301000.0,-0.01756428823410298,0.06142206162716646,19998.921838671133
5301000.0,-0.018571965582194896,0.0802698476614739,34155.6599995036,5301000.0,-0.018526758307062054,0.07407788855427065,29089.415468665055
5301000.0,-0.024237504645998144,0.10507979185889482,58532.383845333,5301000.0,-0.02417459149242133,0.09900218380242254,51957.39313993553
5301000.0,0.03241632035629406,0.15112000519912452,121060.29390430351,5301000.0,0.03262684878573319,0.14192520337354933,106776.78853225631
5301000.0,0.03198959766860928,0.15643991917238892,129733.74949482761,5301000.0,0.032216693493474474,0.14271896496931222,107974.49440109427
5301000.0,0.049301316567299275,0.22526376830627434,268992.69991648867,5301000.0,0.0496345665671304,0.20983516465095592,233407.2513140211
