cur_n,cur_mean,cur_std,cur_S,next_n,next_mean,next_std,next_S
9351000.0,-0.023466901784211153,0.07436181590756076,51708.03454806917,9351000.0,-0.02342204346033576,0.07078333122034529,46851.128080347815
9351000.0,-0.024679201137677065,0.0842494009695723,66373.03858245577,9351000.0,-0.024646544918286287,0.07892118422452157,58243.20208971757
9351000.0,-0.033657244713350354,0.12472230732720867,145460.92003990716,9351000.0,-0.033574632122721625,0.11757327260009542,129263.30939396075
9351000.0,0.03246748476763615,0.13818056325319383,178546.76023812953,9351000.0,0.0326899907192008,0.12742824390782295,151841.13913713107
9351000.0,0.03225909064178073,0.14624727326278175,200001.6654240052,9351000.0,0.032492909483321286,0.13253395345764643,164252.64170753118
9351000.0,0.04852400563515183,0.21301416487753888,424301.94703418267,9351000.0,0.04886426794948698,0.19305715269472598,348521.7213958674
