cur_n,cur_mean,cur_std,cur_S,next_n,next_mean,next_std,next_S
30301000.0,-0.023476436747828438,0.07352519662103099,163805.82846082453,30301000.0,-0.023433085793628294,0.07016884334132896,149192.02091513283
30301000.0,-0.02376576791074613,0.08049489900097084,196333.17101361303,30301000.0,-0.023728025763222485,0.07580780554754779,174134.49529600688
30301000.0,-0.033110382807150396,0.12153854365257628,447594.7846912257,30301000.0,-0.03302586217685865,0.11510379033080848,401454.3901026657
30301000.0,0.03219802612253337,0.13340079991338502,539229.7303246063,30301000.0,0.03241729833194859,0.12263625192662095,455716.4433345587
30301000.0,0.032275020756881094,0.1390827367911951,586142.7765095376,30301000.0,0.03249885849346368,0.12604020211276104,481365.7023559059
30301000.0,0.04884944501959682,0.2050275178543912,1273741.4135323183,30301000.0,0.04919655653569219,0.18581699656277756,1046231.6011680337
