cur_n,cur_mean,cur_std,cur_S,next_n,next_mean,next_std,next_S
3801000.0,-0.015176901381710335,0.11717570979004052,52188.28861320404,3801000.0,-0.014550729116318772,0.11844491305599601,53324.97942703017
3801000.0,0.003761493566124161,0.1176218225703088,52586.428843237336,3801000.0,0.004331191313523576,0.11737282386115468,52364.01954811938
3801000.0,0.005031823563926141,0.04910934075294314,9166.97565426618,3801000.0,0.005297898877015882,0.04760639760591153,8614.468922539141
3801000.0,0.004877053744927692,0.18272874861597177,126914.612964455,3801000.0,0.004877976708511098,0.17864414106451285,121304.0844485114
3801000.0,0.002219494804095218,0.20427239165108224,158605.12517523274,3801000.0,0.00224180801958977,0.2004568438271642,152735.37864739992
3801000.0,0.00012210799556408255,0.06546682381136805,16290.724980825034,3801000.0,0.0001364840876512839,0.06218206314347291,14696.980720736416
