cur_n,cur_mean,cur_std,cur_S,next_n,next_mean,next_std,next_S
1751000.0,-0.017891088572591318,0.06602049221831591,7632.093142702994,1751000.0,-0.017830465057113238,0.06231156482693375,6798.662175678224
1751000.0,-0.019051238299238587,0.08239341464388601,11886.969533965508,1751000.0,-0.019011716054262353,0.07596680898838734,10104.944074854602
1751000.0,-0.0248784631021652,0.10668462945378704,19929.19939312242,1751000.0,-0.02483721366872353,0.10028692236261794,17610.62436148704
1751000.0,0.03248667645365404,0.151114347949365,39985.04131943924,1751000.0,0.03269791015134688,0.14181409361634198,35214.77624654128
1751000.0,0.03212168879138206,0.1584837746504149,43980.05405485356,1751000.0,0.032370466977244584,0.14428173740318362,36450.951778890245
1751000.0,0.04844594068231457,0.2235516665270678,87506.83365990834,1751000.0,0.04873494595292977,0.20744571670332237,75352.05313784994
