cur_n,cur_mean,cur_std,cur_S,next_n,next_mean,next_std,next_S
9901000.0,-0.02346132813649476,0.0743110401935913,54674.61600776472,9901000.0,-0.023417751956254923,0.07073982950491323,49545.82655948189
9901000.0,-0.024577496864260893,0.08397142477895489,69813.93297631542,9901000.0,-0.024545143145826332,0.07867282766140017,61281.38615499192
9901000.0,-0.033694905474700436,0.12479640842528984,154199.5953464882,9901000.0,-0.03361434187143938,0.11765027494701502,137045.5548187666
9901000.0,0.03249283037860851,0.13809962666898065,188826.98967939327,9901000.0,0.03271553816692939,0.1273266164675204,160515.67795182468
9901000.0,0.03223819645815909,0.14581221843991538,210507.1713621054,9901000.0,0.032472537273577136,0.13215103002248269,172910.0217811669
9901000.0,0.04866188802000619,0.213064767801322,449471.6898497677,9901000.0,0.04900357329866507,0.19308432177031987,369124.67915900727
