cur_n,cur_mean,cur_std,cur_S,next_n,next_mean,next_std,next_S
2751000.0,-0.015971036891030903,0.11828645208699524,38491.12473990214,2751000.0,-0.015340641478569103,0.1196275898458071,39368.9014541231
2751000.0,0.0030081703481982334,0.11723574068665552,37810.34617835337,2751000.0,0.003593470434273612,0.11700137021539887,37659.32105940456
2751000.0,0.004792184612521818,0.04851295103474175,6474.496156191038,2751000.0,0.005062721350658947,0.046972164182716235,6069.7629562301445
2751000.0,0.004742090082285271,0.18454219505611277,93687.56565110917,2751000.0,0.004750246878075605,0.18050622973868322,89634.45467877874
2751000.0,0.002069166589198182,0.20691173781409977,117777.09739168486,2751000.0,0.0021058261460175074,0.20312866407807384,113509.71022206331
2751000.0,0.00013226182935664374,0.06587592055992288,11938.34113835711,2751000.0,0.000145627882642494,0.06257587156229415,10772.1999195988
