cur_n,cur_mean,cur_std,cur_S,next_n,next_mean,next_std,next_S
1901000.0,-0.017604508468310364,0.13857953549565655,36507.35083822287,1901000.0,-0.016966325241512363,0.14004569334516295,37283.92562282662
1901000.0,-0.004467281360717038,0.12418448888334659,29316.81761779348,1901000.0,-0.00395247519081723,0.12478650644033858,29601.74883240044
1901000.0,0.0021417181399583964,0.06057513098622244,6975.42768509021,1901000.0,0.0023821600196468327,0.06037607137826126,6929.65826063358
1901000.0,0.006952196386871346,0.1998952398354675,75960.36123377911,1901000.0,0.006999766823131949,0.19622427542962056,73196.0398752391
1901000.0,0.00016652752281195738,0.2439465842789474,113128.38830057599,1901000.0,0.00021501331796074216,0.24104196349303111,110450.43474085849
1901000.0,0.0003165680457132519,0.0673752608672861,8629.448401953157,1901000.0,0.0003131670984688646,0.06475096779170597,7970.299564758796
