cur_n,cur_mean,cur_std,cur_S,next_n,next_mean,next_std,next_S
9551000.0,-0.02347663139573167,0.0743665873934666,52820.74840057406,9551000.0,-0.02343155598398765,0.07078873773119734,47860.4945158427
9551000.0,-0.024643326712489075,0.08412389673243163,67590.8033438377,9551000.0,-0.024609822789424463,0.07880621239778306,59315.712943339415
9551000.0,-0.03367693872748062,0.12475308536428766,148645.3868728412,9551000.0,-0.033595659891827064,0.11760610201619306,132101.7456555141
9551000.0,0.03249673870473471,0.1381949053388786,182403.3921103481,9551000.0,0.03271952167969137,0.12743116497268936,155095.84095194045
9551000.0,0.032249138455172285,0.14605586113630328,203744.93647972317,9551000.0,0.03248302688365666,0.13235886655349788,167322.72312292492
9551000.0,0.04858404122913617,0.21304002191832547,433482.1725180127,9551000.0,0.048925186184535556,0.19307695591181764,356048.96784576564
