cur_n,cur_mean,cur_std,cur_S,next_n,next_mean,next_std,next_S
301000.0,-0.012785482696691823,0.12708600746352638,4861.406841198866,301000.0,-0.01727210517020429,0.13171767736632736,5222.213505764753
301000.0,-0.008509921958486884,0.2041570731036337,12545.713259970975,301000.0,-0.011142906571675699,0.20004954232535835,12045.965634760187
301000.0,0.0002977218765556579,0.024183211361108674,176.03314123255274,301000.0,0.0002976369952666194,0.023061721560588156,160.08474340276706
301000.0,0.0006195326819592217,0.3537263230354063,37661.81579405273,301000.0,0.003427191929740939,0.35588939137312764,38123.8349264725
301000.0,-0.00332349257090926,0.48741352345763184,71509.1547976644,301000.0,-0.004878174935036653,0.4804524149453805,69481.19143108127
301000.0,-0.00019321758430638597,0.08680679902743407,2268.161527574188,301000.0,0.00018385555751713748,0.08641536861994013,2247.75239604976
