cur_n,cur_mean,cur_std,cur_S,next_n,next_mean,next_std,next_S
251000.0,-0.01315555583889019,0.12861627314411642,4152.078575087972,251000.0,-0.0176442456699126,0.13333915851609796,4462.612129639057
251000.0,-0.008963439662396148,0.20558449228084966,10608.510850060058,251000.0,-0.01159292330521834,0.20149008618408953,10190.16196244843
251000.0,0.00036719555201627455,0.024079134890357044,145.53098900407048,251000.0,0.0003606697178850475,0.022980280640426527,132.5514178765033
251000.0,0.0005152467337498246,0.3583551833887626,32233.027802860015,251000.0,0.0033247592036773715,0.3605831739084139,32635.07655177222
251000.0,-0.0031488601365299864,0.48747858237653074,59646.47743723386,251000.0,-0.004702722039590744,0.48051412680014677,57954.35033968139
251000.0,-0.0005152835444398359,0.08600458266545408,1856.59384810419,251000.0,-0.00013819885744830257,0.08561189449836573,1839.6785163794257
