cur_n,cur_mean,cur_std,cur_S,next_n,next_mean,next_std,next_S
21651000.0,-0.023275758318702978,0.07344427248937042,116786.81820748262,21651000.0,-0.023231200659225217,0.07004349078438368,106221.76760792447
21651000.0,-0.023753355176263972,0.08137586483486879,143373.60135691203,21651000.0,-0.023719272341127987,0.07646868248920323,126603.3435047902
21651000.0,-0.03310337536583322,0.12213113001782766,322946.59571861196,21651000.0,-0.03302428095639878,0.11548813542156529,288770.4165206164
21651000.0,0.03231929004348963,0.13485017677561564,393714.1288895566,21651000.0,0.03253748943257347,0.12415815143600671,333755.503443906
21651000.0,0.03223375923955734,0.1411323584259582,431252.0355215982,21651000.0,0.03246019468617109,0.1278885695438019,354112.6321483507
21651000.0,0.048881544357668234,0.20746746070609143,931918.5207494491,21651000.0,0.04922082635708003,0.1881547081318775,766492.9064551493
