cur_n,cur_mean,cur_std,cur_S,next_n,next_mean,next_std,next_S
23351000.0,-0.023242061653841947,0.0733173838174373,125521.87071438013,23351000.0,-0.023196489578595866,0.06993402609215296,114204.32369544817
23351000.0,-0.02371902779968803,0.08116958679376975,153848.1060051556,23351000.0,-0.02368337446264014,0.07630967016540831,135976.7436793528
23351000.0,-0.03308712904051295,0.12197021232527569,347386.5851533053,23351000.0,-0.03300746858279911,0.1153629150741994,310769.16937481
23351000.0,0.03222488384802923,0.13435129439686885,421491.8619180709,23351000.0,0.03244302157394409,0.1236639791447527,357101.6996600258
23351000.0,0.03225549367939782,0.14072163499557852,462410.01185715897,23351000.0,0.032480671711304254,0.1275168036351402,379699.75767289905
23351000.0,0.04887573056973087,0.20695603302789495,1000142.0016147239,23351000.0,0.049214505615504674,0.18765651288564958,822304.6904100144
