cur_n,cur_mean,cur_std,cur_S,next_n,next_mean,next_std,next_S
17701000.0,-0.023454188436338883,0.07381530748215887,96447.43195035485,17701000.0,-0.02341052983997199,0.07036546949439605,87642.94885914918
17701000.0,-0.024018839472200338,0.08213592020350173,119416.42247125297,17701000.0,-0.02398781773380058,0.07708606820987059,105183.97810531779
17701000.0,-0.03326562834362057,0.1228332653885319,267072.8842334543,17701000.0,-0.033187628225720404,0.11601516139741924,238246.92234869953
17701000.0,0.03240616427285084,0.13558331526458392,325394.5690283774,17701000.0,0.032624642159163546,0.12483711263658688,275857.7773431773
17701000.0,0.03216260960797314,0.14211870751025654,357519.96605865384,17701000.0,0.032392367083943316,0.12866717257356602,293044.32621724013
17701000.0,0.04870392848921265,0.2084386824210898,769049.7593154161,17701000.0,0.04904561230374481,0.18883162083846355,631171.3015851469
