cur_n,cur_mean,cur_std,cur_S,next_n,next_mean,next_std,next_S
3201000.0,-0.02484631890567899,0.07841067625503834,19680.49751662256,3201000.0,-0.024812060097320225,0.07455841022269273,17794.219868327997
3201000.0,-0.026945729321486058,0.0906809448772747,26321.931078036894,3201000.0,-0.026923230047847305,0.08485263909244395,23047.105125409103
3201000.0,-0.036156906400417105,0.13161614172603375,55450.31084987455,3201000.0,-0.03610003557782115,0.12408963179188519,49289.75573510431
3201000.0,0.032419087608629035,0.14280366787773907,65277.63307743328,3201000.0,0.032624033267492566,0.1317479863258995,55561.45961487503
3201000.0,0.03222156305468693,0.1544406997169246,76350.02706269953,3201000.0,0.03244733155801815,0.1401242073430054,62850.973940701326
3201000.0,0.049144727316129226,0.22331289331557538,159629.54327543633,3201000.0,0.04948424729576741,0.20290263212291812,131783.49946982876
