cur_n,cur_mean,cur_std,cur_S,next_n,next_mean,next_std,next_S
9251000.0,-0.023486076694021904,0.07441320897667911,51225.79977508419,9251000.0,-0.023441345523613263,0.07083450556514159,46417.14392976586
9251000.0,-0.02470840614701771,0.08434260825859867,65808.61267830466,9251000.0,-0.02467544398700596,0.0790078049844896,57746.899781569504
9251000.0,-0.03369748287028857,0.12482636989132975,144145.5908599057,9251000.0,-0.03361500316284741,0.11767368742981314,128099.49169500994
9251000.0,0.03248687080100249,0.13825959859733408,176839.49430634177,9251000.0,0.032710368937195075,0.1275093002317086,150408.50884326058
9251000.0,0.03227613176076911,0.146399402319588,198274.694030676,9251000.0,0.03250987885127769,0.1326644280267023,162816.21663924537
9251000.0,0.048555654023149056,0.21316601611617314,420363.1311987023,9251000.0,0.04889824581379993,0.1932044031540096,345320.78587379603
