cur_n,cur_mean,cur_std,cur_S,next_n,next_mean,next_std,next_S
15651000.0,-0.023477846165022066,0.07387461694533921,85414.69126007121,15651000.0,-0.02343395134096979,0.07039435763024691,77556.42678922652
15651000.0,-0.024216701887027396,0.08262763512070292,106854.48056635194,15651000.0,-0.024183284089031715,0.0775015688971167,94007.62478388383
15651000.0,-0.033436233592196295,0.12348765174627496,238665.2312942491,15651000.0,-0.0333619080225296,0.11654542487014798,212584.96714631392
15651000.0,0.03236870732181104,0.1359271001782218,289170.63938532723,15651000.0,0.03258948355711168,0.1251479085658109,245125.94663692467
15651000.0,0.032196593903737615,0.14296716006229052,319900.31820958504,15651000.0,0.032428819249411545,0.12941382681061878,262121.98655545202
15651000.0,0.048645911461215365,0.20942152198847033,686411.7584701612,15651000.0,0.048996105193849594,0.18965892958432126,562974.4452968249
