cur_n,cur_mean,cur_std,cur_S,next_n,next_mean,next_std,next_S
32351000.0,-0.02349922263932275,0.07352480459793244,174886.17032605133,32351000.0,-0.02345601052111753,0.07017226123066687,159301.05521162343
32351000.0,-0.023774560792576404,0.08034635176184371,208843.0529467583,32351000.0,-0.023736940916397952,0.0756869181730412,185323.01350451328
32351000.0,-0.032999672785836265,0.12124821584062231,475596.2516005238,32351000.0,-0.03291605034687611,0.1148584609564566,426789.469289851
32351000.0,0.03220109590090249,0.13331354398478262,574958.180167476,32351000.0,0.03242016131369295,0.12255701625894862,485919.20950171625
32351000.0,0.03228318082050787,0.13885929157248306,623788.8392948399,32351000.0,0.03250456601694167,0.12585162534429198,512395.57094983285
32351000.0,0.04883320737967114,0.20466105412678293,1355058.7440649273,32351000.0,0.0491808802178515,0.18551175077457857,1113347.037610462
