cur_n,cur_mean,cur_std,cur_S,next_n,next_mean,next_std,next_S
8851000.0,-0.003580546049753163,0.08237833031157436,60064.56153787216,8851000.0,-0.008107720017372538,0.08642132388501192,66104.9788602595
8851000.0,-0.023006466222438775,0.15673841190139745,217441.8953533087,8851000.0,-0.02561642755039149,0.15215399381565045,204908.0656692031
8851000.0,-2.238851333032921e-05,0.022033224722426782,4296.832939261954,8851000.0,-2.049157127320274e-05,0.02080002909241142,3829.3073518799238
8851000.0,-0.0013995520705977391,0.22907822515771467,464472.45101970766,8851000.0,0.0013915163451869784,0.23096570401347505,472157.9795658259
8851000.0,-0.0021693906852266235,0.4400461578651374,1713913.1369300962,8851000.0,-0.003729821120584765,0.4327425255971322,1657492.1932160943
8851000.0,-9.414373567324348e-05,0.08609033976275977,65599.59896073712,8851000.0,0.0002828535570223179,0.08569254761945169,64994.77576269868
