cur_n,cur_mean,cur_std,cur_S,next_n,next_mean,next_std,next_S
31201000.0,-0.023497523418548927,0.07354224063335718,168749.39657124528,31201000.0,-0.023453609632028218,0.07018783662380458,153706.49752222231
31201000.0,-0.023770962408227368,0.08042743930671285,201825.9459681648,31201000.0,-0.023732952160750897,0.07575718283986115,179067.242607915
31201000.0,-0.03308706714248867,0.12147237289615129,460387.52170045185,31201000.0,-0.033002847679835016,0.11505719580056459,413043.7772895766
31201000.0,0.03219799440975539,0.1333346807681472,554695.6555180596,31201000.0,0.03241635854608675,0.12257242666697178,468763.8171055205
31201000.0,0.03227130247901604,0.13893820701080367,602298.6552875278,31201000.0,0.03249464248849698,0.12591629318279374,494689.13704642124
31201000.0,0.04885895692574238,0.20488784584747105,1309787.6955611084,31201000.0,0.04920540778945303,0.1856937506227422,1075878.155603665
