cur_n,cur_mean,cur_std,cur_S,next_n,next_mean,next_std,next_S
30101000.0,-0.023465626152805272,0.0735062735087286,162640.8877509596,30101000.0,-0.023422379806636404,0.07014817607390551,148119.99562212554
30101000.0,-0.02376106467054762,0.08049890495374998,195056.69840616026,30101000.0,-0.023723309822293072,0.07580800994385252,172986.06344095367
30101000.0,-0.033106332745485086,0.1215262662919915,444550.63393944694,30101000.0,-0.033021312400446,0.11508588920227118,398680.57775556436
30101000.0,0.03218895212072343,0.13340038510059976,535667.2442868934,30101000.0,0.03240879053334619,0.12263446310693837,452695.3066115051
30101000.0,0.03227058032227629,0.13910004171856222,582418.8791653891,30101000.0,0.03249452983087595,0.12605500930092223,478300.837498023
30101000.0,0.048840089649675754,0.20503553358601997,1265433.0975604411,30101000.0,0.049186558228583574,0.18581867079944644,1039344.7389503764
