cur_n,cur_mean,cur_std,cur_S,next_n,next_mean,next_std,next_S
151000.0,-0.0011346556289379146,0.11555441177593971,2016.2761342133988,151000.0,-0.0006164664736079215,0.11621775011912877,2039.4913818555908
151000.0,0.004024158016065476,0.12043833499539917,2190.3142730060626,151000.0,0.004616643542375219,0.12037419639738559,2187.98202090577
151000.0,0.0031922127379431604,0.04668840757968244,329.1509177513089,151000.0,0.0034852109542898822,0.04512210364284552,307.4366398105095
151000.0,0.0019376489357644906,0.21003724770244997,6661.462458785469,151000.0,0.002004501513440072,0.20643545781828823,6434.9553349415855
151000.0,-0.0005915909689005603,0.24353205121753474,8955.486855503214,151000.0,-0.0005658757961834322,0.24018517191528732,8711.026438004395
151000.0,0.0016479306687609586,0.06701606627855511,678.1641240572054,151000.0,0.0016779622774530723,0.06343906048780977,607.7016737319741
