cur_n,cur_mean,cur_std,cur_S,next_n,next_mean,next_std,next_S
901000.0,-0.012582980061418558,0.1580695660446192,22512.37492629034,901000.0,-0.011942552964606463,0.15959562221957344,22949.157131119176
901000.0,-0.008614481494797715,0.1589933843014161,22776.285522707625,901000.0,-0.00801951326670112,0.15984760321054303,23021.681883191843
901000.0,0.00023321322072864518,0.07383929182364382,4912.469156332527,901000.0,0.0004992995963724535,0.07429629948276308,4973.466045266011
901000.0,0.007559398158565902,0.21531332622523044,41770.20543360543,901000.0,0.00757609983983101,0.21197520478851906,40485.072188066275
901000.0,0.0015461187455941027,0.26726232359545443,64357.66380189091,901000.0,0.0016291867695675548,0.2644714084082276,63020.55840475378
901000.0,0.0011447028883899042,0.07086158407944004,4524.249052521043,901000.0,0.0011347149122684936,0.068623090273942,4242.924795389779
