cur_n,cur_mean,cur_std,cur_S,next_n,next_mean,next_std,next_S
7901000.0,-0.023761964794107197,0.07511352040234187,44577.76552408816,7901000.0,-0.0237198714225178,0.07151500931600044,40408.84720055174
7901000.0,-0.025007758706703864,0.08509689847267067,57214.95030650703,7901000.0,-0.024977109854100357,0.07971298154023743,50204.213625096476
7901000.0,-0.03411740772703494,0.12591791198246438,125272.88772894484,7901000.0,-0.03403895902963314,0.11872658363881568,111372.50913576563
7901000.0,0.032688975269549767,0.13903008228520117,152721.3032275957,7901000.0,0.03290522606164087,0.12821345752831337,129882.09515247184
7901000.0,0.03226262291185517,0.14709987459041457,170964.78589877847,7901000.0,0.03250099643734004,0.13328809961798918,140366.93396572233
7901000.0,0.048660774727431085,0.21423535996437806,362630.53351608553,7901000.0,0.04901072447677171,0.1942107562779969,298008.478865019
