cur_n,cur_mean,cur_std,cur_S,next_n,next_mean,next_std,next_S
201000.0,-0.0013705957371427586,0.1141737856175721,2620.1663177717105,201000.0,-0.000849929167878593,0.1150913439650597,2662.44950859242
201000.0,0.0036020468274278452,0.11845355597217669,2820.280229413173,201000.0,0.004198788929244489,0.11860551097621559,2827.520714019769
201000.0,0.0035420144475803617,0.04661215044233489,436.711206340631,201000.0,0.003859347700189154,0.045004593986636206,407.1081094602963
201000.0,0.0032828706414559376,0.20204633518342047,8205.36703377127,201000.0,0.0033130133284258404,0.1985617494951592,7924.780440878249
201000.0,-0.000136610190594109,0.23817648444270664,11402.335586038862,201000.0,-0.0001332194797589842,0.23491653134143847,11092.341116196103
201000.0,0.0013965320456819702,0.06689876171060373,899.5643080008399,201000.0,0.0014227449160275775,0.06330444090377933,805.4978998661581
