cur_n,cur_mean,cur_std,cur_S,next_n,next_mean,next_std,next_S
7151000.0,-0.0037457210006991946,0.0832476950086705,49557.708057159114,7151000.0,-0.008273063150732696,0.08727463184957365,54468.17561738658
7151000.0,-0.02271219612160161,0.15739900707120547,177162.07355048694,7151000.0,-0.025322868597308715,0.1528229873266257,167010.64287180852
7151000.0,-7.931496218575779e-06,0.022105064617738434,3494.220888425654,7151000.0,-7.29682653650256e-06,0.020880946435834373,3117.9355709257734
7151000.0,-0.0014080505217600359,0.2310456282228409,381735.2706766644,7151000.0,0.0013832148070461062,0.23293563587403623,388006.18379975745
7151000.0,-0.002204969460757054,0.44052673168430556,1387750.24329979,7151000.0,-0.0037653668496602454,0.43322469178612744,1342125.6636818466
7151000.0,-0.0001572587558997203,0.08597670336275705,52860.1456695829,7151000.0,0.00021973947264378434,0.08557886515954181,52372.08020042653
