cur_n,cur_mean,cur_std,cur_S,next_n,next_mean,next_std,next_S
32851000.0,-0.023490887172882623,0.07348812082975392,177411.95372036073,32851000.0,-0.02344753879585827,0.07013645969028946,161598.10894658553
32851000.0,-0.02377761171042045,0.08033040140999113,211986.62885756724,32851000.0,-0.023739663929112226,0.07567639788799538,188134.95684857428
32851000.0,-0.03295928405870401,0.12116493726276391,482283.6263610924,32851000.0,-0.03287643235055975,0.11478906433460935,432862.1637325663
32851000.0,0.03219593558955986,0.13327569674345924,583512.975010973,32851000.0,0.032414111547392176,0.12252157316724792,493143.96556763514
32851000.0,0.03229908328407205,0.13887644155556178,633586.2653946159,32851000.0,0.03252071377380478,0.12587601472873938,520516.5748801493
32851000.0,0.04882674416675891,0.20460532005025303,1375252.4835526564,32851000.0,0.04917451736368072,0.18548188794673204,1130190.3888746877
