cur_n,cur_mean,cur_std,cur_S,next_n,next_mean,next_std,next_S
9901000.0,-0.0035038775417926436,0.08190425050513958,66418.94018925652,9901000.0,-0.008031451563180787,0.08595399256894322,73149.46759040382
9901000.0,-0.023092895861060694,0.15628561562804244,241833.84235079086,9901000.0,-0.02570370501517764,0.15170448651901372,227864.10142820643
9901000.0,-2.246099950949064e-05,0.021994276521413256,4789.590925233565,9901000.0,-2.083394267823358e-05,0.020758749954629625,4266.59535252015
9901000.0,-0.0014195241161588038,0.2278001731432004,513791.78987119766,9901000.0,0.0013714713467365852,0.22969111723412172,522357.05043830076
9901000.0,-0.0022117541663782335,0.4396839139408719,1914080.5693099822,9901000.0,-0.003772228584245298,0.4323812012450391,1851026.6350852097
9901000.0,-0.00010763844303708991,0.08609853608812883,73395.69633145287,9901000.0,0.00026935841471760876,0.08570086031839437,72719.25548465745
