cur_n,cur_mean,cur_std,cur_S,next_n,next_mean,next_std,next_S
6001000.0,-0.0038856317561972503,0.08403909936002858,42382.48389768979,6001000.0,-0.008412216757670243,0.08807344524074251,46549.34747120099
6001000.0,-0.022503374988220175,0.15829268223240273,150364.4960632189,6001000.0,-0.02511315370592779,0.15371223696919364,141788.33821623534
6001000.0,-1.670188560038084e-05,0.022229613057361836,2965.428335776871,6001000.0,-1.4085451110103531e-05,0.02100678414319906,2648.1511652137956
6001000.0,-0.001370288642011645,0.23300471762260136,325801.48180476355,6001000.0,0.001421175052725847,0.2348975735724112,331116.3972913082
6001000.0,-0.0021603182046709283,0.4413320123396269,1168838.4446395831,6001000.0,-0.003720645790917245,0.4340299636242336,1130480.4379512446
6001000.0,-5.8168026829845904e-05,0.0860827770266692,44468.8772482401,6001000.0,0.00031883131389344937,0.08568478579418468,44058.636982088465
