cur_n,cur_mean,cur_std,cur_S,next_n,next_mean,next_std,next_S
7751000.0,-0.0036463983390330927,0.0827903842844024,53127.2741549124,7751000.0,-0.008174111916521896,0.08682645279877377,58433.493851442705
7751000.0,-0.0228286671628394,0.15708901980195905,191271.11806327954,7751000.0,-0.02543931769926912,0.15251140300137686,180286.1520802704
7751000.0,-9.611544032539899e-06,0.022077233734045534,3777.870336693853,7751000.0,-9.089943560146796e-06,0.020849998119469727,3369.5334896812387
7751000.0,-0.001426581555182652,0.23005639833830166,410229.0106734492,7751000.0,0.0013645828501694624,0.2319482051759236,417003.56657346006
7751000.0,-0.0022038652347108113,0.4402206380179921,1502098.9227716392,7751000.0,-0.0037642691074190205,0.4329173227371426,1452672.3319340146
7751000.0,-0.0001629124394401548,0.0860277067093797,57363.33975930333,7751000.0,0.000214085399204389,0.08563012353143105,56834.34745211911
