cur_n,cur_mean,cur_std,cur_S,next_n,next_mean,next_std,next_S
12501000.0,-0.023432855983254734,0.07404458834821094,68537.99589676385,12501000.0,-0.023390814378601896,0.07052993239317377,62185.866513684174
12501000.0,-0.02443162953029691,0.083333754936811,86813.37841306778,12501000.0,-0.02439804548902651,0.07810557623446127,76262.11346750442
12501000.0,-0.03358076657810373,0.12419614092298506,192823.9424334447,12501000.0,-0.033504875274571,0.11712004349952175,171477.52447121267
12501000.0,0.03239613757537368,0.13692912816587338,234388.5763394675,12501000.0,0.032615342736824406,0.12617009178224642,199002.06964631643
12501000.0,0.032239650948922845,0.14447943243407996,260949.70426231995,12501000.0,0.032476783149698686,0.13080781278810544,213900.6592639869
12501000.0,0.04852025946058021,0.21107587628828858,556957.3724114122,12501000.0,0.04887241249937286,0.19112720873932457,456656.6536159873
