cur_n,cur_mean,cur_std,cur_S,next_n,next_mean,next_std,next_S
11951000.0,-0.023438046841430377,0.07408173883039389,65588.33124023766,11951000.0,-0.023395492765043994,0.07056590963552371,59510.573399735025
11951000.0,-0.024486702118611,0.08351961953457805,83364.52135089523,11951000.0,-0.0244514600737707,0.07828488773531007,73241.98611402244
11951000.0,-0.03364374014260732,0.12436652303625115,184846.50005496247,11951000.0,-0.03356441013495036,0.11727456629661552,164365.97392960833
11951000.0,0.03241700253751274,0.13709830523726707,224630.34226752262,11951000.0,0.03263542484878694,0.1263557291385676,190806.9206896479
11951000.0,0.03227718075714805,0.14479571156354276,250562.25294003965,11951000.0,0.03251322783987471,0.13113845372615227,205524.86113999557
11951000.0,0.048566764841543965,0.21147166663995698,534451.8964739906,11951000.0,0.04891849840462112,0.19150839678263457,438308.4946231854
