cur_n,cur_mean,cur_std,cur_S,next_n,next_mean,next_std,next_S
19151000.0,-0.023371619300591978,0.07366890926619975,103934.54899402306,19151000.0,-0.023328972909509343,0.07023587944732139,94473.39136605711
19151000.0,-0.023906671668901522,0.08189923487769281,128455.03898318467,19151000.0,-0.023874539928047982,0.07689723958959807,113243.41467743245
19151000.0,-0.03318309884724865,0.12251128432983457,287437.6422077758,19151000.0,-0.03310237424302617,0.11576637700178283,256658.9067989213
19151000.0,0.03239471554993515,0.135385768723066,351024.54634425795,19151000.0,0.03261416004808736,0.12466513657688308,297633.28011486295
19151000.0,0.03222786721960256,0.14191258810494112,385685.4871722698,19151000.0,0.03245539587205043,0.12852469991094803,316347.67962835275
19151000.0,0.04880676950057352,0.20817746412856172,829963.2911911942,19151000.0,0.04914767839075614,0.1886789441839734,681770.6969299352
