cur_n,cur_mean,cur_std,cur_S,next_n,next_mean,next_std,next_S
22151000.0,-0.02326364011609097,0.07340452171133043,119354.54556368002,22151000.0,-0.023219001858173407,0.07001064344684282,108572.90932807303
22151000.0,-0.023744025095319695,0.08130017722592309,146411.88151462498,22151000.0,-0.02371014684212018,0.07640849538009839,129323.25664061522
22151000.0,-0.033088441666761975,0.12204457813675892,329936.4658936875,22151000.0,-0.03300860702946547,0.11541405470396077,295060.2695180992
22151000.0,0.03229447036923747,0.13470090356350967,401915.1296047152,22151000.0,0.03251223166727834,0.12401194233318319,340659.3837455011
22151000.0,0.03224623379750188,0.14098390683373055,440283.5094541458,22151000.0,0.032471202797877276,0.12775950175810957,361559.4824022804
22151000.0,0.04886421528514866,0.20725298551842217,951469.6239395359,22151000.0,0.04920418353959157,0.18795233073658282,782507.9677179302
