cur_n,cur_mean,cur_std,cur_S,next_n,next_mean,next_std,next_S
24751000.0,-0.023262937332271107,0.07335703527255223,133191.43319809117,24751000.0,-0.02321815384154499,0.06997944192764777,121208.67386179189
24751000.0,-0.02369324457404908,0.080997747178949,162382.27807465536,24751000.0,-0.023656038828916745,0.07617963475987281,143638.3879524058
24751000.0,-0.03301846370267703,0.12170164893643105,366594.27229905,24751000.0,-0.03293908250993394,0.11512894718671367,328066.44806242763
24751000.0,0.032229275349204,0.1342432246622689,446043.79459454666,24751000.0,0.03244932831713473,0.123537603124755,377738.3613381703
24751000.0,0.03229028320813744,0.14044069442422055,488178.5426849935,24751000.0,0.032514445965786114,0.12728103270221316,400977.6172833968
24751000.0,0.048784020365535266,0.20636207642264742,1054028.9232968832,24751000.0,0.04912495649196091,0.18710459911408633,866486.2506196729
