cur_n,cur_mean,cur_std,cur_S,next_n,next_mean,next_std,next_S
19351000.0,-0.023356631553652158,0.0736384870179799,104933.250632021,19351000.0,-0.023313473307724045,0.07020891925875766,95386.73613873475
19351000.0,-0.02389169663419622,0.0818461408597741,129628.3002606686,19351000.0,-0.023859288697897694,0.07685072415832457,114287.66013460323
19351000.0,-0.03314923010743255,0.12240332248534626,289927.7770013453,19351000.0,-0.033067477854157694,0.11567347990163213,258923.22933585875
19351000.0,0.03238255026556959,0.1353353589997933,354426.3249643123,19351000.0,0.03260256852143367,0.12461974235550494,300522.5816551443
19351000.0,0.0322319423404257,0.14185077239885774,389373.8871850818,19351000.0,0.032460338236585416,0.1284724889658885,319391.7463285192
19351000.0,0.04878442555418389,0.2080135953562475,837311.1104120354,19351000.0,0.049122969284174055,0.1885495422070823,687946.0438466475
