cur_n,cur_mean,cur_std,cur_S,next_n,next_mean,next_std,next_S
7401000.0,-0.003712478591103827,0.08312528454571054,51139.52550089034,7401000.0,-0.00824011040700708,0.08715204823240653,56214.143861678596
7401000.0,-0.022779705468893977,0.15725091747925699,183010.82560675195,7401000.0,-0.025390222163057623,0.15267330500689935,172510.93079486163
7401000.0,-4.005613960285286e-06,0.022087996134142925,3610.7967214153764,7401000.0,-4.057157434770687e-06,0.020863536169419324,3221.560134187239
7401000.0,-0.0014225201709530488,0.23078552478276967,394191.75448296143,7401000.0,0.0013687040448493544,0.2326759669262567,400676.11943509197
7401000.0,-0.0021971686361454182,0.44036679574047655,1435223.4923662266,7401000.0,-0.0037575859741238097,0.4330636144596805,1388013.8409439016
7401000.0,-0.00019157005633252592,0.08598270149152297,54715.77769773034,7401000.0,0.00018542769127601218,0.08558512176264864,54210.94150980985
