cur_n,cur_mean,cur_std,cur_S,next_n,next_mean,next_std,next_S
27301000.0,-0.023376242205634414,0.0734771067054008,147394.96511266392,27301000.0,-0.023332597374306274,0.07010883792645689,134191.21719152626
27301000.0,-0.023688444384520498,0.0806674968721334,177654.2971541589,27301000.0,-0.023651936333015492,0.07591549756129273,157340.10678318696
27301000.0,-0.03301840061617945,0.12155048859496757,403359.2054018145,27301000.0,-0.0329356048934785,0.11504096090749431,361312.9737646725
27301000.0,0.0322303729272919,0.1338663342773573,489239.25605845347,27301000.0,0.032447866401953365,0.12312650350482661,413886.8692592127
27301000.0,0.032249901381612794,0.13963500752368366,532313.1323389261,27301000.0,0.03247415329310066,0.12653576490635804,437124.4958517336
27301000.0,0.04873567033865345,0.20552194903168752,1153174.352143825,27301000.0,0.049075223981594585,0.18627832959501076,947334.2185101905
