cur_n,cur_mean,cur_std,cur_S,next_n,next_mean,next_std,next_S
9101000.0,-0.023479064131678454,0.07438979414543657,50363.49124577691,9101000.0,-0.023434894277115745,0.07081192852198327,45635.410240343466
9101000.0,-0.024726429362237696,0.08438526790897682,64807.069178075195,9101000.0,-0.024692679427401363,0.07904651141713613,56866.24215266406
9101000.0,-0.033701336000207235,0.12484745895067653,141856.26774661828,9101000.0,-0.03361959629725366,0.11768891704953963,126055.04956746641
9101000.0,0.032448146085238966,0.13818472475599844,173783.76023676438,9101000.0,0.032672167887556,0.1274338160017191,147794.5742703768
9101000.0,0.03225312200647455,0.14642346136936932,195123.8931884628,9101000.0,0.03248769744232248,0.13268438490061948,160224.43371374367
9101000.0,0.04850836801659072,0.21317373654551794,413577.1248122316,9101000.0,0.0488536726018539,0.19319864195442948,339701.3345178792
