cur_n,cur_mean,cur_std,cur_S,next_n,next_mean,next_std,next_S
10801000.0,-0.02340922409062749,0.07410767221898223,59318.520429615724,10801000.0,-0.023366909249902767,0.07055946689196393,53774.27301361215
10801000.0,-0.02452326052657426,0.08377539608368624,75804.8417979569,10801000.0,-0.0244876493938789,0.07851092959724251,66576.99748127647
10801000.0,-0.03367500066804206,0.12467756815067162,167896.1012956259,10801000.0,-0.033596338062391824,0.11755531845524352,149261.75054172525
10801000.0,0.03243734629063707,0.1376343783427118,204605.741921377,10801000.0,0.032657431212819776,0.12687552875052788,173868.01519363682
10801000.0,0.03229547445623192,0.1454955301490382,228645.82131746993,10801000.0,0.032529099106827344,0.1318493684359994,187767.34859125363
10801000.0,0.04866606026688727,0.21259250969790783,488157.407515454,10801000.0,0.049012321397891224,0.1926187521448986,400738.52570454293
